{
  "type": "FeatureCollection",
  "crs": {
    "type": "name",
    "properties": {
      "name": "urn:ogc:def:crs:OGC:1.3:CRS84"
    }
  },
  "features": [
    {
      "type": "Feature",
      "properties": {
        "district": "Aizawl",
        "state": "Mizoram",
        "country": "India",
        "state_iso": "IN-MZ",
        "area_sqkm": 2612.52,
        "perimeter_km": 373.01,
        "centroid_lon": 92.845192,
        "centroid_lat": 23.801188,
        "bbox": [
          92.60465,
          23.31733,
          93.04286,
          24.4103
        ],
        "crs": "EPSG:4326",
        "source": "LGD / geoBoundaries IND-ADM2 (Open Data Commons ODbL 1.0)"
      },
      "geometry": {
        "type": "Polygon",
        "coordinates": [
          [
            [
              92.89242,
              24.39274
            ],
            [
              92.89238,
              24.3927
            ],
            [
              92.89045,
              24.39098
            ],
            [
              92.88954,
              24.39052
            ],
            [
              92.88916,
              24.39032
            ],
            [
              92.88865,
              24.39011
            ],
            [
              92.88845,
              24.39003
            ],
            [
              92.88741,
              24.38926
            ],
            [
              92.88678,
              24.38722
            ],
            [
              92.88651,
              24.38635
            ],
            [
              92.88651,
              24.38548
            ],
            [
              92.88651,
              24.3844
            ],
            [
              92.8869,
              24.38316
            ],
            [
              92.88794,
              24.38298
            ],
            [
              92.8902,
              24.3834
            ],
            [
              92.89136,
              24.38417
            ],
            [
              92.89205,
              24.38428
            ],
            [
              92.89239,
              24.38434
            ],
            [
              92.89401,
              24.38441
            ],
            [
              92.89446,
              24.38411
            ],
            [
              92.89524,
              24.38299
            ],
            [
              92.89615,
              24.38043
            ],
            [
              92.89641,
              24.37883
            ],
            [
              92.89634,
              24.37789
            ],
            [
              92.89628,
              24.377
            ],
            [
              92.89563,
              24.37617
            ],
            [
              92.89541,
              24.3759
            ],
            [
              92.89525,
              24.3757
            ],
            [
              92.89492,
              24.37534
            ],
            [
              92.89382,
              24.37475
            ],
            [
              92.89202,
              24.37457
            ],
            [
              92.89066,
              24.37413
            ],
            [
              92.88892,
              24.37357
            ],
            [
              92.88808,
              24.37256
            ],
            [
              92.88601,
              24.3694
            ],
            [
              92.88586,
              24.36907
            ],
            [
              92.8853,
              24.36786
            ],
            [
              92.8853,
              24.36697
            ],
            [
              92.8853,
              24.36603
            ],
            [
              92.88543,
              24.36532
            ],
            [
              92.88576,
              24.36372
            ],
            [
              92.88615,
              24.36277
            ],
            [
              92.88635,
              24.36243
            ],
            [
              92.88647,
              24.36224
            ],
            [
              92.88698,
              24.3623
            ],
            [
              92.88757,
              24.36236
            ],
            [
              92.88808,
              24.36243
            ],
            [
              92.88847,
              24.36248
            ],
            [
              92.88905,
              24.36236
            ],
            [
              92.88996,
              24.36124
            ],
            [
              92.89015,
              24.36053
            ],
            [
              92.89048,
              24.35929
            ],
            [
              92.89054,
              24.35816
            ],
            [
              92.89054,
              24.35745
            ],
            [
              92.89055,
              24.35674
            ],
            [
              92.89048,
              24.35592
            ],
            [
              92.89022,
              24.35515
            ],
            [
              92.88958,
              24.35367
            ],
            [
              92.88706,
              24.35163
            ],
            [
              92.88409,
              24.35044
            ],
            [
              92.88215,
              24.34943
            ],
            [
              92.88125,
              24.34884
            ],
            [
              92.8811,
              24.34867
            ],
            [
              92.88008,
              24.34748
            ],
            [
              92.87944,
              24.34636
            ],
            [
              92.87899,
              24.34559
            ],
            [
              92.87815,
              24.34429
            ],
            [
              92.87776,
              24.3434
            ],
            [
              92.87763,
              24.34239
            ],
            [
              92.87693,
              24.34025
            ],
            [
              92.87704,
              24.33922
            ],
            [
              92.87712,
              24.33842
            ],
            [
              92.87747,
              24.33713
            ],
            [
              92.87757,
              24.33676
            ],
            [
              92.87777,
              24.33546
            ],
            [
              92.87738,
              24.3341
            ],
            [
              92.8768,
              24.33327
            ],
            [
              92.87506,
              24.33173
            ],
            [
              92.87247,
              24.33006
            ],
            [
              92.87182,
              24.32935
            ],
            [
              92.87113,
              24.32867
            ],
            [
              92.87062,
              24.32832
            ],
            [
              92.86989,
              24.32823
            ],
            [
              92.86896,
              24.32872
            ],
            [
              92.86861,
              24.32913
            ],
            [
              92.86838,
              24.32932
            ],
            [
              92.86795,
              24.32968
            ],
            [
              92.86725,
              24.33003
            ],
            [
              92.86636,
              24.33032
            ],
            [
              92.8655,
              24.33026
            ],
            [
              92.86473,
              24.32994
            ],
            [
              92.86369,
              24.32951
            ],
            [
              92.86301,
              24.32905
            ],
            [
              92.86299,
              24.32904
            ],
            [
              92.86239,
              24.32869
            ],
            [
              92.86185,
              24.32825
            ],
            [
              92.8613,
              24.32783
            ],
            [
              92.86121,
              24.32776
            ],
            [
              92.8608,
              24.32738
            ],
            [
              92.86029,
              24.32671
            ],
            [
              92.85996,
              24.32468
            ],
            [
              92.85996,
              24.32347
            ],
            [
              92.85996,
              24.3234
            ],
            [
              92.85996,
              24.32244
            ],
            [
              92.86021,
              24.32171
            ],
            [
              92.86145,
              24.32087
            ],
            [
              92.8618,
              24.32079
            ],
            [
              92.8624,
              24.32065
            ],
            [
              92.86352,
              24.3208
            ],
            [
              92.86596,
              24.32289
            ],
            [
              92.86668,
              24.32333
            ],
            [
              92.86808,
              24.32359
            ],
            [
              92.86916,
              24.32373
            ],
            [
              92.87068,
              24.32227
            ],
            [
              92.871,
              24.32158
            ],
            [
              92.87132,
              24.32066
            ],
            [
              92.8714,
              24.32033
            ],
            [
              92.8714,
              24.3192
            ],
            [
              92.8714,
              24.31835
            ],
            [
              92.87112,
              24.3174
            ],
            [
              92.87076,
              24.31649
            ],
            [
              92.87044,
              24.31597
            ],
            [
              92.87016,
              24.3155
            ],
            [
              92.86969,
              24.31477
            ],
            [
              92.86921,
              24.31425
            ],
            [
              92.86769,
              24.31378
            ],
            [
              92.86721,
              24.31366
            ],
            [
              92.86641,
              24.31363
            ],
            [
              92.86509,
              24.31374
            ],
            [
              92.86413,
              24.3139
            ],
            [
              92.86269,
              24.31361
            ],
            [
              92.86225,
              24.31331
            ],
            [
              92.86129,
              24.31258
            ],
            [
              92.86061,
              24.31181
            ],
            [
              92.86001,
              24.31086
            ],
            [
              92.85938,
              24.3098
            ],
            [
              92.85886,
              24.30885
            ],
            [
              92.85881,
              24.30785
            ],
            [
              92.85878,
              24.30734
            ],
            [
              92.85882,
              24.30642
            ],
            [
              92.85898,
              24.3058
            ],
            [
              92.85934,
              24.30503
            ],
            [
              92.8601,
              24.30474
            ],
            [
              92.86114,
              24.3046
            ],
            [
              92.86201,
              24.3044
            ],
            [
              92.8621,
              24.30438
            ],
            [
              92.86322,
              24.30419
            ],
            [
              92.86454,
              24.3042
            ],
            [
              92.86506,
              24.30409
            ],
            [
              92.86566,
              24.30372
            ],
            [
              92.86646,
              24.30251
            ],
            [
              92.86682,
              24.30123
            ],
            [
              92.86735,
              24.29994
            ],
            [
              92.86879,
              24.29848
            ],
            [
              92.87023,
              24.29786
            ],
            [
              92.87238,
              24.29735
            ],
            [
              92.87278,
              24.29662
            ],
            [
              92.87294,
              24.2957
            ],
            [
              92.87291,
              24.29471
            ],
            [
              92.87255,
              24.29343
            ],
            [
              92.87111,
              24.29122
            ],
            [
              92.87087,
              24.29049
            ],
            [
              92.87083,
              24.28972
            ],
            [
              92.87083,
              24.28822
            ],
            [
              92.87084,
              24.28816
            ],
            [
              92.87104,
              24.28653
            ],
            [
              92.87153,
              24.28535
            ],
            [
              92.8716,
              24.28518
            ],
            [
              92.8718,
              24.28401
            ],
            [
              92.8718,
              24.28251
            ],
            [
              92.87176,
              24.28141
            ],
            [
              92.87184,
              24.28
            ],
            [
              92.87198,
              24.27766
            ],
            [
              92.87202,
              24.27705
            ],
            [
              92.87157,
              24.2756
            ],
            [
              92.87056,
              24.27297
            ],
            [
              92.87005,
              24.27193
            ],
            [
              92.86932,
              24.27049
            ],
            [
              92.8687,
              24.26966
            ],
            [
              92.86814,
              24.26899
            ],
            [
              92.86735,
              24.26827
            ],
            [
              92.86651,
              24.26728
            ],
            [
              92.8661,
              24.26701
            ],
            [
              92.86549,
              24.26661
            ],
            [
              92.86228,
              24.2652
            ],
            [
              92.86115,
              24.26463
            ],
            [
              92.86091,
              24.26442
            ],
            [
              92.86037,
              24.26396
            ],
            [
              92.85986,
              24.26324
            ],
            [
              92.85935,
              24.26205
            ],
            [
              92.8593,
              24.26045
            ],
            [
              92.85931,
              24.26026
            ],
            [
              92.85936,
              24.25869
            ],
            [
              92.85941,
              24.25786
            ],
            [
              92.85953,
              24.25599
            ],
            [
              92.86026,
              24.25455
            ],
            [
              92.86111,
              24.25362
            ],
            [
              92.86196,
              24.25285
            ],
            [
              92.86308,
              24.25207
            ],
            [
              92.86365,
              24.2513
            ],
            [
              92.86365,
              24.25032
            ],
            [
              92.86247,
              24.24565
            ],
            [
              92.86247,
              24.244
            ],
            [
              92.86247,
              24.24292
            ],
            [
              92.86247,
              24.24177
            ],
            [
              92.86247,
              24.24132
            ],
            [
              92.86242,
              24.24033
            ],
            [
              92.86242,
              24.23992
            ],
            [
              92.86219,
              24.23935
            ],
            [
              92.8618,
              24.23744
            ],
            [
              92.8618,
              24.23646
            ],
            [
              92.8622,
              24.23579
            ],
            [
              92.86276,
              24.23512
            ],
            [
              92.86338,
              24.2346
            ],
            [
              92.86457,
              24.23409
            ],
            [
              92.86566,
              24.23413
            ],
            [
              92.86752,
              24.23441
            ],
            [
              92.86935,
              24.23469
            ],
            [
              92.87037,
              24.23482
            ],
            [
              92.87131,
              24.23487
            ],
            [
              92.87226,
              24.23467
            ],
            [
              92.87315,
              24.23419
            ],
            [
              92.87412,
              24.23414
            ],
            [
              92.87497,
              24.23414
            ],
            [
              92.87679,
              24.23488
            ],
            [
              92.8769,
              24.23499
            ],
            [
              92.8785,
              24.23658
            ],
            [
              92.8798,
              24.23765
            ],
            [
              92.88105,
              24.23828
            ],
            [
              92.8826,
              24.23892
            ],
            [
              92.88377,
              24.23928
            ],
            [
              92.8853,
              24.23946
            ],
            [
              92.88591,
              24.23915
            ],
            [
              92.88598,
              24.23905
            ],
            [
              92.88649,
              24.23831
            ],
            [
              92.88727,
              24.23682
            ],
            [
              92.88794,
              24.2358
            ],
            [
              92.88888,
              24.23529
            ],
            [
              92.89043,
              24.23557
            ],
            [
              92.89151,
              24.23611
            ],
            [
              92.89271,
              24.23659
            ],
            [
              92.89387,
              24.23672
            ],
            [
              92.8947,
              24.23672
            ],
            [
              92.89559,
              24.23603
            ],
            [
              92.8962,
              24.23484
            ],
            [
              92.89626,
              24.2339
            ],
            [
              92.8967,
              24.23226
            ],
            [
              92.89747,
              24.23095
            ],
            [
              92.89869,
              24.22964
            ],
            [
              92.89963,
              24.22875
            ],
            [
              92.89984,
              24.22855
            ],
            [
              92.90005,
              24.22763
            ],
            [
              92.90008,
              24.227
            ],
            [
              92.90012,
              24.22635
            ],
            [
              92.90021,
              24.22552
            ],
            [
              92.90023,
              24.22533
            ],
            [
              92.90009,
              24.2236
            ],
            [
              92.89918,
              24.22133
            ],
            [
              92.89874,
              24.22023
            ],
            [
              92.8983,
              24.21927
            ],
            [
              92.89787,
              24.21867
            ],
            [
              92.89738,
              24.21818
            ],
            [
              92.89629,
              24.21742
            ],
            [
              92.8955,
              24.21698
            ],
            [
              92.89445,
              24.21641
            ],
            [
              92.89366,
              24.21569
            ],
            [
              92.89296,
              24.2148
            ],
            [
              92.89252,
              24.21396
            ],
            [
              92.89208,
              24.21259
            ],
            [
              92.89222,
              24.21091
            ],
            [
              92.89279,
              24.20704
            ],
            [
              92.89291,
              24.20487
            ],
            [
              92.89292,
              24.20475
            ],
            [
              92.89363,
              24.20314
            ],
            [
              92.89547,
              24.20052
            ],
            [
              92.896,
              24.19912
            ],
            [
              92.89652,
              24.19767
            ],
            [
              92.89657,
              24.19574
            ],
            [
              92.89552,
              24.1924
            ],
            [
              92.89526,
              24.19143
            ],
            [
              92.89508,
              24.19087
            ],
            [
              92.89477,
              24.19039
            ],
            [
              92.89416,
              24.18978
            ],
            [
              92.89357,
              24.18939
            ],
            [
              92.8932,
              24.18914
            ],
            [
              92.89263,
              24.18874
            ],
            [
              92.89232,
              24.18829
            ],
            [
              92.89153,
              24.18761
            ],
            [
              92.89096,
              24.18709
            ],
            [
              92.89044,
              24.18632
            ],
            [
              92.88956,
              24.18238
            ],
            [
              92.88939,
              24.17936
            ],
            [
              92.88874,
              24.17441
            ],
            [
              92.88874,
              24.1725
            ],
            [
              92.88874,
              24.17236
            ],
            [
              92.88874,
              24.17151
            ],
            [
              92.88808,
              24.16789
            ],
            [
              92.88708,
              24.16455
            ],
            [
              92.8852,
              24.16169
            ],
            [
              92.8835,
              24.15863
            ],
            [
              92.88291,
              24.15787
            ],
            [
              92.88222,
              24.1573
            ],
            [
              92.88119,
              24.15651
            ],
            [
              92.8804,
              24.15609
            ],
            [
              92.8795,
              24.15543
            ],
            [
              92.8783,
              24.15391
            ],
            [
              92.87564,
              24.14864
            ],
            [
              92.87492,
              24.14712
            ],
            [
              92.87432,
              24.14586
            ],
            [
              92.87416,
              24.1456
            ],
            [
              92.87382,
              24.14505
            ],
            [
              92.87378,
              24.14416
            ],
            [
              92.87377,
              24.14394
            ],
            [
              92.87375,
              24.14383
            ],
            [
              92.8736,
              24.14296
            ],
            [
              92.873,
              24.13954
            ],
            [
              92.87207,
              24.13686
            ],
            [
              92.87177,
              24.13595
            ],
            [
              92.8713,
              24.13453
            ],
            [
              92.87064,
              24.13256
            ],
            [
              92.87031,
              24.13155
            ],
            [
              92.87031,
              24.13009
            ],
            [
              92.87031,
              24.12887
            ],
            [
              92.86981,
              24.12678
            ],
            [
              92.86882,
              24.12521
            ],
            [
              92.8686,
              24.12451
            ],
            [
              92.86855,
              24.12339
            ],
            [
              92.86877,
              24.12238
            ],
            [
              92.86905,
              24.12122
            ],
            [
              92.86912,
              24.12093
            ],
            [
              92.86916,
              24.12077
            ],
            [
              92.86916,
              24.12001
            ],
            [
              92.86916,
              24.11859
            ],
            [
              92.86856,
              24.11733
            ],
            [
              92.86784,
              24.11652
            ],
            [
              92.86696,
              24.11554
            ],
            [
              92.86635,
              24.11474
            ],
            [
              92.86591,
              24.11393
            ],
            [
              92.86575,
              24.11292
            ],
            [
              92.8658,
              24.1119
            ],
            [
              92.86655,
              24.11027
            ],
            [
              92.86701,
              24.1091
            ],
            [
              92.8672,
              24.10862
            ],
            [
              92.86753,
              24.10756
            ],
            [
              92.86772,
              24.10664
            ],
            [
              92.86759,
              24.10554
            ],
            [
              92.86648,
              24.10303
            ],
            [
              92.86563,
              24.10165
            ],
            [
              92.86477,
              24.10047
            ],
            [
              92.86416,
              24.09981
            ],
            [
              92.86351,
              24.09943
            ],
            [
              92.86191,
              24.09893
            ],
            [
              92.86086,
              24.09884
            ],
            [
              92.85891,
              24.0984
            ],
            [
              92.8568,
              24.0967
            ],
            [
              92.8553,
              24.09417
            ],
            [
              92.85511,
              24.09394
            ],
            [
              92.85422,
              24.09286
            ],
            [
              92.85306,
              24.09133
            ],
            [
              92.85268,
              24.09074
            ],
            [
              92.85225,
              24.08948
            ],
            [
              92.85221,
              24.08889
            ],
            [
              92.85221,
              24.08818
            ],
            [
              92.85238,
              24.08747
            ],
            [
              92.85268,
              24.08613
            ],
            [
              92.85402,
              24.08109
            ],
            [
              92.85482,
              24.07693
            ],
            [
              92.85483,
              24.07687
            ],
            [
              92.85441,
              24.07451
            ],
            [
              92.85436,
              24.07432
            ],
            [
              92.85385,
              24.07231
            ],
            [
              92.85333,
              24.07114
            ],
            [
              92.85308,
              24.07058
            ],
            [
              92.85154,
              24.06774
            ],
            [
              92.84837,
              24.06162
            ],
            [
              92.84753,
              24.05949
            ],
            [
              92.84748,
              24.05937
            ],
            [
              92.84641,
              24.05666
            ],
            [
              92.84545,
              24.05415
            ],
            [
              92.8441,
              24.05063
            ],
            [
              92.8435,
              24.04894
            ],
            [
              92.84299,
              24.04748
            ],
            [
              92.84248,
              24.04579
            ],
            [
              92.84175,
              24.04392
            ],
            [
              92.84106,
              24.04216
            ],
            [
              92.84042,
              24.04035
            ],
            [
              92.84017,
              24.03767
            ],
            [
              92.83983,
              24.03578
            ],
            [
              92.83906,
              24.03124
            ],
            [
              92.83906,
              24.02861
            ],
            [
              92.83857,
              24.02544
            ],
            [
              92.83851,
              24.02503
            ],
            [
              92.83795,
              24.0237
            ],
            [
              92.83761,
              24.02289
            ],
            [
              92.83671,
              24.02131
            ],
            [
              92.83611,
              24.02061
            ],
            [
              92.83547,
              24.01978
            ],
            [
              92.83526,
              24.01939
            ],
            [
              92.83504,
              24.01899
            ],
            [
              92.8347,
              24.01832
            ],
            [
              92.83436,
              24.01646
            ],
            [
              92.83436,
              24.01528
            ],
            [
              92.83436,
              24.0139
            ],
            [
              92.83436,
              24.01099
            ],
            [
              92.83428,
              24.00973
            ],
            [
              92.83424,
              24.00832
            ],
            [
              92.83403,
              24.00733
            ],
            [
              92.83381,
              24.00647
            ],
            [
              92.83334,
              24.00536
            ],
            [
              92.83296,
              24.00497
            ],
            [
              92.8324,
              24.0045
            ],
            [
              92.83193,
              24.00402
            ],
            [
              92.83095,
              24.00387
            ],
            [
              92.83026,
              24.0039
            ],
            [
              92.82982,
              24.00406
            ],
            [
              92.82893,
              24.00438
            ],
            [
              92.82752,
              24.00494
            ],
            [
              92.82717,
              24.00508
            ],
            [
              92.82576,
              24.00555
            ],
            [
              92.824,
              24.00598
            ],
            [
              92.82236,
              24.00604
            ],
            [
              92.82095,
              24.00529
            ],
            [
              92.82026,
              24.00466
            ],
            [
              92.81941,
              24.00388
            ],
            [
              92.81864,
              24.00309
            ],
            [
              92.81774,
              24.00179
            ],
            [
              92.81714,
              24.00065
            ],
            [
              92.81667,
              23.99943
            ],
            [
              92.81599,
              23.99797
            ],
            [
              92.8153,
              23.99616
            ],
            [
              92.81351,
              23.9915
            ],
            [
              92.81278,
              23.98875
            ],
            [
              92.81206,
              23.98694
            ],
            [
              92.81154,
              23.98627
            ],
            [
              92.80919,
              23.98489
            ],
            [
              92.80666,
              23.98314
            ],
            [
              92.80529,
              23.98157
            ],
            [
              92.80461,
              23.98027
            ],
            [
              92.80367,
              23.97908
            ],
            [
              92.80307,
              23.97826
            ],
            [
              92.80255,
              23.97755
            ],
            [
              92.80234,
              23.97605
            ],
            [
              92.80227,
              23.97557
            ],
            [
              92.80189,
              23.97488
            ],
            [
              92.80138,
              23.97246
            ],
            [
              92.80062,
              23.97085
            ],
            [
              92.80062,
              23.97031
            ],
            [
              92.80068,
              23.9693
            ],
            [
              92.80133,
              23.96769
            ],
            [
              92.80186,
              23.96522
            ],
            [
              92.80174,
              23.96346
            ],
            [
              92.80104,
              23.9592
            ],
            [
              92.80093,
              23.95673
            ],
            [
              92.80087,
              23.95598
            ],
            [
              92.80023,
              23.95507
            ],
            [
              92.79924,
              23.95389
            ],
            [
              92.79837,
              23.95303
            ],
            [
              92.79761,
              23.95239
            ],
            [
              92.79709,
              23.95174
            ],
            [
              92.79651,
              23.95013
            ],
            [
              92.79639,
              23.94842
            ],
            [
              92.79575,
              23.94276
            ],
            [
              92.79554,
              23.94077
            ],
            [
              92.7957,
              23.93926
            ],
            [
              92.79575,
              23.93789
            ],
            [
              92.79622,
              23.93671
            ],
            [
              92.79658,
              23.93463
            ],
            [
              92.79633,
              23.93311
            ],
            [
              92.79546,
              23.93037
            ],
            [
              92.79297,
              23.92311
            ],
            [
              92.79289,
              23.92162
            ],
            [
              92.79289,
              23.9196
            ],
            [
              92.7929,
              23.9184
            ],
            [
              92.7929,
              23.91721
            ],
            [
              92.7929,
              23.91623
            ],
            [
              92.79339,
              23.91534
            ],
            [
              92.79469,
              23.91459
            ],
            [
              92.79706,
              23.91242
            ],
            [
              92.79787,
              23.91145
            ],
            [
              92.79942,
              23.91011
            ],
            [
              92.80007,
              23.90936
            ],
            [
              92.80105,
              23.90757
            ],
            [
              92.80262,
              23.90095
            ],
            [
              92.80274,
              23.90018
            ],
            [
              92.80274,
              23.89956
            ],
            [
              92.8023,
              23.89841
            ],
            [
              92.80162,
              23.89746
            ],
            [
              92.8001,
              23.89576
            ],
            [
              92.7995,
              23.89491
            ],
            [
              92.79906,
              23.8941
            ],
            [
              92.79882,
              23.89337
            ],
            [
              92.79878,
              23.89289
            ],
            [
              92.7989,
              23.89226
            ],
            [
              92.79906,
              23.89171
            ],
            [
              92.79963,
              23.89109
            ],
            [
              92.80099,
              23.89068
            ],
            [
              92.80167,
              23.8905
            ],
            [
              92.80191,
              23.89013
            ],
            [
              92.80187,
              23.88943
            ],
            [
              92.80176,
              23.88861
            ],
            [
              92.80279,
              23.88687
            ],
            [
              92.80527,
              23.8845
            ],
            [
              92.80386,
              23.88123
            ],
            [
              92.80266,
              23.87842
            ],
            [
              92.80066,
              23.87162
            ],
            [
              92.79505,
              23.86121
            ],
            [
              92.79425,
              23.852
            ],
            [
              92.78985,
              23.8468
            ],
            [
              92.78304,
              23.844
            ],
            [
              92.77424,
              23.83799
            ],
            [
              92.76903,
              23.83639
            ],
            [
              92.76143,
              23.83719
            ],
            [
              92.75422,
              23.83799
            ],
            [
              92.75181,
              23.8384
            ],
            [
              92.74701,
              23.83919
            ],
            [
              92.74255,
              23.83918
            ],
            [
              92.74116,
              23.83919
            ],
            [
              92.73941,
              23.83919
            ],
            [
              92.70378,
              23.8412
            ],
            [
              92.69658,
              23.83919
            ],
            [
              92.69377,
              23.83679
            ],
            [
              92.68897,
              23.83519
            ],
            [
              92.67576,
              23.83039
            ],
            [
              92.66655,
              23.82678
            ],
            [
              92.6641,
              23.8267
            ],
            [
              92.66307,
              23.82667
            ],
            [
              92.65334,
              23.82638
            ],
            [
              92.64434,
              23.82847
            ],
            [
              92.64407,
              23.82854
            ],
            [
              92.63949,
              23.82808
            ],
            [
              92.63922,
              23.82765
            ],
            [
              92.63889,
              23.82745
            ],
            [
              92.63819,
              23.82726
            ],
            [
              92.63629,
              23.82697
            ],
            [
              92.63581,
              23.8269
            ],
            [
              92.6355,
              23.82682
            ],
            [
              92.6352,
              23.82662
            ],
            [
              92.63504,
              23.82651
            ],
            [
              92.635,
              23.82633
            ],
            [
              92.63503,
              23.82615
            ],
            [
              92.63523,
              23.82584
            ],
            [
              92.63544,
              23.8254
            ],
            [
              92.63597,
              23.8246
            ],
            [
              92.63636,
              23.82371
            ],
            [
              92.63623,
              23.8225
            ],
            [
              92.63575,
              23.8219
            ],
            [
              92.6351,
              23.82141
            ],
            [
              92.63199,
              23.82096
            ],
            [
              92.63006,
              23.82047
            ],
            [
              92.62856,
              23.82009
            ],
            [
              92.6276,
              23.81937
            ],
            [
              92.62742,
              23.81912
            ],
            [
              92.62659,
              23.81795
            ],
            [
              92.62642,
              23.81751
            ],
            [
              92.62611,
              23.81678
            ],
            [
              92.62621,
              23.81628
            ],
            [
              92.62625,
              23.81618
            ],
            [
              92.627,
              23.81513
            ],
            [
              92.62728,
              23.81458
            ],
            [
              92.62779,
              23.81344
            ],
            [
              92.62801,
              23.81151
            ],
            [
              92.62876,
              23.80985
            ],
            [
              92.62881,
              23.80884
            ],
            [
              92.62881,
              23.80788
            ],
            [
              92.62868,
              23.80659
            ],
            [
              92.62829,
              23.8053
            ],
            [
              92.62821,
              23.80425
            ],
            [
              92.62716,
              23.80318
            ],
            [
              92.62597,
              23.80219
            ],
            [
              92.62558,
              23.80196
            ],
            [
              92.62436,
              23.80164
            ],
            [
              92.62318,
              23.80142
            ],
            [
              92.62304,
              23.80141
            ],
            [
              92.62261,
              23.80141
            ],
            [
              92.62151,
              23.80161
            ],
            [
              92.61932,
              23.80205
            ],
            [
              92.61703,
              23.80188
            ],
            [
              92.61549,
              23.80184
            ],
            [
              92.61488,
              23.80179
            ],
            [
              92.61361,
              23.80183
            ],
            [
              92.61334,
              23.80183
            ],
            [
              92.61269,
              23.80203
            ],
            [
              92.61168,
              23.80195
            ],
            [
              92.61067,
              23.80182
            ],
            [
              92.60958,
              23.80154
            ],
            [
              92.60875,
              23.80089
            ],
            [
              92.60813,
              23.79988
            ],
            [
              92.60779,
              23.79783
            ],
            [
              92.60766,
              23.79668
            ],
            [
              92.60736,
              23.79604
            ],
            [
              92.60688,
              23.79563
            ],
            [
              92.60613,
              23.79499
            ],
            [
              92.60565,
              23.79458
            ],
            [
              92.605,
              23.79386
            ],
            [
              92.60482,
              23.79329
            ],
            [
              92.60465,
              23.79289
            ],
            [
              92.60465,
              23.79253
            ],
            [
              92.6047,
              23.79192
            ],
            [
              92.60535,
              23.79136
            ],
            [
              92.60641,
              23.79027
            ],
            [
              92.60736,
              23.78866
            ],
            [
              92.60886,
              23.78592
            ],
            [
              92.61212,
              23.78289
            ],
            [
              92.61378,
              23.78006
            ],
            [
              92.61456,
              23.77828
            ],
            [
              92.61534,
              23.77584
            ],
            [
              92.61567,
              23.77366
            ],
            [
              92.61595,
              23.77265
            ],
            [
              92.6164,
              23.77169
            ],
            [
              92.61728,
              23.77083
            ],
            [
              92.61805,
              23.77037
            ],
            [
              92.61855,
              23.76997
            ],
            [
              92.61932,
              23.76972
            ],
            [
              92.61977,
              23.7686
            ],
            [
              92.61999,
              23.76759
            ],
            [
              92.61978,
              23.76438
            ],
            [
              92.61951,
              23.76322
            ],
            [
              92.61896,
              23.7622
            ],
            [
              92.61737,
              23.76027
            ],
            [
              92.61583,
              23.75885
            ],
            [
              92.61528,
              23.75824
            ],
            [
              92.61467,
              23.75758
            ],
            [
              92.61352,
              23.75656
            ],
            [
              92.61264,
              23.75585
            ],
            [
              92.61082,
              23.7544
            ],
            [
              92.60933,
              23.75391
            ],
            [
              92.60849,
              23.75355
            ],
            [
              92.60796,
              23.75327
            ],
            [
              92.60743,
              23.75274
            ],
            [
              92.60731,
              23.75242
            ],
            [
              92.60728,
              23.75165
            ],
            [
              92.60766,
              23.75077
            ],
            [
              92.60843,
              23.74915
            ],
            [
              92.60965,
              23.74768
            ],
            [
              92.60997,
              23.74729
            ],
            [
              92.61085,
              23.74567
            ],
            [
              92.6112,
              23.74398
            ],
            [
              92.61124,
              23.74229
            ],
            [
              92.61125,
              23.74061
            ],
            [
              92.61119,
              23.73827
            ],
            [
              92.61119,
              23.73734
            ],
            [
              92.6112,
              23.73686
            ],
            [
              92.6112,
              23.73611
            ],
            [
              92.6125,
              23.73491
            ],
            [
              92.61356,
              23.73399
            ],
            [
              92.61404,
              23.73315
            ],
            [
              92.61453,
              23.73222
            ],
            [
              92.6153,
              23.73085
            ],
            [
              92.61651,
              23.72877
            ],
            [
              92.6181,
              23.72679
            ],
            [
              92.61902,
              23.725
            ],
            [
              92.61965,
              23.72367
            ],
            [
              92.62071,
              23.72191
            ],
            [
              92.6211,
              23.7212
            ],
            [
              92.62154,
              23.72049
            ],
            [
              92.62207,
              23.71974
            ],
            [
              92.62212,
              23.71908
            ],
            [
              92.62212,
              23.71819
            ],
            [
              92.62203,
              23.7174
            ],
            [
              92.62164,
              23.71647
            ],
            [
              92.6216,
              23.71576
            ],
            [
              92.62165,
              23.7147
            ],
            [
              92.62397,
              23.71128
            ],
            [
              92.62547,
              23.70987
            ],
            [
              92.62672,
              23.70903
            ],
            [
              92.63038,
              23.70731
            ],
            [
              92.63111,
              23.70708
            ],
            [
              92.63201,
              23.70679
            ],
            [
              92.63355,
              23.70604
            ],
            [
              92.63567,
              23.70516
            ],
            [
              92.63856,
              23.70464
            ],
            [
              92.63981,
              23.70446
            ],
            [
              92.6413,
              23.70389
            ],
            [
              92.64207,
              23.70318
            ],
            [
              92.64381,
              23.70102
            ],
            [
              92.64424,
              23.69987
            ],
            [
              92.64493,
              23.69684
            ],
            [
              92.64518,
              23.69415
            ],
            [
              92.64518,
              23.69308
            ],
            [
              92.6448,
              23.6918
            ],
            [
              92.64399,
              23.69038
            ],
            [
              92.64293,
              23.68874
            ],
            [
              92.63986,
              23.68514
            ],
            [
              92.63881,
              23.68367
            ],
            [
              92.63785,
              23.68221
            ],
            [
              92.63704,
              23.68093
            ],
            [
              92.63651,
              23.68008
            ],
            [
              92.63599,
              23.678
            ],
            [
              92.63384,
              23.67161
            ],
            [
              92.63279,
              23.66909
            ],
            [
              92.63174,
              23.66762
            ],
            [
              92.62992,
              23.66554
            ],
            [
              92.62781,
              23.66377
            ],
            [
              92.6258,
              23.6619
            ],
            [
              92.62444,
              23.66055
            ],
            [
              92.62358,
              23.65962
            ],
            [
              92.62284,
              23.6593
            ],
            [
              92.6219,
              23.65897
            ],
            [
              92.62131,
              23.65871
            ],
            [
              92.62046,
              23.65842
            ],
            [
              92.61937,
              23.65814
            ],
            [
              92.61876,
              23.65798
            ],
            [
              92.61812,
              23.65779
            ],
            [
              92.61696,
              23.65659
            ],
            [
              92.61567,
              23.65314
            ],
            [
              92.61559,
              23.65251
            ],
            [
              92.61546,
              23.65148
            ],
            [
              92.61488,
              23.64853
            ],
            [
              92.61444,
              23.6473
            ],
            [
              92.61423,
              23.64664
            ],
            [
              92.61412,
              23.64568
            ],
            [
              92.61409,
              23.64514
            ],
            [
              92.61409,
              23.64478
            ],
            [
              92.61409,
              23.6444
            ],
            [
              92.61421,
              23.64401
            ],
            [
              92.61454,
              23.64371
            ],
            [
              92.61528,
              23.64328
            ],
            [
              92.61612,
              23.64279
            ],
            [
              92.61794,
              23.63996
            ],
            [
              92.61929,
              23.63665
            ],
            [
              92.62075,
              23.63397
            ],
            [
              92.62156,
              23.63298
            ],
            [
              92.62192,
              23.63246
            ],
            [
              92.62263,
              23.63181
            ],
            [
              92.62344,
              23.63113
            ],
            [
              92.62406,
              23.63058
            ],
            [
              92.62452,
              23.62969
            ],
            [
              92.62476,
              23.62745
            ],
            [
              92.62522,
              23.62528
            ],
            [
              92.62712,
              23.62399
            ],
            [
              92.62876,
              23.62329
            ],
            [
              92.63189,
              23.62206
            ],
            [
              92.63454,
              23.62053
            ],
            [
              92.63844,
              23.61863
            ],
            [
              92.64278,
              23.61703
            ],
            [
              92.64551,
              23.61556
            ],
            [
              92.64686,
              23.61501
            ],
            [
              92.64772,
              23.61456
            ],
            [
              92.6487,
              23.60987
            ],
            [
              92.65016,
              23.60657
            ],
            [
              92.65082,
              23.60556
            ],
            [
              92.65198,
              23.60344
            ],
            [
              92.65363,
              23.60182
            ],
            [
              92.65407,
              23.60137
            ],
            [
              92.65479,
              23.60054
            ],
            [
              92.6554,
              23.59857
            ],
            [
              92.6554,
              23.59742
            ],
            [
              92.6554,
              23.59568
            ],
            [
              92.6554,
              23.59559
            ],
            [
              92.65541,
              23.59483
            ],
            [
              92.65508,
              23.59407
            ],
            [
              92.65459,
              23.59346
            ],
            [
              92.6542,
              23.59301
            ],
            [
              92.65365,
              23.5926
            ],
            [
              92.65348,
              23.59239
            ],
            [
              92.65311,
              23.59194
            ],
            [
              92.65212,
              23.59153
            ],
            [
              92.65146,
              23.59113
            ],
            [
              92.65103,
              23.59037
            ],
            [
              92.64947,
              23.58719
            ],
            [
              92.64912,
              23.58647
            ],
            [
              92.64791,
              23.58417
            ],
            [
              92.64753,
              23.58347
            ],
            [
              92.64748,
              23.58296
            ],
            [
              92.64759,
              23.5821
            ],
            [
              92.64853,
              23.58049
            ],
            [
              92.64864,
              23.57983
            ],
            [
              92.64831,
              23.57917
            ],
            [
              92.64755,
              23.57836
            ],
            [
              92.64667,
              23.5777
            ],
            [
              92.6453,
              23.57679
            ],
            [
              92.64376,
              23.57633
            ],
            [
              92.64272,
              23.57577
            ],
            [
              92.64157,
              23.57541
            ],
            [
              92.64036,
              23.57531
            ],
            [
              92.63806,
              23.57561
            ],
            [
              92.63701,
              23.57611
            ],
            [
              92.63559,
              23.57641
            ],
            [
              92.63471,
              23.57641
            ],
            [
              92.63367,
              23.5762
            ],
            [
              92.63191,
              23.57569
            ],
            [
              92.63054,
              23.57508
            ],
            [
              92.62994,
              23.57463
            ],
            [
              92.62868,
              23.57372
            ],
            [
              92.6283,
              23.57311
            ],
            [
              92.62814,
              23.5721
            ],
            [
              92.62846,
              23.57097
            ],
            [
              92.63022,
              23.56935
            ],
            [
              92.63099,
              23.5684
            ],
            [
              92.63259,
              23.56703
            ],
            [
              92.63364,
              23.56562
            ],
            [
              92.63419,
              23.56395
            ],
            [
              92.63425,
              23.56259
            ],
            [
              92.63359,
              23.56105
            ],
            [
              92.63332,
              23.5605
            ],
            [
              92.63282,
              23.56004
            ],
            [
              92.63239,
              23.55974
            ],
            [
              92.63189,
              23.55918
            ],
            [
              92.63195,
              23.55867
            ],
            [
              92.63217,
              23.55812
            ],
            [
              92.63421,
              23.5556
            ],
            [
              92.63487,
              23.55449
            ],
            [
              92.6352,
              23.55317
            ],
            [
              92.63576,
              23.55003
            ],
            [
              92.63576,
              23.54907
            ],
            [
              92.63637,
              23.54806
            ],
            [
              92.63681,
              23.54765
            ],
            [
              92.63802,
              23.5469
            ],
            [
              92.63846,
              23.5466
            ],
            [
              92.63852,
              23.54609
            ],
            [
              92.63852,
              23.54554
            ],
            [
              92.63825,
              23.54392
            ],
            [
              92.63675,
              23.54251
            ],
            [
              92.6361,
              23.54172
            ],
            [
              92.63552,
              23.54126
            ],
            [
              92.63551,
              23.54125
            ],
            [
              92.63487,
              23.54062
            ],
            [
              92.6343,
              23.54019
            ],
            [
              92.63356,
              23.53971
            ],
            [
              92.6331,
              23.53941
            ],
            [
              92.63207,
              23.53905
            ],
            [
              92.63037,
              23.5387
            ],
            [
              92.6293,
              23.53841
            ],
            [
              92.62787,
              23.53823
            ],
            [
              92.62687,
              23.53791
            ],
            [
              92.62603,
              23.53681
            ],
            [
              92.62565,
              23.53567
            ],
            [
              92.62462,
              23.53212
            ],
            [
              92.62397,
              23.53105
            ],
            [
              92.62309,
              23.52967
            ],
            [
              92.62279,
              23.52794
            ],
            [
              92.62279,
              23.52709
            ],
            [
              92.62284,
              23.52629
            ],
            [
              92.62295,
              23.52468
            ],
            [
              92.6227,
              23.52424
            ],
            [
              92.62217,
              23.52361
            ],
            [
              92.62135,
              23.52294
            ],
            [
              92.62073,
              23.52227
            ],
            [
              92.62044,
              23.52165
            ],
            [
              92.62,
              23.52115
            ],
            [
              92.61981,
              23.52053
            ],
            [
              92.61986,
              23.51946
            ],
            [
              92.62069,
              23.5178
            ],
            [
              92.62113,
              23.51664
            ],
            [
              92.62113,
              23.51619
            ],
            [
              92.62113,
              23.5153
            ],
            [
              92.62094,
              23.5145
            ],
            [
              92.6208,
              23.51352
            ],
            [
              92.6207,
              23.51253
            ],
            [
              92.62071,
              23.51155
            ],
            [
              92.62076,
              23.51048
            ],
            [
              92.62207,
              23.50959
            ],
            [
              92.62527,
              23.5075
            ],
            [
              92.62649,
              23.50598
            ],
            [
              92.62852,
              23.5051
            ],
            [
              92.63118,
              23.50555
            ],
            [
              92.63162,
              23.50582
            ],
            [
              92.63287,
              23.50635
            ],
            [
              92.63379,
              23.50645
            ],
            [
              92.63496,
              23.50587
            ],
            [
              92.63695,
              23.50439
            ],
            [
              92.63836,
              23.50292
            ],
            [
              92.63885,
              23.50199
            ],
            [
              92.63919,
              23.50141
            ],
            [
              92.63924,
              23.50074
            ],
            [
              92.639,
              23.50025
            ],
            [
              92.63847,
              23.49958
            ],
            [
              92.63789,
              23.49752
            ],
            [
              92.63789,
              23.49658
            ],
            [
              92.6379,
              23.49537
            ],
            [
              92.6379,
              23.49288
            ],
            [
              92.6382,
              23.49076
            ],
            [
              92.63884,
              23.48889
            ],
            [
              92.63908,
              23.4884
            ],
            [
              92.63937,
              23.48778
            ],
            [
              92.63976,
              23.48742
            ],
            [
              92.64,
              23.48702
            ],
            [
              92.64049,
              23.48662
            ],
            [
              92.64084,
              23.48646
            ],
            [
              92.64088,
              23.48644
            ],
            [
              92.64141,
              23.48604
            ],
            [
              92.64189,
              23.48569
            ],
            [
              92.64214,
              23.48529
            ],
            [
              92.64228,
              23.48493
            ],
            [
              92.64233,
              23.48426
            ],
            [
              92.64219,
              23.48275
            ],
            [
              92.64065,
              23.47805
            ],
            [
              92.64037,
              23.47707
            ],
            [
              92.63998,
              23.47644
            ],
            [
              92.6396,
              23.4759
            ],
            [
              92.63935,
              23.47555
            ],
            [
              92.63878,
              23.47506
            ],
            [
              92.63844,
              23.47483
            ],
            [
              92.63742,
              23.47461
            ],
            [
              92.63675,
              23.47447
            ],
            [
              92.63641,
              23.47376
            ],
            [
              92.63646,
              23.473
            ],
            [
              92.63637,
              23.46929
            ],
            [
              92.63643,
              23.46706
            ],
            [
              92.63662,
              23.46567
            ],
            [
              92.63711,
              23.46474
            ],
            [
              92.63726,
              23.46371
            ],
            [
              92.63726,
              23.46255
            ],
            [
              92.63726,
              23.46166
            ],
            [
              92.63717,
              23.46099
            ],
            [
              92.63732,
              23.45997
            ],
            [
              92.63819,
              23.45919
            ],
            [
              92.6394,
              23.4583
            ],
            [
              92.64004,
              23.4575
            ],
            [
              92.64062,
              23.45469
            ],
            [
              92.64112,
              23.44956
            ],
            [
              92.64108,
              23.44782
            ],
            [
              92.6406,
              23.44666
            ],
            [
              92.63997,
              23.44586
            ],
            [
              92.63847,
              23.44463
            ],
            [
              92.63799,
              23.44418
            ],
            [
              92.6379,
              23.44378
            ],
            [
              92.6378,
              23.44253
            ],
            [
              92.63781,
              23.44128
            ],
            [
              92.63747,
              23.43851
            ],
            [
              92.63748,
              23.43744
            ],
            [
              92.63758,
              23.43447
            ],
            [
              92.63758,
              23.43436
            ],
            [
              92.63764,
              23.43302
            ],
            [
              92.63812,
              23.4324
            ],
            [
              92.6388,
              23.43164
            ],
            [
              92.63929,
              23.43102
            ],
            [
              92.63966,
              23.43068
            ],
            [
              92.63982,
              23.43053
            ],
            [
              92.6404,
              23.42999
            ],
            [
              92.64074,
              23.42924
            ],
            [
              92.64118,
              23.42834
            ],
            [
              92.64197,
              23.42512
            ],
            [
              92.64265,
              23.42093
            ],
            [
              92.64329,
              23.41906
            ],
            [
              92.64325,
              23.41642
            ],
            [
              92.64325,
              23.41548
            ],
            [
              92.64301,
              23.4149
            ],
            [
              92.64248,
              23.41432
            ],
            [
              92.64204,
              23.41392
            ],
            [
              92.64161,
              23.41338
            ],
            [
              92.64161,
              23.41235
            ],
            [
              92.64249,
              23.40887
            ],
            [
              92.64507,
              23.40445
            ],
            [
              92.64633,
              23.40302
            ],
            [
              92.64701,
              23.40231
            ],
            [
              92.64769,
              23.40204
            ],
            [
              92.64842,
              23.402
            ],
            [
              92.64933,
              23.40214
            ],
            [
              92.65011,
              23.40232
            ],
            [
              92.65069,
              23.40223
            ],
            [
              92.6517,
              23.40178
            ],
            [
              92.65248,
              23.40125
            ],
            [
              92.65306,
              23.39977
            ],
            [
              92.65385,
              23.39553
            ],
            [
              92.65395,
              23.39335
            ],
            [
              92.65395,
              23.39232
            ],
            [
              92.65396,
              23.3917
            ],
            [
              92.65367,
              23.39094
            ],
            [
              92.65328,
              23.39036
            ],
            [
              92.65266,
              23.38947
            ],
            [
              92.65184,
              23.38866
            ],
            [
              92.65111,
              23.38763
            ],
            [
              92.65083,
              23.38656
            ],
            [
              92.6502,
              23.38431
            ],
            [
              92.65021,
              23.38315
            ],
            [
              92.65021,
              23.38195
            ],
            [
              92.65041,
              23.38083
            ],
            [
              92.65143,
              23.37852
            ],
            [
              92.65211,
              23.37763
            ],
            [
              92.65332,
              23.3762
            ],
            [
              92.6539,
              23.37576
            ],
            [
              92.65482,
              23.37518
            ],
            [
              92.65729,
              23.37407
            ],
            [
              92.65927,
              23.37349
            ],
            [
              92.66048,
              23.37278
            ],
            [
              92.66204,
              23.37121
            ],
            [
              92.66277,
              23.3696
            ],
            [
              92.6634,
              23.36715
            ],
            [
              92.66356,
              23.36479
            ],
            [
              92.66351,
              23.36398
            ],
            [
              92.66298,
              23.36287
            ],
            [
              92.66264,
              23.36229
            ],
            [
              92.66207,
              23.36117
            ],
            [
              92.66168,
              23.36005
            ],
            [
              92.66173,
              23.35961
            ],
            [
              92.66198,
              23.35854
            ],
            [
              92.66557,
              23.35549
            ],
            [
              92.66712,
              23.35362
            ],
            [
              92.66838,
              23.35206
            ],
            [
              92.66915,
              23.35135
            ],
            [
              92.67002,
              23.35091
            ],
            [
              92.67075,
              23.35064
            ],
            [
              92.67167,
              23.35047
            ],
            [
              92.6723,
              23.35033
            ],
            [
              92.67409,
              23.34815
            ],
            [
              92.67531,
              23.34417
            ],
            [
              92.67575,
              23.34212
            ],
            [
              92.67576,
              23.34136
            ],
            [
              92.67542,
              23.34047
            ],
            [
              92.6747,
              23.33988
            ],
            [
              92.67412,
              23.33935
            ],
            [
              92.67378,
              23.33872
            ],
            [
              92.67373,
              23.33801
            ],
            [
              92.67422,
              23.33609
            ],
            [
              92.67578,
              23.33157
            ],
            [
              92.67588,
              23.32943
            ],
            [
              92.67589,
              23.32823
            ],
            [
              92.67589,
              23.32685
            ],
            [
              92.67589,
              23.32631
            ],
            [
              92.67594,
              23.32422
            ],
            [
              92.6757,
              23.32341
            ],
            [
              92.67522,
              23.32274
            ],
            [
              92.67474,
              23.32216
            ],
            [
              92.67474,
              23.32176
            ],
            [
              92.67518,
              23.32087
            ],
            [
              92.67663,
              23.31994
            ],
            [
              92.68069,
              23.31972
            ],
            [
              92.68248,
              23.31972
            ],
            [
              92.68417,
              23.3195
            ],
            [
              92.68936,
              23.31884
            ],
            [
              92.69042,
              23.31857
            ],
            [
              92.69183,
              23.31808
            ],
            [
              92.69342,
              23.318
            ],
            [
              92.69506,
              23.31818
            ],
            [
              92.69603,
              23.31903
            ],
            [
              92.69694,
              23.31983
            ],
            [
              92.69791,
              23.32041
            ],
            [
              92.69892,
              23.32095
            ],
            [
              92.69996,
              23.32119
            ],
            [
              92.70008,
              23.32122
            ],
            [
              92.70274,
              23.32181
            ],
            [
              92.70438,
              23.32243
            ],
            [
              92.70481,
              23.3227
            ],
            [
              92.70497,
              23.32306
            ],
            [
              92.7052,
              23.3236
            ],
            [
              92.70611,
              23.3252
            ],
            [
              92.70669,
              23.32619
            ],
            [
              92.70737,
              23.32739
            ],
            [
              92.70736,
              23.32855
            ],
            [
              92.70731,
              23.33056
            ],
            [
              92.70736,
              23.33172
            ],
            [
              92.70808,
              23.33441
            ],
            [
              92.70875,
              23.33575
            ],
            [
              92.70967,
              23.33754
            ],
            [
              92.71063,
              23.33896
            ],
            [
              92.71136,
              23.33946
            ],
            [
              92.7129,
              23.33991
            ],
            [
              92.71424,
              23.34004
            ],
            [
              92.71599,
              23.34
            ],
            [
              92.71754,
              23.33969
            ],
            [
              92.71774,
              23.33964
            ],
            [
              92.7188,
              23.33938
            ],
            [
              92.71977,
              23.33916
            ],
            [
              92.72083,
              23.33872
            ],
            [
              92.72161,
              23.33796
            ],
            [
              92.72228,
              23.33751
            ],
            [
              92.72243,
              23.33662
            ],
            [
              92.72253,
              23.33555
            ],
            [
              92.72205,
              23.33435
            ],
            [
              92.72186,
              23.33377
            ],
            [
              92.722,
              23.33323
            ],
            [
              92.72253,
              23.33252
            ],
            [
              92.72735,
              23.32989
            ],
            [
              92.72977,
              23.32874
            ],
            [
              92.73098,
              23.32834
            ],
            [
              92.73262,
              23.32807
            ],
            [
              92.73383,
              23.32857
            ],
            [
              92.73663,
              23.33013
            ],
            [
              92.73885,
              23.33076
            ],
            [
              92.74059,
              23.33125
            ],
            [
              92.74276,
              23.33184
            ],
            [
              92.74358,
              23.33193
            ],
            [
              92.74465,
              23.33175
            ],
            [
              92.74615,
              23.33167
            ],
            [
              92.74716,
              23.33095
            ],
            [
              92.74857,
              23.32993
            ],
            [
              92.75287,
              23.32797
            ],
            [
              92.75369,
              23.32766
            ],
            [
              92.75558,
              23.32695
            ],
            [
              92.75765,
              23.32612
            ],
            [
              92.76017,
              23.32591
            ],
            [
              92.76186,
              23.32576
            ],
            [
              92.76302,
              23.32555
            ],
            [
              92.76409,
              23.32497
            ],
            [
              92.76495,
              23.32439
            ],
            [
              92.76588,
              23.32396
            ],
            [
              92.76704,
              23.3236
            ],
            [
              92.77048,
              23.3228
            ],
            [
              92.77313,
              23.32195
            ],
            [
              92.77426,
              23.32125
            ],
            [
              92.77516,
              23.32054
            ],
            [
              92.77632,
              23.31972
            ],
            [
              92.77702,
              23.31905
            ],
            [
              92.77735,
              23.31868
            ],
            [
              92.77768,
              23.31834
            ],
            [
              92.77842,
              23.31788
            ],
            [
              92.78028,
              23.31733
            ],
            [
              92.78224,
              23.31739
            ],
            [
              92.783,
              23.31769
            ],
            [
              92.78396,
              23.31807
            ],
            [
              92.7887,
              23.32052
            ],
            [
              92.7905,
              23.32161
            ],
            [
              92.79215,
              23.32261
            ],
            [
              92.7956,
              23.32464
            ],
            [
              92.79915,
              23.32663
            ],
            [
              92.80241,
              23.32795
            ],
            [
              92.80458,
              23.32927
            ],
            [
              92.80571,
              23.33035
            ],
            [
              92.80675,
              23.33131
            ],
            [
              92.80875,
              23.33305
            ],
            [
              92.81038,
              23.33479
            ],
            [
              92.81184,
              23.33575
            ],
            [
              92.81322,
              23.33606
            ],
            [
              92.81439,
              23.33653
            ],
            [
              92.81652,
              23.33707
            ],
            [
              92.81927,
              23.33734
            ],
            [
              92.82123,
              23.33742
            ],
            [
              92.82282,
              23.33742
            ],
            [
              92.82416,
              23.33735
            ],
            [
              92.82575,
              23.33709
            ],
            [
              92.82663,
              23.33717
            ],
            [
              92.82746,
              23.33748
            ],
            [
              92.82825,
              23.33798
            ],
            [
              92.82925,
              23.33887
            ],
            [
              92.83042,
              23.34037
            ],
            [
              92.83105,
              23.34149
            ],
            [
              92.83142,
              23.34349
            ],
            [
              92.83133,
              23.34476
            ],
            [
              92.83079,
              23.3458
            ],
            [
              92.83016,
              23.34634
            ],
            [
              92.82887,
              23.34688
            ],
            [
              92.82678,
              23.34938
            ],
            [
              92.82477,
              23.35327
            ],
            [
              92.82372,
              23.35485
            ],
            [
              92.8231,
              23.35558
            ],
            [
              92.82226,
              23.35646
            ],
            [
              92.82197,
              23.35764
            ],
            [
              92.82238,
              23.3601
            ],
            [
              92.82251,
              23.3608
            ],
            [
              92.82251,
              23.3618
            ],
            [
              92.82213,
              23.36303
            ],
            [
              92.82154,
              23.36438
            ],
            [
              92.8187,
              23.36726
            ],
            [
              92.81632,
              23.36861
            ],
            [
              92.81519,
              23.36884
            ],
            [
              92.8141,
              23.36911
            ],
            [
              92.81298,
              23.3693
            ],
            [
              92.81243,
              23.37003
            ],
            [
              92.81092,
              23.37312
            ],
            [
              92.81075,
              23.37451
            ],
            [
              92.81075,
              23.37539
            ],
            [
              92.81071,
              23.3764
            ],
            [
              92.81075,
              23.37736
            ],
            [
              92.81138,
              23.37832
            ],
            [
              92.81217,
              23.37909
            ],
            [
              92.81333,
              23.38037
            ],
            [
              92.81448,
              23.38367
            ],
            [
              92.81476,
              23.38458
            ],
            [
              92.81463,
              23.38546
            ],
            [
              92.81274,
              23.3902
            ],
            [
              92.81126,
              23.39395
            ],
            [
              92.81069,
              23.3946
            ],
            [
              92.81014,
              23.39524
            ],
            [
              92.80944,
              23.39598
            ],
            [
              92.80903,
              23.39677
            ],
            [
              92.80866,
              23.40077
            ],
            [
              92.80866,
              23.40194
            ],
            [
              92.80897,
              23.40273
            ],
            [
              92.81001,
              23.40389
            ],
            [
              92.81114,
              23.40491
            ],
            [
              92.81179,
              23.40551
            ],
            [
              92.81257,
              23.40662
            ],
            [
              92.81299,
              23.40764
            ],
            [
              92.81322,
              23.40941
            ],
            [
              92.81348,
              23.4113
            ],
            [
              92.81396,
              23.41363
            ],
            [
              92.8144,
              23.41716
            ],
            [
              92.8144,
              23.41959
            ],
            [
              92.81464,
              23.42112
            ],
            [
              92.81557,
              23.42276
            ],
            [
              92.81601,
              23.42392
            ],
            [
              92.8161,
              23.42567
            ],
            [
              92.81569,
              23.42684
            ],
            [
              92.81503,
              23.42806
            ],
            [
              92.8135,
              23.43022
            ],
            [
              92.81084,
              23.43328
            ],
            [
              92.81032,
              23.43293
            ],
            [
              92.80951,
              23.43334
            ],
            [
              92.8084,
              23.43416
            ],
            [
              92.80684,
              23.43559
            ],
            [
              92.80521,
              23.4371
            ],
            [
              92.80328,
              23.4388
            ],
            [
              92.80031,
              23.44126
            ],
            [
              92.79497,
              23.44474
            ],
            [
              92.79379,
              23.44531
            ],
            [
              92.78754,
              23.44836
            ],
            [
              92.77849,
              23.45197
            ],
            [
              92.77568,
              23.45308
            ],
            [
              92.77434,
              23.45361
            ],
            [
              92.77224,
              23.45548
            ],
            [
              92.76801,
              23.4593
            ],
            [
              92.76689,
              23.46155
            ],
            [
              92.76674,
              23.46285
            ],
            [
              92.76659,
              23.46524
            ],
            [
              92.76592,
              23.46681
            ],
            [
              92.76406,
              23.47052
            ],
            [
              92.76368,
              23.47379
            ],
            [
              92.76382,
              23.47591
            ],
            [
              92.7639,
              23.47755
            ],
            [
              92.76426,
              23.47906
            ],
            [
              92.765,
              23.48063
            ],
            [
              92.76567,
              23.48207
            ],
            [
              92.76677,
              23.48736
            ],
            [
              92.76707,
              23.48914
            ],
            [
              92.76684,
              23.49037
            ],
            [
              92.76617,
              23.49125
            ],
            [
              92.76484,
              23.49228
            ],
            [
              92.76439,
              23.49303
            ],
            [
              92.76424,
              23.49453
            ],
            [
              92.76342,
              23.4974
            ],
            [
              92.76267,
              23.50309
            ],
            [
              92.76266,
              23.50446
            ],
            [
              92.76318,
              23.50549
            ],
            [
              92.76429,
              23.50651
            ],
            [
              92.76511,
              23.50699
            ],
            [
              92.76614,
              23.50768
            ],
            [
              92.76681,
              23.5087
            ],
            [
              92.76695,
              23.51062
            ],
            [
              92.7668,
              23.51239
            ],
            [
              92.76606,
              23.51478
            ],
            [
              92.76576,
              23.51615
            ],
            [
              92.76555,
              23.5166
            ],
            [
              92.77954,
              23.53592
            ],
            [
              92.78746,
              23.54235
            ],
            [
              92.82218,
              23.5473
            ],
            [
              92.85018,
              23.5473
            ],
            [
              92.86653,
              23.5473
            ],
            [
              92.86925,
              23.5473
            ],
            [
              92.87178,
              23.5473
            ],
            [
              92.90799,
              23.53094
            ],
            [
              92.91648,
              23.53144
            ],
            [
              92.92485,
              23.53193
            ],
            [
              92.93031,
              23.53689
            ],
            [
              92.95919,
              23.50784
            ],
            [
              92.96345,
              23.50383
            ],
            [
              92.9636,
              23.50369
            ],
            [
              92.96751,
              23.50182
            ],
            [
              92.9727,
              23.50036
            ],
            [
              92.97758,
              23.49781
            ],
            [
              92.97849,
              23.49728
            ],
            [
              92.97954,
              23.49667
            ],
            [
              92.98174,
              23.49578
            ],
            [
              92.98319,
              23.49558
            ],
            [
              92.98495,
              23.49566
            ],
            [
              92.98692,
              23.49611
            ],
            [
              92.98947,
              23.49696
            ],
            [
              92.99114,
              23.49704
            ],
            [
              92.99352,
              23.49688
            ],
            [
              92.99639,
              23.49557
            ],
            [
              93.00228,
              23.49225
            ],
            [
              93.00549,
              23.48909
            ],
            [
              93.00911,
              23.48681
            ],
            [
              93.01153,
              23.48568
            ],
            [
              93.01395,
              23.48584
            ],
            [
              93.01663,
              23.48632
            ],
            [
              93.01931,
              23.48795
            ],
            [
              93.02072,
              23.48932
            ],
            [
              93.02292,
              23.49313
            ],
            [
              93.02415,
              23.49496
            ],
            [
              93.0245,
              23.4954
            ],
            [
              93.02529,
              23.49613
            ],
            [
              93.02621,
              23.4965
            ],
            [
              93.02745,
              23.4967
            ],
            [
              93.02775,
              23.4971
            ],
            [
              93.02934,
              23.50071
            ],
            [
              93.03041,
              23.50344
            ],
            [
              93.03041,
              23.50448
            ],
            [
              93.02944,
              23.50651
            ],
            [
              93.02777,
              23.50963
            ],
            [
              93.02641,
              23.51063
            ],
            [
              93.0243,
              23.51151
            ],
            [
              93.02385,
              23.5117
            ],
            [
              93.02308,
              23.51217
            ],
            [
              93.02242,
              23.51277
            ],
            [
              93.02199,
              23.51338
            ],
            [
              93.0211,
              23.5151
            ],
            [
              93.02003,
              23.51999
            ],
            [
              93.01964,
              23.52458
            ],
            [
              93.01964,
              23.52588
            ],
            [
              93.01964,
              23.52642
            ],
            [
              93.02027,
              23.5284
            ],
            [
              93.02059,
              23.52915
            ],
            [
              93.02083,
              23.52975
            ],
            [
              93.02088,
              23.53054
            ],
            [
              93.01992,
              23.533
            ],
            [
              93.01938,
              23.53468
            ],
            [
              93.01938,
              23.53577
            ],
            [
              93.01974,
              23.53722
            ],
            [
              93.02055,
              23.53858
            ],
            [
              93.02122,
              23.53989
            ],
            [
              93.02095,
              23.54131
            ],
            [
              93.02046,
              23.54175
            ],
            [
              93.01989,
              23.54217
            ],
            [
              93.01907,
              23.54289
            ],
            [
              93.01899,
              23.54295
            ],
            [
              93.01799,
              23.54364
            ],
            [
              93.01711,
              23.54479
            ],
            [
              93.01684,
              23.54715
            ],
            [
              93.01634,
              23.54886
            ],
            [
              93.01551,
              23.54991
            ],
            [
              93.01498,
              23.55093
            ],
            [
              93.01331,
              23.55492
            ],
            [
              93.01315,
              23.5553
            ],
            [
              93.0124,
              23.55749
            ],
            [
              93.01195,
              23.55843
            ],
            [
              93.01206,
              23.55919
            ],
            [
              93.013,
              23.5602
            ],
            [
              93.01394,
              23.5611
            ],
            [
              93.01469,
              23.56338
            ],
            [
              93.01507,
              23.57225
            ],
            [
              93.01502,
              23.57483
            ],
            [
              93.01464,
              23.57557
            ],
            [
              93.01422,
              23.57605
            ],
            [
              93.01327,
              23.57753
            ],
            [
              93.01327,
              23.57962
            ],
            [
              93.01355,
              23.58406
            ],
            [
              93.01384,
              23.58946
            ],
            [
              93.01478,
              23.59099
            ],
            [
              93.01639,
              23.59264
            ],
            [
              93.01838,
              23.59435
            ],
            [
              93.01933,
              23.59566
            ],
            [
              93.01963,
              23.59692
            ],
            [
              93.01975,
              23.59895
            ],
            [
              93.01981,
              23.60147
            ],
            [
              93.01963,
              23.60344
            ],
            [
              93.0179,
              23.60669
            ],
            [
              93.01695,
              23.60741
            ],
            [
              93.0166,
              23.60795
            ],
            [
              93.01576,
              23.6096
            ],
            [
              93.01576,
              23.61097
            ],
            [
              93.01612,
              23.61562
            ],
            [
              93.01618,
              23.6211
            ],
            [
              93.01654,
              23.62367
            ],
            [
              93.01646,
              23.62671
            ],
            [
              93.01605,
              23.62918
            ],
            [
              93.01506,
              23.63173
            ],
            [
              93.0149,
              23.63306
            ],
            [
              93.01477,
              23.63443
            ],
            [
              93.01481,
              23.63572
            ],
            [
              93.01552,
              23.6372
            ],
            [
              93.01651,
              23.6404
            ],
            [
              93.01651,
              23.64203
            ],
            [
              93.01539,
              23.6434
            ],
            [
              93.01215,
              23.64661
            ],
            [
              93.00966,
              23.65125
            ],
            [
              93.00945,
              23.65273
            ],
            [
              93.00945,
              23.65364
            ],
            [
              93.00992,
              23.65517
            ],
            [
              93.01065,
              23.65603
            ],
            [
              93.01195,
              23.65703
            ],
            [
              93.01459,
              23.65804
            ],
            [
              93.01495,
              23.65821
            ],
            [
              93.01528,
              23.65886
            ],
            [
              93.01544,
              23.65933
            ],
            [
              93.01577,
              23.65992
            ],
            [
              93.01615,
              23.66103
            ],
            [
              93.01653,
              23.66286
            ],
            [
              93.01697,
              23.66504
            ],
            [
              93.01697,
              23.66638
            ],
            [
              93.01697,
              23.66765
            ],
            [
              93.01687,
              23.66822
            ],
            [
              93.01651,
              23.66864
            ],
            [
              93.0159,
              23.66925
            ],
            [
              93.01513,
              23.67022
            ],
            [
              93.01299,
              23.6722
            ],
            [
              93.01213,
              23.6733
            ],
            [
              93.0117,
              23.67403
            ],
            [
              93.01154294500003,
              23.67468285500007
            ],
            [
              93.01119,
              23.67615
            ],
            [
              93.01147,
              23.67751
            ],
            [
              93.01142,
              23.67821
            ],
            [
              93.01198,
              23.6798
            ],
            [
              93.01243,
              23.68224
            ],
            [
              93.01289,
              23.68475
            ],
            [
              93.01366,
              23.68558
            ],
            [
              93.01506,
              23.68663
            ],
            [
              93.01602,
              23.68742
            ],
            [
              93.01651,
              23.68821
            ],
            [
              93.01656,
              23.68867
            ],
            [
              93.01629,
              23.68934
            ],
            [
              93.0157,
              23.69038
            ],
            [
              93.01502,
              23.69168
            ],
            [
              93.01411,
              23.69334
            ],
            [
              93.01357,
              23.69447
            ],
            [
              93.01361,
              23.69585
            ],
            [
              93.01359,
              23.69956
            ],
            [
              93.01347,
              23.70008
            ],
            [
              93.01319,
              23.70135
            ],
            [
              93.01313,
              23.7025
            ],
            [
              93.0133,
              23.70286
            ],
            [
              93.01416,
              23.70465
            ],
            [
              93.01479,
              23.70623
            ],
            [
              93.0149,
              23.70723
            ],
            [
              93.01484,
              23.70838
            ],
            [
              93.01433,
              23.71069
            ],
            [
              93.0137,
              23.71268
            ],
            [
              93.01309,
              23.71585
            ],
            [
              93.01294,
              23.71714
            ],
            [
              93.01334,
              23.71826
            ],
            [
              93.01374,
              23.72057
            ],
            [
              93.01374,
              23.72173
            ],
            [
              93.01364,
              23.72446
            ],
            [
              93.01354,
              23.72729
            ],
            [
              93.01349,
              23.72872
            ],
            [
              93.01314,
              23.73113
            ],
            [
              93.01314,
              23.73358
            ],
            [
              93.01324502374209,
              23.734397912173154
            ],
            [
              93.0138,
              23.73872
            ],
            [
              93.01368,
              23.74116
            ],
            [
              93.01361,
              23.74344
            ],
            [
              93.0133,
              23.74559
            ],
            [
              93.01297,
              23.74652
            ],
            [
              93.0126,
              23.74757
            ],
            [
              93.01197,
              23.74868
            ],
            [
              93.01196203294772,
              23.748701004046925
            ],
            [
              93.01153,
              23.74984
            ],
            [
              93.01096,
              23.75077
            ],
            [
              93.00982,
              23.75194
            ],
            [
              93.00868,
              23.75281
            ],
            [
              93.00728,
              23.75398
            ],
            [
              93.00672072000003,
              23.754495043000077
            ],
            [
              93.00551,
              23.75561
            ],
            [
              93.00367,
              23.75731
            ],
            [
              93.00296,
              23.75839
            ],
            [
              93.00202,
              23.75961
            ],
            [
              93.00143,
              23.76106
            ],
            [
              93.00077,
              23.76502
            ],
            [
              92.99923,
              23.76778
            ],
            [
              92.99844,
              23.76904
            ],
            [
              92.9974,
              23.77018
            ],
            [
              92.99676,
              23.77099
            ],
            [
              92.99623,
              23.77196
            ],
            [
              92.99602,
              23.77235
            ],
            [
              92.99553,
              23.77399
            ],
            [
              92.99553,
              23.7753
            ],
            [
              92.99553,
              23.77616
            ],
            [
              92.99514,
              23.77684
            ],
            [
              92.99499,
              23.77811
            ],
            [
              92.99565315500007,
              23.78306574100003
            ],
            [
              92.99414830800004,
              23.78423497400007
            ],
            [
              92.99389439700008,
              23.796507693000024
            ],
            [
              92.99126729600005,
              23.80415421400005
            ],
            [
              92.98847379000006,
              23.804202770000074
            ],
            [
              92.98847928200007,
              23.804331647000026
            ],
            [
              92.98566903900007,
              23.810071589000074
            ],
            [
              92.98550570300006,
              23.81683375600005
            ],
            [
              92.98736259100008,
              23.827239763000023
            ],
            [
              92.99281273300005,
              23.834834458000046
            ],
            [
              92.99460619200005,
              23.843038961000047
            ],
            [
              92.98869137600008,
              23.85557016000007
            ],
            [
              92.98134521300005,
              23.85572009200007
            ],
            [
              92.97421008500004,
              23.864171725000062
            ],
            [
              92.96966379300005,
              23.87309744600003
            ],
            [
              92.97267469700006,
              23.89017493600005
            ],
            [
              92.97429670900004,
              23.910539390000054
            ],
            [
              92.97811560800005,
              23.92242258500005
            ],
            [
              92.97706888500005,
              23.940263247000075
            ],
            [
              92.97940088300004,
              23.963903583000047
            ],
            [
              92.98300598500003,
              23.973243526000033
            ],
            [
              92.98753255500009,
              23.984165198000028
            ],
            [
              92.98685005600004,
              23.99487307800007
            ],
            [
              92.98603454000005,
              24.007777
            ],
            [
              92.98903162200008,
              24.020437127000037
            ],
            [
              92.98890490000008,
              24.02700783800003
            ],
            [
              92.98210927700006,
              24.036192525000047
            ],
            [
              92.98106479400008,
              24.054933591000065
            ],
            [
              92.98051075600006,
              24.07559994500008
            ],
            [
              92.97567263400003,
              24.080598162000058
            ],
            [
              92.97442640800006,
              24.08677335300007
            ],
            [
              92.96979191300005,
              24.091289666000023
            ],
            [
              92.96683662200007,
              24.09640193000007
            ],
            [
              92.96693709795147,
              24.096649449880296
            ],
            [
              92.96613,
              24.09742
            ],
            [
              92.96453,
              24.09889
            ],
            [
              92.96324,
              24.0998
            ],
            [
              92.96196,
              24.10019
            ],
            [
              92.96112,
              24.10048
            ],
            [
              92.96018,
              24.10121
            ],
            [
              92.9595,
              24.10227
            ],
            [
              92.95825,
              24.10381
            ],
            [
              92.95773,
              24.10449
            ],
            [
              92.95748,
              24.10544
            ],
            [
              92.9574,
              24.10716
            ],
            [
              92.95735,
              24.10837
            ],
            [
              92.95728,
              24.10971
            ],
            [
              92.95752,
              24.11061
            ],
            [
              92.95891,
              24.11134
            ],
            [
              92.96074,
              24.11182
            ],
            [
              92.96171,
              24.11227
            ],
            [
              92.9627,
              24.11303
            ],
            [
              92.96516830200005,
              24.114611973000024
            ],
            [
              92.96969,
              24.11751
            ],
            [
              92.97359,
              24.12137
            ],
            [
              92.97702,
              24.12579
            ],
            [
              92.97896,
              24.12812
            ],
            [
              92.98018,
              24.12999
            ],
            [
              92.98052,
              24.13087
            ],
            [
              92.98175,
              24.13161
            ],
            [
              92.98304,
              24.13218
            ],
            [
              92.98508,
              24.1333
            ],
            [
              92.98671,
              24.13517
            ],
            [
              92.98808,
              24.13686
            ],
            [
              92.9891,
              24.13773
            ],
            [
              92.99025,
              24.1386
            ],
            [
              92.99195,
              24.13917
            ],
            [
              92.99386,
              24.13948
            ],
            [
              92.99651,
              24.1401
            ],
            [
              92.99855,
              24.14135
            ],
            [
              93.00318,
              24.14534
            ],
            [
              93.00542,
              24.14753
            ],
            [
              93.00699,
              24.15221
            ],
            [
              93.00708,
              24.15563
            ],
            [
              93.00603,
              24.15765
            ],
            [
              93.00536,
              24.15932
            ],
            [
              93.00536,
              24.16064
            ],
            [
              93.00536,
              24.16267
            ],
            [
              93.00536,
              24.16522
            ],
            [
              93.00536,
              24.16716
            ],
            [
              93.00574,
              24.16848
            ],
            [
              93.00641,
              24.16997
            ],
            [
              93.00766,
              24.17103
            ],
            [
              93.00852,
              24.17156
            ],
            [
              93.01035,
              24.17261
            ],
            [
              93.0114,
              24.17332
            ],
            [
              93.01304,
              24.1734
            ],
            [
              93.01496,
              24.17331
            ],
            [
              93.01678,
              24.17331
            ],
            [
              93.01841,
              24.17411
            ],
            [
              93.0211,
              24.17815
            ],
            [
              93.02273,
              24.18167
            ],
            [
              93.0234,
              24.18555
            ],
            [
              93.0235,
              24.18713
            ],
            [
              93.0235,
              24.18907
            ],
            [
              93.0235,
              24.19056
            ],
            [
              93.02283,
              24.19215
            ],
            [
              93.02225,
              24.19338
            ],
            [
              93.02197,
              24.19461
            ],
            [
              93.02197,
              24.19901
            ],
            [
              93.02314,
              24.20463
            ],
            [
              93.02433,
              24.20771
            ],
            [
              93.0256,
              24.21018
            ],
            [
              93.02624,
              24.21158
            ],
            [
              93.02673,
              24.21265
            ],
            [
              93.02755,
              24.21484
            ],
            [
              93.02807,
              24.21689
            ],
            [
              93.02807,
              24.21874
            ],
            [
              93.02667,
              24.22252
            ],
            [
              93.02589,
              24.22413
            ],
            [
              93.02496,
              24.22518
            ],
            [
              93.02361,
              24.22585
            ],
            [
              93.02174,
              24.2268
            ],
            [
              93.02076,
              24.22722
            ],
            [
              93.01982,
              24.22789
            ],
            [
              93.01899,
              24.22898
            ],
            [
              93.01847,
              24.23031
            ],
            [
              93.0177,
              24.23193
            ],
            [
              93.01645,
              24.23369
            ],
            [
              93.01557,
              24.23554
            ],
            [
              93.01477,
              24.23704
            ],
            [
              93.01448,
              24.23759
            ],
            [
              93.01324,
              24.23906
            ],
            [
              93.01298,
              24.24077
            ],
            [
              93.01298,
              24.24101
            ],
            [
              93.01298,
              24.2493
            ],
            [
              93.01302,
              24.25461
            ],
            [
              93.01284,
              24.25635
            ],
            [
              93.01261,
              24.25702
            ],
            [
              93.01257,
              24.25789
            ],
            [
              93.01261,
              24.25897
            ],
            [
              93.01329,
              24.26
            ],
            [
              93.01442,
              24.2615
            ],
            [
              93.01524,
              24.26349
            ],
            [
              93.01533,
              24.26623
            ],
            [
              93.01524,
              24.26895
            ],
            [
              93.01621,
              24.27099
            ],
            [
              93.0173,
              24.27271
            ],
            [
              93.01855,
              24.27412
            ],
            [
              93.01952,
              24.2748
            ],
            [
              93.02135,
              24.27664
            ],
            [
              93.02169,
              24.2781
            ],
            [
              93.02186,
              24.27977
            ],
            [
              93.02246,
              24.28148
            ],
            [
              93.02374,
              24.28328
            ],
            [
              93.0255,
              24.285
            ],
            [
              93.0275,
              24.28683
            ],
            [
              93.02914,
              24.28987
            ],
            [
              93.03034,
              24.29399
            ],
            [
              93.03104,
              24.29537
            ],
            [
              93.03184,
              24.29638
            ],
            [
              93.03295,
              24.29744
            ],
            [
              93.03501,
              24.29859
            ],
            [
              93.03602,
              24.29905
            ],
            [
              93.03667,
              24.29956
            ],
            [
              93.03748,
              24.30034
            ],
            [
              93.03853,
              24.30168
            ],
            [
              93.03979,
              24.30494
            ],
            [
              93.04125,
              24.31048
            ],
            [
              93.04266,
              24.31371
            ],
            [
              93.04286,
              24.31574
            ],
            [
              93.04271,
              24.31712
            ],
            [
              93.04206,
              24.31818
            ],
            [
              93.04151,
              24.31883
            ],
            [
              93.04065,
              24.31984
            ],
            [
              93.03985,
              24.32122
            ],
            [
              93.03915,
              24.32334
            ],
            [
              93.03841,
              24.32757
            ],
            [
              93.03819,
              24.3286
            ],
            [
              93.03772,
              24.32942
            ],
            [
              93.03726,
              24.33003
            ],
            [
              93.03688,
              24.33053
            ],
            [
              93.03551,
              24.33178
            ],
            [
              93.03545,
              24.33184
            ],
            [
              93.03455,
              24.33261
            ],
            [
              93.03321,
              24.33356
            ],
            [
              93.03225,
              24.33407
            ],
            [
              93.02973,
              24.33501
            ],
            [
              93.02836,
              24.33589
            ],
            [
              93.02745,
              24.3382
            ],
            [
              93.02562,
              24.3423
            ],
            [
              93.02513,
              24.34408
            ],
            [
              93.02437,
              24.34685
            ],
            [
              93.02436,
              24.34692
            ],
            [
              93.02363,
              24.35226
            ],
            [
              93.02406,
              24.357
            ],
            [
              93.02406,
              24.35715
            ],
            [
              93.02406,
              24.36034
            ],
            [
              93.02406,
              24.36163
            ],
            [
              93.02496,
              24.36996
            ],
            [
              93.02496,
              24.37187
            ],
            [
              93.02496,
              24.37378
            ],
            [
              93.02489,
              24.37499
            ],
            [
              93.02451,
              24.37607
            ],
            [
              93.0244,
              24.37639
            ],
            [
              93.02246,
              24.37931
            ],
            [
              93.02163,
              24.38065
            ],
            [
              93.02065,
              24.38204
            ],
            [
              93.01978,
              24.38301
            ],
            [
              93.0194,
              24.38344
            ],
            [
              93.01794,
              24.38485
            ],
            [
              93.01781,
              24.38497
            ],
            [
              93.01656,
              24.387
            ],
            [
              93.0144,
              24.394
            ],
            [
              93.01302,
              24.39705
            ],
            [
              93.01369,
              24.39919
            ],
            [
              93.01386,
              24.39972
            ],
            [
              93.01197,
              24.40048
            ],
            [
              93.00679,
              24.40258
            ],
            [
              93.00434,
              24.40913
            ],
            [
              92.9996,
              24.40225
            ],
            [
              92.99839,
              24.40049
            ],
            [
              92.99594,
              24.39879
            ],
            [
              92.99325,
              24.39918
            ],
            [
              92.9915,
              24.40098
            ],
            [
              92.98981,
              24.40272
            ],
            [
              92.98631,
              24.40484
            ],
            [
              92.98623,
              24.40489
            ],
            [
              92.98613,
              24.40489
            ],
            [
              92.98525,
              24.40486
            ],
            [
              92.98424,
              24.40472
            ],
            [
              92.98334,
              24.40481
            ],
            [
              92.98001,
              24.40619
            ],
            [
              92.97818,
              24.40695
            ],
            [
              92.97758,
              24.4067
            ],
            [
              92.97359,
              24.40503
            ],
            [
              92.97209,
              24.403
            ],
            [
              92.96876,
              24.39849
            ],
            [
              92.95827,
              24.39318
            ],
            [
              92.95607,
              24.39535
            ],
            [
              92.9539,
              24.39907
            ],
            [
              92.95266,
              24.40119
            ],
            [
              92.95184,
              24.40194
            ],
            [
              92.95052,
              24.40204
            ],
            [
              92.9492,
              24.40215
            ],
            [
              92.94631,
              24.40094
            ],
            [
              92.94495,
              24.40036
            ],
            [
              92.9421,
              24.39917
            ],
            [
              92.9396,
              24.39862
            ],
            [
              92.93852,
              24.39838
            ],
            [
              92.93651,
              24.39636
            ],
            [
              92.9357,
              24.39405
            ],
            [
              92.93368,
              24.39289
            ],
            [
              92.92564,
              24.396
            ],
            [
              92.92336,
              24.39959
            ],
            [
              92.92166,
              24.39998
            ],
            [
              92.92059,
              24.40153
            ],
            [
              92.92125,
              24.40281
            ],
            [
              92.9214,
              24.40309
            ],
            [
              92.91949,
              24.40425
            ],
            [
              92.90956,
              24.4103
            ],
            [
              92.90926,
              24.40897
            ],
            [
              92.90895,
              24.40763
            ],
            [
              92.90732,
              24.40057
            ],
            [
              92.90642,
              24.39953
            ],
            [
              92.90552,
              24.3985
            ],
            [
              92.90375,
              24.39646
            ],
            [
              92.90385,
              24.39358
            ],
            [
              92.90387,
              24.3931
            ],
            [
              92.90388,
              24.39278
            ],
            [
              92.90325,
              24.39194
            ],
            [
              92.90319,
              24.39186
            ],
            [
              92.8999,
              24.39107
            ],
            [
              92.89898,
              24.39085
            ],
            [
              92.89668,
              24.39129
            ],
            [
              92.89438,
              24.39173
            ],
            [
              92.8934,
              24.39223
            ],
            [
              92.89301,
              24.39243
            ],
            [
              92.89242,
              24.39274
            ]
          ]
        ]
      }
    },
    {
      "type": "Feature",
      "properties": {
        "district": "Kohima",
        "state": "Nagaland",
        "country": "India",
        "state_iso": "IN-NL",
        "area_sqkm": 1447.61,
        "perimeter_km": 218.74,
        "centroid_lon": 94.106928,
        "centroid_lat": 25.77391,
        "bbox": [
          93.89129,
          25.51901,
          94.2994,
          26.02657
        ],
        "crs": "EPSG:4326",
        "source": "LGD / geoBoundaries IND-ADM2 (Open Data Commons ODbL 1.0)"
      },
      "geometry": {
        "type": "Polygon",
        "coordinates": [
          [
            [
              94.29126,
              25.76461
            ],
            [
              94.29089,
              25.76491
            ],
            [
              94.29038,
              25.76582
            ],
            [
              94.2903,
              25.76609
            ],
            [
              94.29031,
              25.76637
            ],
            [
              94.29062,
              25.76685
            ],
            [
              94.29066,
              25.76711
            ],
            [
              94.29067,
              25.76734
            ],
            [
              94.29051,
              25.7676
            ],
            [
              94.29021,
              25.76783
            ],
            [
              94.2898,
              25.76797
            ],
            [
              94.28936,
              25.76807
            ],
            [
              94.28909,
              25.76816
            ],
            [
              94.28863,
              25.76819
            ],
            [
              94.28821,
              25.76822
            ],
            [
              94.28738,
              25.76826
            ],
            [
              94.2868,
              25.76828
            ],
            [
              94.28628,
              25.76834
            ],
            [
              94.28565,
              25.76852
            ],
            [
              94.28509,
              25.7688
            ],
            [
              94.28435,
              25.76926
            ],
            [
              94.28387,
              25.76954
            ],
            [
              94.28351,
              25.77013
            ],
            [
              94.28343,
              25.77041
            ],
            [
              94.28346,
              25.77103
            ],
            [
              94.28346,
              25.77146
            ],
            [
              94.28345,
              25.77191
            ],
            [
              94.28335,
              25.77207
            ],
            [
              94.28311,
              25.77209
            ],
            [
              94.28274,
              25.77206
            ],
            [
              94.2824,
              25.77199
            ],
            [
              94.28187,
              25.77194
            ],
            [
              94.28162,
              25.77199
            ],
            [
              94.28144,
              25.77219
            ],
            [
              94.28117,
              25.77264
            ],
            [
              94.28072,
              25.77316
            ],
            [
              94.28032,
              25.77393
            ],
            [
              94.28004,
              25.77549
            ],
            [
              94.28028,
              25.776
            ],
            [
              94.28048,
              25.77613
            ],
            [
              94.28066,
              25.77625
            ],
            [
              94.28105,
              25.77637
            ],
            [
              94.28147,
              25.77667
            ],
            [
              94.28153,
              25.77692
            ],
            [
              94.28153,
              25.77718
            ],
            [
              94.28138,
              25.77754
            ],
            [
              94.28111,
              25.77788
            ],
            [
              94.2808,
              25.77826
            ],
            [
              94.28033,
              25.77866
            ],
            [
              94.27984,
              25.77903
            ],
            [
              94.27933,
              25.7794
            ],
            [
              94.27865,
              25.77967
            ],
            [
              94.27822,
              25.7799
            ],
            [
              94.27806,
              25.78033
            ],
            [
              94.27805,
              25.78062
            ],
            [
              94.27818,
              25.78079
            ],
            [
              94.27848,
              25.78106
            ],
            [
              94.27892,
              25.78135
            ],
            [
              94.27914,
              25.78152
            ],
            [
              94.27961,
              25.78194
            ],
            [
              94.2803,
              25.78226
            ],
            [
              94.28065,
              25.78243
            ],
            [
              94.28115,
              25.7825
            ],
            [
              94.28179,
              25.78252
            ],
            [
              94.28215,
              25.78244
            ],
            [
              94.2826,
              25.78213
            ],
            [
              94.28279,
              25.78208
            ],
            [
              94.28292,
              25.78214
            ],
            [
              94.28314,
              25.78232
            ],
            [
              94.2832,
              25.78242
            ],
            [
              94.28325,
              25.78273
            ],
            [
              94.28327,
              25.783
            ],
            [
              94.28328,
              25.78362
            ],
            [
              94.28315,
              25.78468
            ],
            [
              94.28298,
              25.78525
            ],
            [
              94.28261,
              25.78558
            ],
            [
              94.28219,
              25.78566
            ],
            [
              94.28178,
              25.78577
            ],
            [
              94.28141,
              25.78587
            ],
            [
              94.28111,
              25.78613
            ],
            [
              94.28102,
              25.78631
            ],
            [
              94.2809,
              25.78665
            ],
            [
              94.28087,
              25.78699
            ],
            [
              94.28089,
              25.78763
            ],
            [
              94.28127,
              25.78898
            ],
            [
              94.28143,
              25.78919
            ],
            [
              94.2817,
              25.78926
            ],
            [
              94.28198,
              25.78924
            ],
            [
              94.28263,
              25.78908
            ],
            [
              94.28318,
              25.78884
            ],
            [
              94.28368,
              25.78872
            ],
            [
              94.28417,
              25.78877
            ],
            [
              94.28439,
              25.78887
            ],
            [
              94.28477,
              25.78932
            ],
            [
              94.28499,
              25.78968
            ],
            [
              94.28516,
              25.78985
            ],
            [
              94.28578,
              25.79077
            ],
            [
              94.28579,
              25.79141
            ],
            [
              94.28564,
              25.79189
            ],
            [
              94.28514,
              25.79223
            ],
            [
              94.28398,
              25.79305
            ],
            [
              94.28347,
              25.79381
            ],
            [
              94.28347,
              25.79404
            ],
            [
              94.28357,
              25.79425
            ],
            [
              94.28391,
              25.7946
            ],
            [
              94.28428,
              25.79483
            ],
            [
              94.28493,
              25.79517
            ],
            [
              94.28568,
              25.79532
            ],
            [
              94.28611,
              25.79533
            ],
            [
              94.28648,
              25.79512
            ],
            [
              94.28683,
              25.79484
            ],
            [
              94.28742,
              25.79453
            ],
            [
              94.28771,
              25.79437
            ],
            [
              94.28792,
              25.79429
            ],
            [
              94.28807,
              25.79431
            ],
            [
              94.28819,
              25.79435
            ],
            [
              94.28852,
              25.79462
            ],
            [
              94.28886,
              25.79528
            ],
            [
              94.28899,
              25.79564
            ],
            [
              94.28902,
              25.79601
            ],
            [
              94.28904,
              25.79622
            ],
            [
              94.28907,
              25.7967
            ],
            [
              94.28903,
              25.79741
            ],
            [
              94.28886,
              25.79773
            ],
            [
              94.28871,
              25.79789
            ],
            [
              94.28845,
              25.79796
            ],
            [
              94.28818,
              25.79808
            ],
            [
              94.28803,
              25.79819
            ],
            [
              94.28788,
              25.79845
            ],
            [
              94.28786,
              25.79872
            ],
            [
              94.28796,
              25.79904
            ],
            [
              94.28811,
              25.79925
            ],
            [
              94.2884,
              25.7997
            ],
            [
              94.28874,
              25.80108
            ],
            [
              94.28896,
              25.8025
            ],
            [
              94.28877,
              25.80351
            ],
            [
              94.28872,
              25.80376
            ],
            [
              94.2887,
              25.80385
            ],
            [
              94.2886,
              25.80401
            ],
            [
              94.28842,
              25.80422
            ],
            [
              94.28809,
              25.80438
            ],
            [
              94.28772,
              25.80452
            ],
            [
              94.28721,
              25.80473
            ],
            [
              94.28681,
              25.80481
            ],
            [
              94.2865,
              25.80476
            ],
            [
              94.28628,
              25.80474
            ],
            [
              94.28584,
              25.80459
            ],
            [
              94.28559,
              25.8045
            ],
            [
              94.28526,
              25.80452
            ],
            [
              94.28493,
              25.80462
            ],
            [
              94.28461,
              25.80476
            ],
            [
              94.28438,
              25.80519
            ],
            [
              94.28411,
              25.80563
            ],
            [
              94.28396,
              25.8063
            ],
            [
              94.28394,
              25.80649
            ],
            [
              94.28455,
              25.8073
            ],
            [
              94.28501,
              25.80764
            ],
            [
              94.28517,
              25.8078
            ],
            [
              94.28535,
              25.80803
            ],
            [
              94.28547,
              25.80826
            ],
            [
              94.2855,
              25.80842
            ],
            [
              94.28561,
              25.80874
            ],
            [
              94.28514,
              25.80984
            ],
            [
              94.28466,
              25.81051
            ],
            [
              94.28434,
              25.81069
            ],
            [
              94.28368,
              25.81065
            ],
            [
              94.28345,
              25.81047
            ],
            [
              94.28324,
              25.81027
            ],
            [
              94.28289,
              25.80993
            ],
            [
              94.2825,
              25.80968
            ],
            [
              94.28222,
              25.80952
            ],
            [
              94.28187,
              25.80943
            ],
            [
              94.28162,
              25.80946
            ],
            [
              94.28131,
              25.8096
            ],
            [
              94.28111,
              25.80985
            ],
            [
              94.28097,
              25.81022
            ],
            [
              94.28087,
              25.81052
            ],
            [
              94.2806,
              25.81139
            ],
            [
              94.28083,
              25.81178
            ],
            [
              94.28122,
              25.81216
            ],
            [
              94.28155,
              25.8125
            ],
            [
              94.28181,
              25.81328
            ],
            [
              94.28181,
              25.81393
            ],
            [
              94.28182,
              25.81425
            ],
            [
              94.28167,
              25.8145
            ],
            [
              94.28127,
              25.81491
            ],
            [
              94.28094,
              25.81526
            ],
            [
              94.28052,
              25.81552
            ],
            [
              94.27999,
              25.81575
            ],
            [
              94.2789,
              25.81613
            ],
            [
              94.27828,
              25.81614
            ],
            [
              94.27797,
              25.81632
            ],
            [
              94.27764,
              25.81669
            ],
            [
              94.27722,
              25.81714
            ],
            [
              94.27699,
              25.81752
            ],
            [
              94.27653,
              25.81803
            ],
            [
              94.27632,
              25.81897
            ],
            [
              94.27641,
              25.81928
            ],
            [
              94.27671,
              25.81954
            ],
            [
              94.2771,
              25.81975
            ],
            [
              94.27762,
              25.81998
            ],
            [
              94.27793,
              25.82014
            ],
            [
              94.27806,
              25.82019
            ],
            [
              94.27816,
              25.82028
            ],
            [
              94.27821,
              25.82049
            ],
            [
              94.27809,
              25.82074
            ],
            [
              94.2779,
              25.82108
            ],
            [
              94.27773,
              25.82146
            ],
            [
              94.27755,
              25.82184
            ],
            [
              94.27716,
              25.82226
            ],
            [
              94.27683,
              25.82261
            ],
            [
              94.27656,
              25.82287
            ],
            [
              94.27634,
              25.82307
            ],
            [
              94.27619,
              25.82316
            ],
            [
              94.27604,
              25.8232
            ],
            [
              94.27589,
              25.8232
            ],
            [
              94.27563,
              25.82305
            ],
            [
              94.27544,
              25.82288
            ],
            [
              94.27524,
              25.82268
            ],
            [
              94.27501,
              25.82251
            ],
            [
              94.27473,
              25.82247
            ],
            [
              94.27436,
              25.82242
            ],
            [
              94.27404,
              25.82241
            ],
            [
              94.2732,
              25.82291
            ],
            [
              94.27234,
              25.82347
            ],
            [
              94.2711,
              25.82414
            ],
            [
              94.271,
              25.8243
            ],
            [
              94.271,
              25.82464
            ],
            [
              94.27105,
              25.82488
            ],
            [
              94.27117,
              25.82526
            ],
            [
              94.27117,
              25.82551
            ],
            [
              94.27117,
              25.82573
            ],
            [
              94.27105,
              25.82589
            ],
            [
              94.27081,
              25.8261
            ],
            [
              94.27037,
              25.82631
            ],
            [
              94.26996,
              25.82644
            ],
            [
              94.26943,
              25.82659
            ],
            [
              94.26918,
              25.82672
            ],
            [
              94.26881,
              25.82692
            ],
            [
              94.26846,
              25.82708
            ],
            [
              94.26814,
              25.82722
            ],
            [
              94.2679,
              25.82728
            ],
            [
              94.26763,
              25.8273
            ],
            [
              94.26743,
              25.82729
            ],
            [
              94.26722,
              25.82719
            ],
            [
              94.26704,
              25.82708
            ],
            [
              94.26692,
              25.82693
            ],
            [
              94.26676,
              25.82663
            ],
            [
              94.26664,
              25.82642
            ],
            [
              94.2665,
              25.82628
            ],
            [
              94.26634,
              25.82617
            ],
            [
              94.26616,
              25.82614
            ],
            [
              94.26588,
              25.82623
            ],
            [
              94.26564,
              25.82639
            ],
            [
              94.26546,
              25.82656
            ],
            [
              94.26516,
              25.82668
            ],
            [
              94.26358,
              25.82664
            ],
            [
              94.26316,
              25.8266
            ],
            [
              94.26286,
              25.82661
            ],
            [
              94.26249,
              25.8267
            ],
            [
              94.26221,
              25.8269
            ],
            [
              94.26194,
              25.82724
            ],
            [
              94.26167,
              25.82741
            ],
            [
              94.26112,
              25.82741
            ],
            [
              94.26091,
              25.8274
            ],
            [
              94.26073,
              25.82738
            ],
            [
              94.26054,
              25.82725
            ],
            [
              94.26029,
              25.82707
            ],
            [
              94.26015,
              25.827
            ],
            [
              94.25994,
              25.82692
            ],
            [
              94.25975,
              25.82684
            ],
            [
              94.25962,
              25.82672
            ],
            [
              94.2594,
              25.82666
            ],
            [
              94.25919,
              25.82661
            ],
            [
              94.25902,
              25.82657
            ],
            [
              94.25892,
              25.82647
            ],
            [
              94.25898,
              25.82593
            ],
            [
              94.25968,
              25.8249
            ],
            [
              94.25982,
              25.82465
            ],
            [
              94.25986,
              25.82435
            ],
            [
              94.25981,
              25.82406
            ],
            [
              94.25952,
              25.82355
            ],
            [
              94.25929,
              25.82323
            ],
            [
              94.25911,
              25.82308
            ],
            [
              94.25887,
              25.82301
            ],
            [
              94.2586,
              25.82294
            ],
            [
              94.25816,
              25.82295
            ],
            [
              94.25771,
              25.82307
            ],
            [
              94.25741,
              25.82323
            ],
            [
              94.25713,
              25.82347
            ],
            [
              94.25684,
              25.82369
            ],
            [
              94.25646,
              25.82392
            ],
            [
              94.25611,
              25.82416
            ],
            [
              94.25578,
              25.8243
            ],
            [
              94.25551,
              25.82431
            ],
            [
              94.25529,
              25.82413
            ],
            [
              94.25522,
              25.82384
            ],
            [
              94.25518,
              25.8236
            ],
            [
              94.25512,
              25.82321
            ],
            [
              94.25509,
              25.82303
            ],
            [
              94.25505,
              25.8228
            ],
            [
              94.25503,
              25.82243
            ],
            [
              94.25515,
              25.82211
            ],
            [
              94.25529,
              25.82195
            ],
            [
              94.25554,
              25.82167
            ],
            [
              94.25568,
              25.8215
            ],
            [
              94.2557,
              25.82116
            ],
            [
              94.25563,
              25.82109
            ],
            [
              94.25543,
              25.82094
            ],
            [
              94.25532,
              25.82094
            ],
            [
              94.25506,
              25.82104
            ],
            [
              94.25493,
              25.82111
            ],
            [
              94.25477,
              25.82116
            ],
            [
              94.25461,
              25.82116
            ],
            [
              94.2545,
              25.82111
            ],
            [
              94.25439,
              25.82102
            ],
            [
              94.25429,
              25.82089
            ],
            [
              94.25429,
              25.82066
            ],
            [
              94.25434,
              25.82042
            ],
            [
              94.2546,
              25.82012
            ],
            [
              94.255,
              25.8199
            ],
            [
              94.25523,
              25.8197
            ],
            [
              94.25541,
              25.81948
            ],
            [
              94.25553,
              25.81927
            ],
            [
              94.25565,
              25.81901
            ],
            [
              94.25563,
              25.81869
            ],
            [
              94.25556,
              25.81857
            ],
            [
              94.25535,
              25.81856
            ],
            [
              94.25504,
              25.81864
            ],
            [
              94.25468,
              25.81877
            ],
            [
              94.25425,
              25.81897
            ],
            [
              94.254,
              25.81904
            ],
            [
              94.25386,
              25.81904
            ],
            [
              94.25373,
              25.81898
            ],
            [
              94.25365,
              25.81883
            ],
            [
              94.25359,
              25.81866
            ],
            [
              94.25348,
              25.81843
            ],
            [
              94.25332,
              25.81829
            ],
            [
              94.253,
              25.81822
            ],
            [
              94.25262,
              25.81821
            ],
            [
              94.25199,
              25.81829
            ],
            [
              94.25122,
              25.81843
            ],
            [
              94.2509,
              25.81856
            ],
            [
              94.25052,
              25.81873
            ],
            [
              94.25018,
              25.819
            ],
            [
              94.24992,
              25.81938
            ],
            [
              94.24986,
              25.81956
            ],
            [
              94.24985,
              25.81993
            ],
            [
              94.24985,
              25.82023
            ],
            [
              94.25,
              25.82053
            ],
            [
              94.25034,
              25.82085
            ],
            [
              94.25068,
              25.82109
            ],
            [
              94.25125,
              25.82135
            ],
            [
              94.25161,
              25.82163
            ],
            [
              94.25173,
              25.82186
            ],
            [
              94.25173,
              25.82221
            ],
            [
              94.25152,
              25.82251
            ],
            [
              94.25125,
              25.82282
            ],
            [
              94.25061,
              25.82382
            ],
            [
              94.24994,
              25.82529
            ],
            [
              94.24986,
              25.82551
            ],
            [
              94.24964,
              25.82571
            ],
            [
              94.24945,
              25.82572
            ],
            [
              94.24895,
              25.82572
            ],
            [
              94.24875,
              25.82562
            ],
            [
              94.24858,
              25.82537
            ],
            [
              94.24842,
              25.82512
            ],
            [
              94.24816,
              25.8249
            ],
            [
              94.24791,
              25.82485
            ],
            [
              94.24753,
              25.8249
            ],
            [
              94.24714,
              25.82511
            ],
            [
              94.24673,
              25.82541
            ],
            [
              94.24637,
              25.82582
            ],
            [
              94.24605,
              25.8263
            ],
            [
              94.24597,
              25.82685
            ],
            [
              94.24648,
              25.82762
            ],
            [
              94.2469,
              25.82814
            ],
            [
              94.24693,
              25.82872
            ],
            [
              94.24666,
              25.82937
            ],
            [
              94.24594,
              25.82988
            ],
            [
              94.24528,
              25.83021
            ],
            [
              94.24476,
              25.83054
            ],
            [
              94.24432,
              25.83092
            ],
            [
              94.24396,
              25.83133
            ],
            [
              94.24372,
              25.83155
            ],
            [
              94.24342,
              25.83181
            ],
            [
              94.24298,
              25.83211
            ],
            [
              94.24262,
              25.83231
            ],
            [
              94.24229,
              25.83267
            ],
            [
              94.24227,
              25.83326
            ],
            [
              94.2421,
              25.8339
            ],
            [
              94.24201,
              25.83441
            ],
            [
              94.2418,
              25.83492
            ],
            [
              94.24171,
              25.8357
            ],
            [
              94.24177,
              25.83718
            ],
            [
              94.24173,
              25.83789
            ],
            [
              94.24122,
              25.83849
            ],
            [
              94.24078,
              25.8388
            ],
            [
              94.24006,
              25.83954
            ],
            [
              94.23967,
              25.83966
            ],
            [
              94.2391,
              25.83971
            ],
            [
              94.23888,
              25.83969
            ],
            [
              94.23859,
              25.83969
            ],
            [
              94.23823,
              25.83989
            ],
            [
              94.23781,
              25.8402
            ],
            [
              94.23752,
              25.84049
            ],
            [
              94.23721,
              25.84089
            ],
            [
              94.23672,
              25.84127
            ],
            [
              94.23641,
              25.84168
            ],
            [
              94.23637,
              25.8421
            ],
            [
              94.23639,
              25.84249
            ],
            [
              94.23642,
              25.84285
            ],
            [
              94.23642,
              25.84307
            ],
            [
              94.23628,
              25.84329
            ],
            [
              94.23594,
              25.84351
            ],
            [
              94.23545,
              25.84376
            ],
            [
              94.23511,
              25.84403
            ],
            [
              94.2349,
              25.84425
            ],
            [
              94.23453,
              25.84452
            ],
            [
              94.234,
              25.84506
            ],
            [
              94.23369,
              25.84526
            ],
            [
              94.23337,
              25.84533
            ],
            [
              94.23303,
              25.84533
            ],
            [
              94.23273,
              25.84527
            ],
            [
              94.23251,
              25.84509
            ],
            [
              94.23239,
              25.84489
            ],
            [
              94.23219,
              25.84459
            ],
            [
              94.23201,
              25.84434
            ],
            [
              94.23172,
              25.84419
            ],
            [
              94.23148,
              25.84433
            ],
            [
              94.23119,
              25.84466
            ],
            [
              94.23075,
              25.84528
            ],
            [
              94.23017,
              25.84602
            ],
            [
              94.22997,
              25.84621
            ],
            [
              94.2298,
              25.8464
            ],
            [
              94.22962,
              25.84658
            ],
            [
              94.22946,
              25.8468
            ],
            [
              94.22943,
              25.84698
            ],
            [
              94.22943,
              25.84721
            ],
            [
              94.22943,
              25.84747
            ],
            [
              94.22943,
              25.8477
            ],
            [
              94.22936,
              25.84793
            ],
            [
              94.22927,
              25.84817
            ],
            [
              94.22905,
              25.84843
            ],
            [
              94.22855,
              25.84872
            ],
            [
              94.22806,
              25.84894
            ],
            [
              94.22719,
              25.84949
            ],
            [
              94.22683,
              25.84969
            ],
            [
              94.22662,
              25.84993
            ],
            [
              94.22643,
              25.8501
            ],
            [
              94.22613,
              25.85026
            ],
            [
              94.2258,
              25.85038
            ],
            [
              94.22549,
              25.85045
            ],
            [
              94.22522,
              25.85052
            ],
            [
              94.2248,
              25.85059
            ],
            [
              94.22459,
              25.85079
            ],
            [
              94.22436,
              25.85131
            ],
            [
              94.22431,
              25.85214
            ],
            [
              94.22434,
              25.8527
            ],
            [
              94.22462,
              25.85323
            ],
            [
              94.22515,
              25.85395
            ],
            [
              94.22544,
              25.85414
            ],
            [
              94.22562,
              25.85433
            ],
            [
              94.22561,
              25.8545
            ],
            [
              94.22531,
              25.85473
            ],
            [
              94.22509,
              25.85493
            ],
            [
              94.22493,
              25.85519
            ],
            [
              94.22496,
              25.85551
            ],
            [
              94.22535,
              25.85585
            ],
            [
              94.22551,
              25.85611
            ],
            [
              94.22551,
              25.85658
            ],
            [
              94.22547,
              25.85728
            ],
            [
              94.22531,
              25.85773
            ],
            [
              94.22504,
              25.85813
            ],
            [
              94.22469,
              25.85841
            ],
            [
              94.22438,
              25.85858
            ],
            [
              94.22409,
              25.85875
            ],
            [
              94.22398,
              25.8589
            ],
            [
              94.22394,
              25.85917
            ],
            [
              94.22405,
              25.85961
            ],
            [
              94.22434,
              25.85994
            ],
            [
              94.22473,
              25.86031
            ],
            [
              94.22505,
              25.86064
            ],
            [
              94.22522,
              25.86085
            ],
            [
              94.22519,
              25.86108
            ],
            [
              94.22502,
              25.8613
            ],
            [
              94.22483,
              25.86154
            ],
            [
              94.22474,
              25.8618
            ],
            [
              94.2248,
              25.86203
            ],
            [
              94.22517,
              25.86228
            ],
            [
              94.22559,
              25.86255
            ],
            [
              94.2259,
              25.86282
            ],
            [
              94.2262,
              25.86321
            ],
            [
              94.22626,
              25.86372
            ],
            [
              94.22621,
              25.86426
            ],
            [
              94.22612,
              25.86475
            ],
            [
              94.22567,
              25.86564
            ],
            [
              94.22555,
              25.86588
            ],
            [
              94.22536,
              25.86605
            ],
            [
              94.22514,
              25.8662
            ],
            [
              94.22491,
              25.86632
            ],
            [
              94.22478,
              25.86637
            ],
            [
              94.22458,
              25.86636
            ],
            [
              94.22432,
              25.86635
            ],
            [
              94.2242,
              25.86627
            ],
            [
              94.22411,
              25.86612
            ],
            [
              94.22408,
              25.86582
            ],
            [
              94.22405,
              25.86558
            ],
            [
              94.22399,
              25.8654
            ],
            [
              94.22385,
              25.86526
            ],
            [
              94.22353,
              25.86511
            ],
            [
              94.22333,
              25.8651
            ],
            [
              94.22288,
              25.86521
            ],
            [
              94.22256,
              25.86535
            ],
            [
              94.22175,
              25.86592
            ],
            [
              94.2216,
              25.86614
            ],
            [
              94.22118,
              25.86647
            ],
            [
              94.22087,
              25.86666
            ],
            [
              94.22069,
              25.86673
            ],
            [
              94.2205,
              25.86686
            ],
            [
              94.22045,
              25.86711
            ],
            [
              94.22046,
              25.86745
            ],
            [
              94.22049,
              25.86773
            ],
            [
              94.22048,
              25.86795
            ],
            [
              94.22031,
              25.86809
            ],
            [
              94.22005,
              25.86823
            ],
            [
              94.21972,
              25.86834
            ],
            [
              94.21931,
              25.86838
            ],
            [
              94.21891,
              25.8683
            ],
            [
              94.21852,
              25.86812
            ],
            [
              94.21817,
              25.86796
            ],
            [
              94.21759,
              25.86772
            ],
            [
              94.21727,
              25.86758
            ],
            [
              94.21697,
              25.86741
            ],
            [
              94.21669,
              25.86725
            ],
            [
              94.2163,
              25.86706
            ],
            [
              94.21595,
              25.86661
            ],
            [
              94.21581,
              25.86644
            ],
            [
              94.21559,
              25.8661
            ],
            [
              94.21551,
              25.86603
            ],
            [
              94.21532,
              25.86587
            ],
            [
              94.21516,
              25.86579
            ],
            [
              94.21495,
              25.86578
            ],
            [
              94.21464,
              25.86583
            ],
            [
              94.2143,
              25.86601
            ],
            [
              94.21352,
              25.86635
            ],
            [
              94.2131,
              25.86657
            ],
            [
              94.2128,
              25.86685
            ],
            [
              94.21247,
              25.86723
            ],
            [
              94.21221,
              25.86766
            ],
            [
              94.21209,
              25.86819
            ],
            [
              94.21213,
              25.86871
            ],
            [
              94.21218,
              25.86902
            ],
            [
              94.21209,
              25.86966
            ],
            [
              94.21189,
              25.86986
            ],
            [
              94.21157,
              25.87004
            ],
            [
              94.21111,
              25.87018
            ],
            [
              94.21056,
              25.87043
            ],
            [
              94.20984,
              25.87084
            ],
            [
              94.20922,
              25.87104
            ],
            [
              94.2088,
              25.87116
            ],
            [
              94.20838,
              25.87125
            ],
            [
              94.20794,
              25.87157
            ],
            [
              94.20759,
              25.87191
            ],
            [
              94.20743,
              25.87222
            ],
            [
              94.20719,
              25.87277
            ],
            [
              94.2071,
              25.87346
            ],
            [
              94.20739,
              25.87404
            ],
            [
              94.20752,
              25.87461
            ],
            [
              94.2076,
              25.87488
            ],
            [
              94.2076,
              25.8751
            ],
            [
              94.20744,
              25.87542
            ],
            [
              94.20698,
              25.876
            ],
            [
              94.20656,
              25.87638
            ],
            [
              94.20599,
              25.87669
            ],
            [
              94.20561,
              25.87686
            ],
            [
              94.20532,
              25.87699
            ],
            [
              94.20508,
              25.87715
            ],
            [
              94.20489,
              25.87725
            ],
            [
              94.20462,
              25.87729
            ],
            [
              94.20433,
              25.87724
            ],
            [
              94.20366,
              25.87708
            ],
            [
              94.20347,
              25.87708
            ],
            [
              94.2032,
              25.87709
            ],
            [
              94.203,
              25.87718
            ],
            [
              94.20281,
              25.87743
            ],
            [
              94.20251,
              25.878
            ],
            [
              94.20207,
              25.87824
            ],
            [
              94.20187,
              25.87836
            ],
            [
              94.20161,
              25.87845
            ],
            [
              94.20135,
              25.87846
            ],
            [
              94.20087,
              25.87845
            ],
            [
              94.20071,
              25.87845
            ],
            [
              94.20043,
              25.87847
            ],
            [
              94.20029,
              25.87852
            ],
            [
              94.20009,
              25.87864
            ],
            [
              94.19993,
              25.87883
            ],
            [
              94.19989,
              25.87914
            ],
            [
              94.19996,
              25.87939
            ],
            [
              94.20025,
              25.8795
            ],
            [
              94.20065,
              25.87958
            ],
            [
              94.20111,
              25.8796
            ],
            [
              94.20153,
              25.87973
            ],
            [
              94.20249,
              25.8803
            ],
            [
              94.20308,
              25.88063
            ],
            [
              94.20337,
              25.88087
            ],
            [
              94.20361,
              25.88109
            ],
            [
              94.20388,
              25.88141
            ],
            [
              94.20399,
              25.88172
            ],
            [
              94.204,
              25.88193
            ],
            [
              94.20395,
              25.88208
            ],
            [
              94.20371,
              25.88228
            ],
            [
              94.20349,
              25.88252
            ],
            [
              94.20328,
              25.88314
            ],
            [
              94.20332,
              25.88345
            ],
            [
              94.20347,
              25.88382
            ],
            [
              94.2037,
              25.88421
            ],
            [
              94.2039,
              25.8846
            ],
            [
              94.20414,
              25.88486
            ],
            [
              94.20436,
              25.8851
            ],
            [
              94.20457,
              25.88527
            ],
            [
              94.20488,
              25.88545
            ],
            [
              94.20526,
              25.88547
            ],
            [
              94.20581,
              25.88543
            ],
            [
              94.20623,
              25.88542
            ],
            [
              94.2065,
              25.88552
            ],
            [
              94.2068,
              25.88585
            ],
            [
              94.20721,
              25.88725
            ],
            [
              94.20745,
              25.88781
            ],
            [
              94.20754,
              25.88816
            ],
            [
              94.20751,
              25.88892
            ],
            [
              94.20746,
              25.88915
            ],
            [
              94.20752,
              25.88956
            ],
            [
              94.20767,
              25.88994
            ],
            [
              94.20799,
              25.89045
            ],
            [
              94.20843,
              25.89082
            ],
            [
              94.20879,
              25.89097
            ],
            [
              94.20909,
              25.89105
            ],
            [
              94.20951,
              25.891
            ],
            [
              94.20993,
              25.89071
            ],
            [
              94.21018,
              25.89029
            ],
            [
              94.21046,
              25.88998
            ],
            [
              94.21077,
              25.88997
            ],
            [
              94.21132,
              25.88999
            ],
            [
              94.21184,
              25.89015
            ],
            [
              94.2124,
              25.89038
            ],
            [
              94.21289,
              25.8909
            ],
            [
              94.21332,
              25.89144
            ],
            [
              94.21332,
              25.89178
            ],
            [
              94.21326,
              25.89212
            ],
            [
              94.21302,
              25.89252
            ],
            [
              94.21276,
              25.89275
            ],
            [
              94.21256,
              25.89303
            ],
            [
              94.21256,
              25.89335
            ],
            [
              94.21272,
              25.89371
            ],
            [
              94.21328,
              25.89413
            ],
            [
              94.21384,
              25.89475
            ],
            [
              94.21418,
              25.89521
            ],
            [
              94.21441,
              25.89545
            ],
            [
              94.21454,
              25.89565
            ],
            [
              94.21468,
              25.89574
            ],
            [
              94.21497,
              25.8959
            ],
            [
              94.21548,
              25.89596
            ],
            [
              94.21628,
              25.89576
            ],
            [
              94.21646,
              25.89574
            ],
            [
              94.21659,
              25.89574
            ],
            [
              94.21677,
              25.89575
            ],
            [
              94.21701,
              25.89593
            ],
            [
              94.21726,
              25.89631
            ],
            [
              94.21753,
              25.89671
            ],
            [
              94.21785,
              25.89697
            ],
            [
              94.21821,
              25.89727
            ],
            [
              94.21843,
              25.89753
            ],
            [
              94.21855,
              25.89791
            ],
            [
              94.21855,
              25.89825
            ],
            [
              94.21844,
              25.89847
            ],
            [
              94.21826,
              25.89867
            ],
            [
              94.2182,
              25.89886
            ],
            [
              94.21818,
              25.89904
            ],
            [
              94.21818,
              25.89924
            ],
            [
              94.21836,
              25.89948
            ],
            [
              94.2191,
              25.90042
            ],
            [
              94.21954,
              25.90081
            ],
            [
              94.2198,
              25.90097
            ],
            [
              94.22026,
              25.90126
            ],
            [
              94.22078,
              25.90153
            ],
            [
              94.2212,
              25.90164
            ],
            [
              94.22171,
              25.90167
            ],
            [
              94.22223,
              25.90171
            ],
            [
              94.22267,
              25.90186
            ],
            [
              94.22304,
              25.90214
            ],
            [
              94.22317,
              25.90246
            ],
            [
              94.22317,
              25.9027
            ],
            [
              94.22321,
              25.90292
            ],
            [
              94.22344,
              25.90315
            ],
            [
              94.22345,
              25.90394
            ],
            [
              94.22335,
              25.90421
            ],
            [
              94.22321,
              25.90432
            ],
            [
              94.22296,
              25.90442
            ],
            [
              94.2228,
              25.90451
            ],
            [
              94.22266,
              25.90464
            ],
            [
              94.22257,
              25.90481
            ],
            [
              94.22262,
              25.90517
            ],
            [
              94.22274,
              25.90532
            ],
            [
              94.22295,
              25.90559
            ],
            [
              94.22311,
              25.906
            ],
            [
              94.22327,
              25.90629
            ],
            [
              94.22365,
              25.90671
            ],
            [
              94.22419,
              25.90753
            ],
            [
              94.22434,
              25.90764
            ],
            [
              94.22477,
              25.90775
            ],
            [
              94.22512,
              25.90781
            ],
            [
              94.22548,
              25.90786
            ],
            [
              94.22569,
              25.9079
            ],
            [
              94.2259,
              25.90805
            ],
            [
              94.2262,
              25.90839
            ],
            [
              94.22664,
              25.90875
            ],
            [
              94.22709,
              25.90894
            ],
            [
              94.22753,
              25.90915
            ],
            [
              94.22772,
              25.90936
            ],
            [
              94.22775,
              25.90962
            ],
            [
              94.22776,
              25.90978
            ],
            [
              94.22774,
              25.90997
            ],
            [
              94.2274,
              25.91028
            ],
            [
              94.22719,
              25.91051
            ],
            [
              94.22683,
              25.91098
            ],
            [
              94.22677,
              25.91125
            ],
            [
              94.22673,
              25.91156
            ],
            [
              94.22674,
              25.91195
            ],
            [
              94.22672,
              25.91222
            ],
            [
              94.22659,
              25.91253
            ],
            [
              94.2264,
              25.91289
            ],
            [
              94.2263,
              25.91317
            ],
            [
              94.2263,
              25.91368
            ],
            [
              94.22624,
              25.91404
            ],
            [
              94.22618,
              25.9143
            ],
            [
              94.22619,
              25.91451
            ],
            [
              94.22619,
              25.91471
            ],
            [
              94.22627,
              25.91485
            ],
            [
              94.22727,
              25.91509
            ],
            [
              94.2278,
              25.91533
            ],
            [
              94.22802,
              25.91558
            ],
            [
              94.2282,
              25.91593
            ],
            [
              94.22827,
              25.91661
            ],
            [
              94.22827,
              25.9172
            ],
            [
              94.22831,
              25.91748
            ],
            [
              94.22851,
              25.91775
            ],
            [
              94.22861,
              25.91803
            ],
            [
              94.22866,
              25.91841
            ],
            [
              94.22868,
              25.91872
            ],
            [
              94.22876,
              25.91912
            ],
            [
              94.2289,
              25.91955
            ],
            [
              94.2291,
              25.92009
            ],
            [
              94.22935,
              25.92063
            ],
            [
              94.2296,
              25.92095
            ],
            [
              94.23026,
              25.92135
            ],
            [
              94.23125,
              25.92183
            ],
            [
              94.23137,
              25.92198
            ],
            [
              94.23143,
              25.92205
            ],
            [
              94.2317,
              25.92238
            ],
            [
              94.23207,
              25.92296
            ],
            [
              94.23239,
              25.9235
            ],
            [
              94.23256,
              25.92391
            ],
            [
              94.23262,
              25.92451
            ],
            [
              94.23327,
              25.92493
            ],
            [
              94.23342,
              25.92509
            ],
            [
              94.23345,
              25.92529
            ],
            [
              94.23348,
              25.92568
            ],
            [
              94.23348,
              25.92613
            ],
            [
              94.23357,
              25.92637
            ],
            [
              94.23381,
              25.92649
            ],
            [
              94.23412,
              25.92651
            ],
            [
              94.23498,
              25.92658
            ],
            [
              94.23545,
              25.92672
            ],
            [
              94.23562,
              25.9268
            ],
            [
              94.23589,
              25.92689
            ],
            [
              94.23616,
              25.92702
            ],
            [
              94.23652,
              25.92715
            ],
            [
              94.23681,
              25.92724
            ],
            [
              94.23704,
              25.9273
            ],
            [
              94.23728,
              25.9273
            ],
            [
              94.23747,
              25.92724
            ],
            [
              94.23756,
              25.92707
            ],
            [
              94.23762,
              25.9268
            ],
            [
              94.2377,
              25.92659
            ],
            [
              94.23778,
              25.92641
            ],
            [
              94.23799,
              25.92616
            ],
            [
              94.23821,
              25.926
            ],
            [
              94.2386,
              25.92591
            ],
            [
              94.23899,
              25.92585
            ],
            [
              94.23951,
              25.92586
            ],
            [
              94.24042,
              25.92601
            ],
            [
              94.24065,
              25.92612
            ],
            [
              94.2408,
              25.92624
            ],
            [
              94.24101,
              25.92639
            ],
            [
              94.24123,
              25.92653
            ],
            [
              94.24149,
              25.92678
            ],
            [
              94.24164,
              25.92711
            ],
            [
              94.24164,
              25.92732
            ],
            [
              94.24165,
              25.92764
            ],
            [
              94.24166,
              25.92791
            ],
            [
              94.24183,
              25.92821
            ],
            [
              94.24209,
              25.9284
            ],
            [
              94.24268,
              25.92858
            ],
            [
              94.24311,
              25.92875
            ],
            [
              94.24348,
              25.92901
            ],
            [
              94.24375,
              25.92935
            ],
            [
              94.24396,
              25.92954
            ],
            [
              94.24421,
              25.9297
            ],
            [
              94.24462,
              25.92992
            ],
            [
              94.245,
              25.93008
            ],
            [
              94.24538,
              25.93023
            ],
            [
              94.24584,
              25.93033
            ],
            [
              94.24612,
              25.93041
            ],
            [
              94.24644,
              25.93058
            ],
            [
              94.24654,
              25.93075
            ],
            [
              94.2466,
              25.93107
            ],
            [
              94.24663,
              25.93152
            ],
            [
              94.24684,
              25.93188
            ],
            [
              94.24756,
              25.93247
            ],
            [
              94.24807,
              25.93255
            ],
            [
              94.24832,
              25.93268
            ],
            [
              94.24844,
              25.93281
            ],
            [
              94.24866,
              25.93305
            ],
            [
              94.2488,
              25.93338
            ],
            [
              94.24876,
              25.93371
            ],
            [
              94.24876,
              25.934
            ],
            [
              94.24877,
              25.93429
            ],
            [
              94.24884,
              25.93468
            ],
            [
              94.24902,
              25.93499
            ],
            [
              94.24915,
              25.9352
            ],
            [
              94.2493,
              25.9354
            ],
            [
              94.24956,
              25.9356
            ],
            [
              94.24989,
              25.93578
            ],
            [
              94.25022,
              25.93586
            ],
            [
              94.2507,
              25.93586
            ],
            [
              94.25107,
              25.93571
            ],
            [
              94.2513,
              25.93545
            ],
            [
              94.25133,
              25.9352
            ],
            [
              94.25133,
              25.93484
            ],
            [
              94.25127,
              25.9345
            ],
            [
              94.25126,
              25.93421
            ],
            [
              94.25144,
              25.93374
            ],
            [
              94.25156,
              25.93353
            ],
            [
              94.25208,
              25.9331
            ],
            [
              94.25268,
              25.9327
            ],
            [
              94.25288,
              25.93269
            ],
            [
              94.25327,
              25.93268
            ],
            [
              94.25372,
              25.93267
            ],
            [
              94.25416,
              25.93268
            ],
            [
              94.25455,
              25.93275
            ],
            [
              94.25489,
              25.93293
            ],
            [
              94.2551,
              25.9331
            ],
            [
              94.25529,
              25.93326
            ],
            [
              94.25547,
              25.93345
            ],
            [
              94.25563,
              25.93352
            ],
            [
              94.25572,
              25.93358
            ],
            [
              94.25582,
              25.93364
            ],
            [
              94.25598,
              25.93369
            ],
            [
              94.25621,
              25.93366
            ],
            [
              94.25644,
              25.93347
            ],
            [
              94.25655,
              25.93312
            ],
            [
              94.25661,
              25.93295
            ],
            [
              94.25705,
              25.93261
            ],
            [
              94.25731,
              25.93251
            ],
            [
              94.25771,
              25.93246
            ],
            [
              94.25824,
              25.93242
            ],
            [
              94.2586,
              25.93238
            ],
            [
              94.25887,
              25.93231
            ],
            [
              94.25928,
              25.93187
            ],
            [
              94.25946,
              25.93154
            ],
            [
              94.25967,
              25.93142
            ],
            [
              94.25986,
              25.93132
            ],
            [
              94.26006,
              25.93127
            ],
            [
              94.26031,
              25.93124
            ],
            [
              94.26067,
              25.93131
            ],
            [
              94.26074,
              25.93134
            ],
            [
              94.26102,
              25.93148
            ],
            [
              94.26137,
              25.9317
            ],
            [
              94.26164,
              25.93197
            ],
            [
              94.26168,
              25.93223
            ],
            [
              94.26164,
              25.93253
            ],
            [
              94.26146,
              25.93279
            ],
            [
              94.26125,
              25.93357
            ],
            [
              94.26126,
              25.93406
            ],
            [
              94.26115,
              25.93462
            ],
            [
              94.261,
              25.93482
            ],
            [
              94.26095,
              25.93493
            ],
            [
              94.26095,
              25.93504
            ],
            [
              94.26106,
              25.93517
            ],
            [
              94.26129,
              25.93529
            ],
            [
              94.26176,
              25.93528
            ],
            [
              94.26228,
              25.93493
            ],
            [
              94.26284,
              25.93474
            ],
            [
              94.26349,
              25.93463
            ],
            [
              94.26392,
              25.93461
            ],
            [
              94.26418,
              25.9346
            ],
            [
              94.26437,
              25.93463
            ],
            [
              94.26461,
              25.93462
            ],
            [
              94.26481,
              25.9346
            ],
            [
              94.26487,
              25.93427
            ],
            [
              94.26487,
              25.9339
            ],
            [
              94.26487,
              25.9337
            ],
            [
              94.26497,
              25.93343
            ],
            [
              94.26511,
              25.9334
            ],
            [
              94.26552,
              25.93329
            ],
            [
              94.26605,
              25.93319
            ],
            [
              94.2667,
              25.93303
            ],
            [
              94.26746,
              25.93279
            ],
            [
              94.26823,
              25.93263
            ],
            [
              94.26851,
              25.93276
            ],
            [
              94.26884,
              25.93307
            ],
            [
              94.26896,
              25.93334
            ],
            [
              94.2691,
              25.93367
            ],
            [
              94.26928,
              25.93389
            ],
            [
              94.26946,
              25.934
            ],
            [
              94.26975,
              25.93405
            ],
            [
              94.27012,
              25.93398
            ],
            [
              94.27061,
              25.93373
            ],
            [
              94.27076,
              25.93364
            ],
            [
              94.27099,
              25.93357
            ],
            [
              94.27121,
              25.93352
            ],
            [
              94.2714,
              25.93352
            ],
            [
              94.27154,
              25.93356
            ],
            [
              94.27173,
              25.93365
            ],
            [
              94.27198,
              25.93381
            ],
            [
              94.27214,
              25.93403
            ],
            [
              94.27228,
              25.9342
            ],
            [
              94.27243,
              25.9344
            ],
            [
              94.27254,
              25.93454
            ],
            [
              94.27269,
              25.9346
            ],
            [
              94.27292,
              25.93459
            ],
            [
              94.27328,
              25.93446
            ],
            [
              94.27367,
              25.93412
            ],
            [
              94.27395,
              25.93393
            ],
            [
              94.27442,
              25.93389
            ],
            [
              94.27484,
              25.93394
            ],
            [
              94.27528,
              25.93404
            ],
            [
              94.27571,
              25.93424
            ],
            [
              94.27647,
              25.93461
            ],
            [
              94.27701,
              25.93503
            ],
            [
              94.27725,
              25.93532
            ],
            [
              94.27732,
              25.93549
            ],
            [
              94.27732,
              25.93563
            ],
            [
              94.27728,
              25.93586
            ],
            [
              94.27719,
              25.93606
            ],
            [
              94.27702,
              25.93635
            ],
            [
              94.27693,
              25.93653
            ],
            [
              94.27693,
              25.93676
            ],
            [
              94.27712,
              25.93707
            ],
            [
              94.27761,
              25.93732
            ],
            [
              94.27881,
              25.93761
            ],
            [
              94.27915,
              25.9377
            ],
            [
              94.27946,
              25.93777
            ],
            [
              94.27981,
              25.93777
            ],
            [
              94.28005,
              25.93776
            ],
            [
              94.28032,
              25.93766
            ],
            [
              94.28058,
              25.93744
            ],
            [
              94.28097,
              25.93716
            ],
            [
              94.28125,
              25.93701
            ],
            [
              94.28142,
              25.93698
            ],
            [
              94.28164,
              25.93706
            ],
            [
              94.28193,
              25.93736
            ],
            [
              94.2822,
              25.93778
            ],
            [
              94.28244,
              25.93823
            ],
            [
              94.28251,
              25.93868
            ],
            [
              94.2825,
              25.93917
            ],
            [
              94.28267,
              25.94012
            ],
            [
              94.28268,
              25.9408
            ],
            [
              94.2827,
              25.94112
            ],
            [
              94.28281,
              25.94139
            ],
            [
              94.28297,
              25.9416
            ],
            [
              94.2832,
              25.94184
            ],
            [
              94.28334,
              25.94194
            ],
            [
              94.28371,
              25.94205
            ],
            [
              94.28423,
              25.94209
            ],
            [
              94.28466,
              25.94203
            ],
            [
              94.28497,
              25.94187
            ],
            [
              94.28572,
              25.94126
            ],
            [
              94.28607,
              25.94091
            ],
            [
              94.2864,
              25.94049
            ],
            [
              94.28666,
              25.94002
            ],
            [
              94.28678,
              25.93976
            ],
            [
              94.28686,
              25.93946
            ],
            [
              94.28702,
              25.93934
            ],
            [
              94.28728,
              25.93931
            ],
            [
              94.28758,
              25.93935
            ],
            [
              94.28785,
              25.93956
            ],
            [
              94.28811,
              25.93984
            ],
            [
              94.28853,
              25.94077
            ],
            [
              94.28869,
              25.9413
            ],
            [
              94.28883,
              25.94173
            ],
            [
              94.28883,
              25.9421
            ],
            [
              94.28873,
              25.9425
            ],
            [
              94.28859,
              25.94279
            ],
            [
              94.28848,
              25.94303
            ],
            [
              94.28854,
              25.94359
            ],
            [
              94.28974,
              25.94452
            ],
            [
              94.29133,
              25.94509
            ],
            [
              94.29185,
              25.94511
            ],
            [
              94.29212,
              25.94509
            ],
            [
              94.29266,
              25.945
            ],
            [
              94.29308,
              25.94495
            ],
            [
              94.29345,
              25.94512
            ],
            [
              94.29368,
              25.94564
            ],
            [
              94.29368,
              25.94624
            ],
            [
              94.29386,
              25.9467
            ],
            [
              94.2942,
              25.94709
            ],
            [
              94.29442,
              25.94765
            ],
            [
              94.29459,
              25.94812
            ],
            [
              94.29479,
              25.94847
            ],
            [
              94.29515,
              25.94889
            ],
            [
              94.29548,
              25.94924
            ],
            [
              94.29588,
              25.94965
            ],
            [
              94.29617,
              25.95008
            ],
            [
              94.29625,
              25.9504
            ],
            [
              94.29626,
              25.95058
            ],
            [
              94.29656,
              25.95065
            ],
            [
              94.29684,
              25.95068
            ],
            [
              94.29732,
              25.95057
            ],
            [
              94.29793,
              25.95028
            ],
            [
              94.29846,
              25.95018
            ],
            [
              94.29864,
              25.95028
            ],
            [
              94.29891,
              25.95049
            ],
            [
              94.29934,
              25.95081
            ],
            [
              94.29939,
              25.95098
            ],
            [
              94.2994,
              25.95118
            ],
            [
              94.2994,
              25.9514
            ],
            [
              94.2994,
              25.95168
            ],
            [
              94.2993,
              25.95202
            ],
            [
              94.29928,
              25.9524
            ],
            [
              94.29926,
              25.95272
            ],
            [
              94.29915,
              25.95294
            ],
            [
              94.29903,
              25.95306
            ],
            [
              94.29885,
              25.95314
            ],
            [
              94.29857,
              25.95314
            ],
            [
              94.29834,
              25.95309
            ],
            [
              94.29813,
              25.95309
            ],
            [
              94.29793,
              25.95314
            ],
            [
              94.29771,
              25.95331
            ],
            [
              94.2975,
              25.95377
            ],
            [
              94.29731,
              25.95419
            ],
            [
              94.29712,
              25.95453
            ],
            [
              94.29694,
              25.95493
            ],
            [
              94.29661,
              25.95555
            ],
            [
              94.29646,
              25.95578
            ],
            [
              94.29642,
              25.95641
            ],
            [
              94.29644,
              25.95721
            ],
            [
              94.29671,
              25.9576
            ],
            [
              94.29697,
              25.9579
            ],
            [
              94.29705,
              25.9581
            ],
            [
              94.29701,
              25.95832
            ],
            [
              94.29677,
              25.95858
            ],
            [
              94.29652,
              25.9589
            ],
            [
              94.29644,
              25.95919
            ],
            [
              94.29634,
              25.95937
            ],
            [
              94.29604,
              25.95974
            ],
            [
              94.29579,
              25.95998
            ],
            [
              94.29547,
              25.9602
            ],
            [
              94.29519,
              25.96032
            ],
            [
              94.29489,
              25.96042
            ],
            [
              94.29454,
              25.9605
            ],
            [
              94.29427,
              25.96058
            ],
            [
              94.29402,
              25.9608
            ],
            [
              94.29382,
              25.96136
            ],
            [
              94.29386,
              25.96259
            ],
            [
              94.29386,
              25.96307
            ],
            [
              94.29387,
              25.96336
            ],
            [
              94.29408,
              25.96368
            ],
            [
              94.29446,
              25.96397
            ],
            [
              94.29483,
              25.96427
            ],
            [
              94.29512,
              25.96454
            ],
            [
              94.29538,
              25.9648
            ],
            [
              94.29544,
              25.9651
            ],
            [
              94.29528,
              25.96598
            ],
            [
              94.29499,
              25.96636
            ],
            [
              94.29481,
              25.96657
            ],
            [
              94.29456,
              25.96673
            ],
            [
              94.29437,
              25.96685
            ],
            [
              94.29405,
              25.967
            ],
            [
              94.29372,
              25.9669
            ],
            [
              94.29348,
              25.96676
            ],
            [
              94.29331,
              25.96665
            ],
            [
              94.29312,
              25.96656
            ],
            [
              94.29298,
              25.96654
            ],
            [
              94.29278,
              25.96654
            ],
            [
              94.29256,
              25.96653
            ],
            [
              94.29223,
              25.96656
            ],
            [
              94.29202,
              25.96665
            ],
            [
              94.29193,
              25.96672
            ],
            [
              94.29172,
              25.967
            ],
            [
              94.2915,
              25.96737
            ],
            [
              94.29128,
              25.96773
            ],
            [
              94.29102,
              25.96815
            ],
            [
              94.29085,
              25.96856
            ],
            [
              94.29075,
              25.9689
            ],
            [
              94.29071,
              25.96932
            ],
            [
              94.29071,
              25.96953
            ],
            [
              94.29091,
              25.96975
            ],
            [
              94.29128,
              25.96993
            ],
            [
              94.29171,
              25.9702
            ],
            [
              94.29174,
              25.97022
            ],
            [
              94.29211,
              25.9705
            ],
            [
              94.29214,
              25.97083
            ],
            [
              94.29202,
              25.97165
            ],
            [
              94.29184,
              25.97268
            ],
            [
              94.29184,
              25.9729
            ],
            [
              94.29177,
              25.97327
            ],
            [
              94.2915,
              25.97341
            ],
            [
              94.29132,
              25.97338
            ],
            [
              94.29104,
              25.97332
            ],
            [
              94.29076,
              25.97323
            ],
            [
              94.29046,
              25.97321
            ],
            [
              94.29031,
              25.97335
            ],
            [
              94.29007,
              25.97376
            ],
            [
              94.28987,
              25.97431
            ],
            [
              94.2897,
              25.97492
            ],
            [
              94.28966,
              25.97535
            ],
            [
              94.28941,
              25.9756
            ],
            [
              94.28923,
              25.97583
            ],
            [
              94.28914,
              25.97638
            ],
            [
              94.28915,
              25.97717
            ],
            [
              94.28915,
              25.97754
            ],
            [
              94.28915,
              25.97776
            ],
            [
              94.28906,
              25.97808
            ],
            [
              94.28876,
              25.9784
            ],
            [
              94.28841,
              25.97877
            ],
            [
              94.28826,
              25.97895
            ],
            [
              94.28804,
              25.97934
            ],
            [
              94.28792,
              25.97977
            ],
            [
              94.28765,
              25.98009
            ],
            [
              94.2875,
              25.98023
            ],
            [
              94.28735,
              25.98039
            ],
            [
              94.28715,
              25.98064
            ],
            [
              94.28708,
              25.9808
            ],
            [
              94.28749,
              25.98173
            ],
            [
              94.2877,
              25.98203
            ],
            [
              94.28794,
              25.98238
            ],
            [
              94.288,
              25.9827
            ],
            [
              94.28791,
              25.9831
            ],
            [
              94.28779,
              25.98342
            ],
            [
              94.28781,
              25.98386
            ],
            [
              94.2881,
              25.98442
            ],
            [
              94.28841,
              25.98474
            ],
            [
              94.2888,
              25.98515
            ],
            [
              94.28925,
              25.98596
            ],
            [
              94.28938,
              25.98637
            ],
            [
              94.28952,
              25.98683
            ],
            [
              94.28965,
              25.98746
            ],
            [
              94.28966,
              25.98789
            ],
            [
              94.28966,
              25.98841
            ],
            [
              94.28954,
              25.98869
            ],
            [
              94.28932,
              25.98909
            ],
            [
              94.28917,
              25.98926
            ],
            [
              94.28898,
              25.98937
            ],
            [
              94.28874,
              25.98945
            ],
            [
              94.28847,
              25.9895
            ],
            [
              94.28813,
              25.98949
            ],
            [
              94.28781,
              25.98944
            ],
            [
              94.28754,
              25.98941
            ],
            [
              94.28728,
              25.98941
            ],
            [
              94.28711,
              25.98947
            ],
            [
              94.28672,
              25.98967
            ],
            [
              94.28634,
              25.98987
            ],
            [
              94.286,
              25.99007
            ],
            [
              94.28581,
              25.99023
            ],
            [
              94.2855,
              25.99057
            ],
            [
              94.28515,
              25.99095
            ],
            [
              94.28485,
              25.99152
            ],
            [
              94.28475,
              25.99172
            ],
            [
              94.28475,
              25.99206
            ],
            [
              94.28476,
              25.99245
            ],
            [
              94.28479,
              25.99277
            ],
            [
              94.28491,
              25.99289
            ],
            [
              94.28531,
              25.99311
            ],
            [
              94.28562,
              25.99343
            ],
            [
              94.28574,
              25.99386
            ],
            [
              94.28577,
              25.99434
            ],
            [
              94.28576,
              25.99485
            ],
            [
              94.28566,
              25.9954
            ],
            [
              94.28548,
              25.99605
            ],
            [
              94.28535,
              25.99641
            ],
            [
              94.28521,
              25.99666
            ],
            [
              94.28498,
              25.99701
            ],
            [
              94.28457,
              25.99742
            ],
            [
              94.28427,
              25.99774
            ],
            [
              94.28405,
              25.99792
            ],
            [
              94.28383,
              25.99798
            ],
            [
              94.28352,
              25.99812
            ],
            [
              94.28332,
              25.99831
            ],
            [
              94.28318,
              25.99866
            ],
            [
              94.28334,
              25.99919
            ],
            [
              94.28365,
              25.99969
            ],
            [
              94.28399,
              26.00014
            ],
            [
              94.28431,
              26.00055
            ],
            [
              94.28473,
              26.00103
            ],
            [
              94.28507,
              26.00154
            ],
            [
              94.28522,
              26.00201
            ],
            [
              94.28557,
              26.00246
            ],
            [
              94.28602,
              26.00285
            ],
            [
              94.28658,
              26.00321
            ],
            [
              94.28678,
              26.00408
            ],
            [
              94.28687,
              26.00505
            ],
            [
              94.28688,
              26.00554
            ],
            [
              94.28688,
              26.00596
            ],
            [
              94.28678,
              26.00616
            ],
            [
              94.28651,
              26.00648
            ],
            [
              94.28624,
              26.00668
            ],
            [
              94.28583,
              26.00696
            ],
            [
              94.28553,
              26.00723
            ],
            [
              94.2854,
              26.00758
            ],
            [
              94.28549,
              26.008
            ],
            [
              94.28593,
              26.00888
            ],
            [
              94.28627,
              26.00949
            ],
            [
              94.28676,
              26.01011
            ],
            [
              94.28718,
              26.01045
            ],
            [
              94.28745,
              26.01066
            ],
            [
              94.28841,
              26.01125
            ],
            [
              94.28538,
              26.01192
            ],
            [
              94.28408,
              26.01281
            ],
            [
              94.28308,
              26.01403
            ],
            [
              94.28254,
              26.01458
            ],
            [
              94.2814,
              26.01553
            ],
            [
              94.2804,
              26.01623
            ],
            [
              94.27941,
              26.01634
            ],
            [
              94.27862,
              26.01642
            ],
            [
              94.27772,
              26.01638
            ],
            [
              94.27679,
              26.01632
            ],
            [
              94.27565,
              26.01655
            ],
            [
              94.27366,
              26.01733
            ],
            [
              94.27224,
              26.01779
            ],
            [
              94.2713,
              26.01846
            ],
            [
              94.27068,
              26.01933
            ],
            [
              94.27025,
              26.01993
            ],
            [
              94.27016,
              26.02005
            ],
            [
              94.26968,
              26.0207
            ],
            [
              94.26789,
              26.02237
            ],
            [
              94.26706,
              26.02363
            ],
            [
              94.2653,
              26.02544
            ],
            [
              94.26426,
              26.026
            ],
            [
              94.26304,
              26.02607
            ],
            [
              94.26189,
              26.0259
            ],
            [
              94.26076,
              26.02558
            ],
            [
              94.25895,
              26.02504
            ],
            [
              94.2579,
              26.02468
            ],
            [
              94.25629,
              26.02422
            ],
            [
              94.2556,
              26.02422
            ],
            [
              94.25499,
              26.02422
            ],
            [
              94.25399,
              26.0244
            ],
            [
              94.25369,
              26.02456
            ],
            [
              94.25297,
              26.02494
            ],
            [
              94.25265,
              26.02516
            ],
            [
              94.25196,
              26.02562
            ],
            [
              94.24914,
              26.02639
            ],
            [
              94.24803,
              26.02657
            ],
            [
              94.24656,
              26.02649
            ],
            [
              94.24515,
              26.02652
            ],
            [
              94.24421,
              26.02641
            ],
            [
              94.24347,
              26.02608
            ],
            [
              94.24303,
              26.02567
            ],
            [
              94.24253,
              26.02527
            ],
            [
              94.24156,
              26.02502
            ],
            [
              94.24078,
              26.02508
            ],
            [
              94.23961,
              26.02527
            ],
            [
              94.23558,
              26.02526
            ],
            [
              94.23419,
              26.02516
            ],
            [
              94.23073,
              26.0253
            ],
            [
              94.22941,
              26.02516
            ],
            [
              94.2286,
              26.02495
            ],
            [
              94.22699,
              26.02449
            ],
            [
              94.22577,
              26.02425
            ],
            [
              94.22442,
              26.02402
            ],
            [
              94.22324,
              26.0235
            ],
            [
              94.22263,
              26.02298
            ],
            [
              94.2226,
              26.02245
            ],
            [
              94.22277,
              26.02188
            ],
            [
              94.22285,
              26.02129
            ],
            [
              94.22282,
              26.02088
            ],
            [
              94.2216,
              26.02028
            ],
            [
              94.22116,
              26.0202
            ],
            [
              94.22099,
              26.02017
            ],
            [
              94.21986,
              26.02004
            ],
            [
              94.21715,
              26.01973
            ],
            [
              94.215,
              26.01995
            ],
            [
              94.21378,
              26.0207
            ],
            [
              94.21299,
              26.02128
            ],
            [
              94.21214,
              26.0216
            ],
            [
              94.21,
              26.02208
            ],
            [
              94.2076,
              26.02278
            ],
            [
              94.20624,
              26.02282
            ],
            [
              94.2057,
              26.02274
            ],
            [
              94.20453,
              26.02212
            ],
            [
              94.20392,
              26.02159
            ],
            [
              94.20341,
              26.02119
            ],
            [
              94.20284,
              26.021
            ],
            [
              94.20214,
              26.02097
            ],
            [
              94.20141,
              26.02101
            ],
            [
              94.20012,
              26.02108
            ],
            [
              94.19606,
              26.02122
            ],
            [
              94.19492,
              26.02146
            ],
            [
              94.19426,
              26.02172
            ],
            [
              94.19357,
              26.02227
            ],
            [
              94.19275,
              26.02302
            ],
            [
              94.19235,
              26.02357
            ],
            [
              94.19159,
              26.02375
            ],
            [
              94.1902,
              26.02376
            ],
            [
              94.18922,
              26.02371
            ],
            [
              94.1883,
              26.02354
            ],
            [
              94.18744,
              26.02358
            ],
            [
              94.18666,
              26.02373
            ],
            [
              94.18647,
              26.02377
            ],
            [
              94.18596,
              26.02388
            ],
            [
              94.18434,
              26.02466
            ],
            [
              94.18298,
              26.02476
            ],
            [
              94.18193,
              26.02434
            ],
            [
              94.17997,
              26.02395
            ],
            [
              94.1781,
              26.02383
            ],
            [
              94.17664,
              26.02381
            ],
            [
              94.17522,
              26.02354
            ],
            [
              94.17436,
              26.0232
            ],
            [
              94.17313,
              26.02315
            ],
            [
              94.17262,
              26.02321
            ],
            [
              94.1718,
              26.02345
            ],
            [
              94.17076,
              26.02357
            ],
            [
              94.16927,
              26.02361
            ],
            [
              94.16652,
              26.02358
            ],
            [
              94.16414,
              26.02343
            ],
            [
              94.16281,
              26.02304
            ],
            [
              94.16218,
              26.02259
            ],
            [
              94.16192,
              26.02207
            ],
            [
              94.16204,
              26.0217
            ],
            [
              94.16226,
              26.02121
            ],
            [
              94.16216,
              26.02061
            ],
            [
              94.16177,
              26.01986
            ],
            [
              94.1605,
              26.01892
            ],
            [
              94.15953,
              26.01781
            ],
            [
              94.15906,
              26.01656
            ],
            [
              94.15896,
              26.01577
            ],
            [
              94.1585,
              26.01541
            ],
            [
              94.15793,
              26.01513
            ],
            [
              94.15703,
              26.01502
            ],
            [
              94.15636,
              26.01479
            ],
            [
              94.15539,
              26.01431
            ],
            [
              94.15433,
              26.01141
            ],
            [
              94.15371,
              26.01036
            ],
            [
              94.15289,
              26.00933
            ],
            [
              94.1524,
              26.00855
            ],
            [
              94.15173,
              26.00796
            ],
            [
              94.15109,
              26.00755
            ],
            [
              94.14943,
              26.00692
            ],
            [
              94.14825,
              26.00615
            ],
            [
              94.14716,
              26.00593
            ],
            [
              94.14436,
              26.00586
            ],
            [
              94.14297,
              26.0059
            ],
            [
              94.14134,
              26.00612
            ],
            [
              94.13893,
              26.00765
            ],
            [
              94.13824,
              26.00803
            ],
            [
              94.13792,
              26.00821
            ],
            [
              94.13708,
              26.00849
            ],
            [
              94.13637,
              26.00852
            ],
            [
              94.13518,
              26.00837
            ],
            [
              94.13377,
              26.00833
            ],
            [
              94.12958,
              26.00871
            ],
            [
              94.1276,
              26.00873
            ],
            [
              94.12617,
              26.00839
            ],
            [
              94.12477,
              26.00785
            ],
            [
              94.12304,
              26.00748
            ],
            [
              94.12217,
              26.00751
            ],
            [
              94.12093,
              26.00772
            ],
            [
              94.11956,
              26.00842
            ],
            [
              94.11842,
              26.00868
            ],
            [
              94.11745,
              26.0086
            ],
            [
              94.11646,
              26.0084
            ],
            [
              94.11496,
              26.00804
            ],
            [
              94.113,
              26.00633
            ],
            [
              94.11277,
              26.00555
            ],
            [
              94.11281,
              26.00495
            ],
            [
              94.11301,
              26.0046
            ],
            [
              94.11326,
              26.00407
            ],
            [
              94.11303,
              26.00343
            ],
            [
              94.11272,
              26.00314
            ],
            [
              94.11152,
              26.00294
            ],
            [
              94.11053,
              26.00263
            ],
            [
              94.10946,
              26.00259
            ],
            [
              94.10816,
              26.00253
            ],
            [
              94.10697,
              26.00261
            ],
            [
              94.10603,
              26.0028
            ],
            [
              94.10504,
              26.00313
            ],
            [
              94.10358,
              26.00321
            ],
            [
              94.09984,
              26.00314
            ],
            [
              94.09808,
              26.00299
            ],
            [
              94.09732,
              26.00275
            ],
            [
              94.09704,
              26.00247
            ],
            [
              94.09665,
              26.00181
            ],
            [
              94.09609,
              26.00129
            ],
            [
              94.09504,
              26.00093
            ],
            [
              94.09445,
              26.00064
            ],
            [
              94.09384,
              26.00018
            ],
            [
              94.09315,
              25.99952
            ],
            [
              94.09218,
              25.999
            ],
            [
              94.09106,
              25.99882
            ],
            [
              94.08991,
              25.99883
            ],
            [
              94.08869,
              25.99903
            ],
            [
              94.08783,
              25.99935
            ],
            [
              94.08695,
              25.99989
            ],
            [
              94.08629,
              26.00024
            ],
            [
              94.08561,
              26.00047
            ],
            [
              94.08454,
              26.00064
            ],
            [
              94.08203,
              26.00098
            ],
            [
              94.08068,
              26.00112
            ],
            [
              94.07829,
              26.00032
            ],
            [
              94.0777,
              26.00023
            ],
            [
              94.07433,
              26.00069
            ],
            [
              94.07249,
              26.00107
            ],
            [
              94.07114,
              26.00154
            ],
            [
              94.06911,
              26.00245
            ],
            [
              94.06424,
              26.00344
            ],
            [
              94.06167,
              26.0039
            ],
            [
              94.05998,
              26.00415
            ],
            [
              94.0593,
              26.00463
            ],
            [
              94.05797,
              26.00564
            ],
            [
              94.0571,
              26.00641
            ],
            [
              94.05536,
              26.00681
            ],
            [
              94.05393,
              26.00682
            ],
            [
              94.05278,
              26.00683
            ],
            [
              94.0515,
              26.00669
            ],
            [
              94.05041,
              26.00635
            ],
            [
              94.0503,
              26.00631
            ],
            [
              94.04931,
              26.00594
            ],
            [
              94.04896,
              26.00547
            ],
            [
              94.04896,
              26.00479
            ],
            [
              94.04906,
              26.00435
            ],
            [
              94.04954,
              26.00373
            ],
            [
              94.04979,
              26.00325
            ],
            [
              94.04977,
              26.00287
            ],
            [
              94.04918,
              26.00262
            ],
            [
              94.04787,
              26.00236
            ],
            [
              94.04465,
              26.00121
            ],
            [
              94.04336,
              26.001
            ],
            [
              94.04239,
              26.00099
            ],
            [
              94.04164,
              26.0012
            ],
            [
              94.04082,
              26.00177
            ],
            [
              94.04022,
              26.00243
            ],
            [
              94.03968,
              26.00291
            ],
            [
              94.03903,
              26.00306
            ],
            [
              94.03867,
              26.00299
            ],
            [
              94.03749,
              26.00298
            ],
            [
              94.03685,
              26.0028
            ],
            [
              94.03547,
              26.00248
            ],
            [
              94.03359,
              26.00207
            ],
            [
              94.03306,
              26.00184
            ],
            [
              94.03254,
              26.00137
            ],
            [
              94.03218,
              26.00067
            ],
            [
              94.0315,
              26.00005
            ],
            [
              94.03059,
              25.99968
            ],
            [
              94.02943,
              25.99923
            ],
            [
              94.02819,
              25.9986
            ],
            [
              94.02753,
              25.99848
            ],
            [
              94.02703,
              25.99862
            ],
            [
              94.02684,
              25.99875
            ],
            [
              94.02601,
              25.99712
            ],
            [
              94.02452,
              25.9955
            ],
            [
              94.02237,
              25.99388
            ],
            [
              94.02047,
              25.9927
            ],
            [
              94.01856,
              25.99186
            ],
            [
              94.0165,
              25.99157
            ],
            [
              94.0157,
              25.99119
            ],
            [
              94.01476,
              25.99114
            ],
            [
              94.01406,
              25.99143
            ],
            [
              94.01343,
              25.99167
            ],
            [
              94.01244,
              25.99196
            ],
            [
              94.01164,
              25.99209
            ],
            [
              94.01053,
              25.99233
            ],
            [
              94.00988,
              25.99257
            ],
            [
              94.009,
              25.99286
            ],
            [
              94.00829,
              25.99325
            ],
            [
              94.00761,
              25.99384
            ],
            [
              94.00676,
              25.99431
            ],
            [
              94.0133,
              25.98182
            ],
            [
              94.02319,
              25.96612
            ],
            [
              94.02626,
              25.9576
            ],
            [
              94.01944,
              25.94873
            ],
            [
              94.01615,
              25.94668
            ],
            [
              94.01494,
              25.94593
            ],
            [
              94.01137,
              25.94372
            ],
            [
              94.00681,
              25.94088
            ],
            [
              94.00473,
              25.93672
            ],
            [
              94.0034,
              25.93406
            ],
            [
              94.00409,
              25.92212
            ],
            [
              94.00136,
              25.91461
            ],
            [
              93.99249,
              25.90506
            ],
            [
              93.98543,
              25.89804
            ],
            [
              93.98544,
              25.89754
            ],
            [
              93.98637,
              25.89681
            ],
            [
              93.98767,
              25.89618
            ],
            [
              93.98844,
              25.89545
            ],
            [
              93.98906,
              25.89496
            ],
            [
              93.99136,
              25.89314
            ],
            [
              93.99183,
              25.89267
            ],
            [
              93.99195,
              25.89239
            ],
            [
              93.99197,
              25.89208
            ],
            [
              93.99006,
              25.89118
            ],
            [
              93.98963,
              25.89096
            ],
            [
              93.98915,
              25.89075
            ],
            [
              93.9888,
              25.89062
            ],
            [
              93.9885,
              25.89044
            ],
            [
              93.98817,
              25.89007
            ],
            [
              93.98779,
              25.8891
            ],
            [
              93.98777,
              25.88857
            ],
            [
              93.98755,
              25.88826
            ],
            [
              93.98713,
              25.88802
            ],
            [
              93.98664,
              25.88781
            ],
            [
              93.98637,
              25.88774
            ],
            [
              93.98614,
              25.88768
            ],
            [
              93.98564,
              25.88762
            ],
            [
              93.98456,
              25.88781
            ],
            [
              93.98255,
              25.88815
            ],
            [
              93.9819,
              25.88822
            ],
            [
              93.98142,
              25.88818
            ],
            [
              93.98097,
              25.88787
            ],
            [
              93.98068,
              25.88762
            ],
            [
              93.9805,
              25.88679
            ],
            [
              93.98045,
              25.88613
            ],
            [
              93.97997,
              25.88541
            ],
            [
              93.97958,
              25.8851
            ],
            [
              93.97819,
              25.88432
            ],
            [
              93.97781,
              25.88399
            ],
            [
              93.9776,
              25.88366
            ],
            [
              93.97744,
              25.88331
            ],
            [
              93.97783,
              25.8814
            ],
            [
              93.97787,
              25.88109
            ],
            [
              93.97787,
              25.88077
            ],
            [
              93.97787,
              25.88025
            ],
            [
              93.97784,
              25.88011
            ],
            [
              93.97754,
              25.87976
            ],
            [
              93.97725,
              25.87949
            ],
            [
              93.97686,
              25.87933
            ],
            [
              93.97636,
              25.87908
            ],
            [
              93.97617,
              25.87905
            ],
            [
              93.97593,
              25.87885
            ],
            [
              93.97584,
              25.87854
            ],
            [
              93.97588,
              25.87807
            ],
            [
              93.97598,
              25.8774
            ],
            [
              93.976,
              25.87697
            ],
            [
              93.9758,
              25.8768
            ],
            [
              93.97528,
              25.87661
            ],
            [
              93.97476,
              25.87643
            ],
            [
              93.97454,
              25.8763
            ],
            [
              93.97417,
              25.87593
            ],
            [
              93.97406,
              25.87562
            ],
            [
              93.97352,
              25.87509
            ],
            [
              93.97313,
              25.87443
            ],
            [
              93.97294,
              25.87412
            ],
            [
              93.97291,
              25.87392
            ],
            [
              93.97291,
              25.87375
            ],
            [
              93.97291,
              25.87344
            ],
            [
              93.9729,
              25.87303
            ],
            [
              93.97289,
              25.87283
            ],
            [
              93.97283,
              25.8727
            ],
            [
              93.97266,
              25.87247
            ],
            [
              93.97251,
              25.87218
            ],
            [
              93.9725,
              25.87204
            ],
            [
              93.9725,
              25.87195
            ],
            [
              93.9725,
              25.87179
            ],
            [
              93.9725,
              25.87164
            ],
            [
              93.97269,
              25.8715
            ],
            [
              93.97301,
              25.87147
            ],
            [
              93.97327,
              25.87152
            ],
            [
              93.97354,
              25.8716
            ],
            [
              93.97379,
              25.87178
            ],
            [
              93.97405,
              25.87199
            ],
            [
              93.97429,
              25.87203
            ],
            [
              93.97433,
              25.8718
            ],
            [
              93.9743,
              25.87157
            ],
            [
              93.97413,
              25.87141
            ],
            [
              93.97395,
              25.87126
            ],
            [
              93.97385,
              25.87111
            ],
            [
              93.97391,
              25.87081
            ],
            [
              93.97452,
              25.87039
            ],
            [
              93.97502,
              25.86979
            ],
            [
              93.97504,
              25.86962
            ],
            [
              93.97496,
              25.86927
            ],
            [
              93.97476,
              25.86907
            ],
            [
              93.97451,
              25.86893
            ],
            [
              93.97433,
              25.86878
            ],
            [
              93.97429,
              25.86859
            ],
            [
              93.97434,
              25.86842
            ],
            [
              93.97459,
              25.86824
            ],
            [
              93.97494,
              25.86814
            ],
            [
              93.97531,
              25.8682
            ],
            [
              93.97537,
              25.86821
            ],
            [
              93.97567,
              25.86837
            ],
            [
              93.97617,
              25.86857
            ],
            [
              93.97655,
              25.86857
            ],
            [
              93.97689,
              25.86855
            ],
            [
              93.9773,
              25.86851
            ],
            [
              93.97778,
              25.86852
            ],
            [
              93.97809,
              25.86852
            ],
            [
              93.97868,
              25.86848
            ],
            [
              93.97935,
              25.8683
            ],
            [
              93.98144,
              25.86749
            ],
            [
              93.98216,
              25.86705
            ],
            [
              93.98256,
              25.86653
            ],
            [
              93.98325,
              25.8655
            ],
            [
              93.98373,
              25.86489
            ],
            [
              93.9847,
              25.86413
            ],
            [
              93.98507,
              25.86347
            ],
            [
              93.98565,
              25.86207
            ],
            [
              93.98578,
              25.86166
            ],
            [
              93.9857,
              25.86127
            ],
            [
              93.98542,
              25.86027
            ],
            [
              93.98539,
              25.86
            ],
            [
              93.98542,
              25.85961
            ],
            [
              93.98557,
              25.85915
            ],
            [
              93.98595,
              25.85873
            ],
            [
              93.98635,
              25.85839
            ],
            [
              93.98764,
              25.85757
            ],
            [
              93.98785,
              25.85722
            ],
            [
              93.98788,
              25.85696
            ],
            [
              93.98787,
              25.8564
            ],
            [
              93.98781,
              25.85584
            ],
            [
              93.98756,
              25.85516
            ],
            [
              93.98726,
              25.85462
            ],
            [
              93.98715,
              25.85436
            ],
            [
              93.98723,
              25.85389
            ],
            [
              93.98758,
              25.85331
            ],
            [
              93.98814,
              25.85282
            ],
            [
              93.9884,
              25.85252
            ],
            [
              93.98859,
              25.85225
            ],
            [
              93.98891,
              25.85159
            ],
            [
              93.98931,
              25.85098
            ],
            [
              93.98938,
              25.8501
            ],
            [
              93.98946,
              25.84964
            ],
            [
              93.98945,
              25.849
            ],
            [
              93.98942,
              25.84839
            ],
            [
              93.98942,
              25.8482
            ],
            [
              93.98977,
              25.84783
            ],
            [
              93.99012,
              25.84773
            ],
            [
              93.99071,
              25.84778
            ],
            [
              93.99149,
              25.84804
            ],
            [
              93.99198,
              25.84835
            ],
            [
              93.99222,
              25.84864
            ],
            [
              93.99244,
              25.84894
            ],
            [
              93.99274,
              25.84915
            ],
            [
              93.99322,
              25.8491
            ],
            [
              93.99365,
              25.84905
            ],
            [
              93.99489,
              25.84848
            ],
            [
              93.99516,
              25.84838
            ],
            [
              93.99625,
              25.84771
            ],
            [
              93.9983,
              25.84682
            ],
            [
              93.99927,
              25.84647
            ],
            [
              94.00007,
              25.84637
            ],
            [
              94.00072,
              25.84632
            ],
            [
              94.00123,
              25.84619
            ],
            [
              94.00182,
              25.84604
            ],
            [
              94.00225,
              25.84582
            ],
            [
              94.00241,
              25.84562
            ],
            [
              94.00238,
              25.84502
            ],
            [
              94.00232,
              25.84467
            ],
            [
              94.0021,
              25.84421
            ],
            [
              94.00178,
              25.84383
            ],
            [
              94.00027,
              25.84362
            ],
            [
              93.99991,
              25.84352
            ],
            [
              93.99956,
              25.84316
            ],
            [
              93.99898,
              25.84155
            ],
            [
              93.99868,
              25.84118
            ],
            [
              93.99841,
              25.8408
            ],
            [
              93.99849,
              25.84055
            ],
            [
              93.99881,
              25.84026
            ],
            [
              93.99916,
              25.84009
            ],
            [
              93.99916,
              25.83991
            ],
            [
              93.99888,
              25.83945
            ],
            [
              93.99829,
              25.83907
            ],
            [
              93.99802,
              25.83885
            ],
            [
              93.99796,
              25.83866
            ],
            [
              93.99796,
              25.83819
            ],
            [
              93.99785,
              25.83781
            ],
            [
              93.99755,
              25.83756
            ],
            [
              93.99706,
              25.83749
            ],
            [
              93.99639,
              25.8373
            ],
            [
              93.99582,
              25.83685
            ],
            [
              93.99559,
              25.83656
            ],
            [
              93.99538,
              25.83632
            ],
            [
              93.99519,
              25.83603
            ],
            [
              93.99517,
              25.83588
            ],
            [
              93.99513,
              25.83562
            ],
            [
              93.99516,
              25.83535
            ],
            [
              93.99537,
              25.83495
            ],
            [
              93.99542,
              25.83438
            ],
            [
              93.99538,
              25.83392
            ],
            [
              93.99511,
              25.83355
            ],
            [
              93.99482,
              25.83304
            ],
            [
              93.99453,
              25.83263
            ],
            [
              93.99427,
              25.83234
            ],
            [
              93.99241,
              25.83128
            ],
            [
              93.99161,
              25.8307
            ],
            [
              93.99102,
              25.82997
            ],
            [
              93.9909,
              25.82965
            ],
            [
              93.99092,
              25.82927
            ],
            [
              93.99102,
              25.82871
            ],
            [
              93.99115,
              25.82843
            ],
            [
              93.99143,
              25.82739
            ],
            [
              93.99143,
              25.827
            ],
            [
              93.99144,
              25.82627
            ],
            [
              93.991,
              25.82578
            ],
            [
              93.99058,
              25.82542
            ],
            [
              93.99026,
              25.82502
            ],
            [
              93.99006,
              25.82469
            ],
            [
              93.98991,
              25.82412
            ],
            [
              93.98988,
              25.82347
            ],
            [
              93.99059,
              25.82214
            ],
            [
              93.99059,
              25.82176
            ],
            [
              93.99051,
              25.8212
            ],
            [
              93.99016,
              25.82049
            ],
            [
              93.98978,
              25.81998
            ],
            [
              93.98926,
              25.81909
            ],
            [
              93.98894,
              25.8186
            ],
            [
              93.98836,
              25.81741
            ],
            [
              93.98826,
              25.81709
            ],
            [
              93.98826,
              25.81677
            ],
            [
              93.98861,
              25.81614
            ],
            [
              93.98901,
              25.81547
            ],
            [
              93.98927,
              25.81504
            ],
            [
              93.98929,
              25.81466
            ],
            [
              93.98924,
              25.81442
            ],
            [
              93.9889,
              25.81386
            ],
            [
              93.98847,
              25.81339
            ],
            [
              93.98785,
              25.8128
            ],
            [
              93.98761,
              25.8125
            ],
            [
              93.98746,
              25.81218
            ],
            [
              93.98732,
              25.81173
            ],
            [
              93.98729,
              25.81121
            ],
            [
              93.98731,
              25.81035
            ],
            [
              93.98768,
              25.80979
            ],
            [
              93.98815,
              25.80905
            ],
            [
              93.98814,
              25.80856
            ],
            [
              93.9881,
              25.80836
            ],
            [
              93.98766,
              25.80762
            ],
            [
              93.98728,
              25.80719
            ],
            [
              93.98645,
              25.80689
            ],
            [
              93.98614,
              25.80672
            ],
            [
              93.98583,
              25.80658
            ],
            [
              93.98561,
              25.80641
            ],
            [
              93.98537,
              25.80608
            ],
            [
              93.98537,
              25.8057
            ],
            [
              93.98539,
              25.80548
            ],
            [
              93.98632,
              25.8033
            ],
            [
              93.98643,
              25.80274
            ],
            [
              93.98619,
              25.8019
            ],
            [
              93.98597,
              25.80128
            ],
            [
              93.98564,
              25.80067
            ],
            [
              93.98464,
              25.79879
            ],
            [
              93.9843,
              25.79815
            ],
            [
              93.98425,
              25.79785
            ],
            [
              93.98418,
              25.79733
            ],
            [
              93.98396,
              25.7965
            ],
            [
              93.98388,
              25.79587
            ],
            [
              93.98381,
              25.79551
            ],
            [
              93.98361,
              25.79497
            ],
            [
              93.9834,
              25.79459
            ],
            [
              93.98316,
              25.79423
            ],
            [
              93.98299,
              25.79397
            ],
            [
              93.9827,
              25.79358
            ],
            [
              93.98248,
              25.79341
            ],
            [
              93.9822,
              25.79314
            ],
            [
              93.98184,
              25.79289
            ],
            [
              93.98164,
              25.79278
            ],
            [
              93.98148,
              25.79261
            ],
            [
              93.98133,
              25.7924
            ],
            [
              93.98118,
              25.7918
            ],
            [
              93.98118,
              25.79157
            ],
            [
              93.98125,
              25.79113
            ],
            [
              93.9816,
              25.79066
            ],
            [
              93.98187,
              25.79046
            ],
            [
              93.98217,
              25.79014
            ],
            [
              93.98231,
              25.78981
            ],
            [
              93.98223,
              25.78908
            ],
            [
              93.98198,
              25.7887
            ],
            [
              93.98176,
              25.78865
            ],
            [
              93.98137,
              25.78852
            ],
            [
              93.98109,
              25.78833
            ],
            [
              93.9808,
              25.78808
            ],
            [
              93.9804,
              25.78798
            ],
            [
              93.98011,
              25.78795
            ],
            [
              93.97988,
              25.78792
            ],
            [
              93.97974,
              25.78788
            ],
            [
              93.97956,
              25.78769
            ],
            [
              93.97938,
              25.78751
            ],
            [
              93.9792,
              25.78734
            ],
            [
              93.97897,
              25.78723
            ],
            [
              93.97869,
              25.78703
            ],
            [
              93.97857,
              25.78694
            ],
            [
              93.97846,
              25.78662
            ],
            [
              93.97845,
              25.78618
            ],
            [
              93.97855,
              25.78518
            ],
            [
              93.97855,
              25.78478
            ],
            [
              93.97844,
              25.78456
            ],
            [
              93.97827,
              25.78433
            ],
            [
              93.97766,
              25.78387
            ],
            [
              93.97753,
              25.78383
            ],
            [
              93.97681,
              25.78375
            ],
            [
              93.97643,
              25.78378
            ],
            [
              93.97618,
              25.78376
            ],
            [
              93.97579,
              25.78366
            ],
            [
              93.97565,
              25.78359
            ],
            [
              93.97536,
              25.78324
            ],
            [
              93.97484,
              25.78191
            ],
            [
              93.97483,
              25.78147
            ],
            [
              93.9749,
              25.78111
            ],
            [
              93.9751,
              25.78135
            ],
            [
              93.97548,
              25.78151
            ],
            [
              93.97657,
              25.78155
            ],
            [
              93.97705,
              25.7815
            ],
            [
              93.97765,
              25.78147
            ],
            [
              93.97824,
              25.78144
            ],
            [
              93.97872,
              25.78142
            ],
            [
              93.9795,
              25.78146
            ],
            [
              93.97993,
              25.78132
            ],
            [
              93.98028,
              25.78109
            ],
            [
              93.98043,
              25.78081
            ],
            [
              93.98073,
              25.78037
            ],
            [
              93.98108,
              25.77996
            ],
            [
              93.98118,
              25.77952
            ],
            [
              93.98123,
              25.77907
            ],
            [
              93.9811,
              25.77861
            ],
            [
              93.98094,
              25.77742
            ],
            [
              93.98136,
              25.77671
            ],
            [
              93.98161,
              25.7761
            ],
            [
              93.98184,
              25.77603
            ],
            [
              93.9823,
              25.77601
            ],
            [
              93.98288,
              25.77598
            ],
            [
              93.98323,
              25.77593
            ],
            [
              93.98376,
              25.77577
            ],
            [
              93.98422,
              25.77544
            ],
            [
              93.98449,
              25.77501
            ],
            [
              93.98467,
              25.77475
            ],
            [
              93.98474,
              25.77443
            ],
            [
              93.98474,
              25.77411
            ],
            [
              93.98473,
              25.77329
            ],
            [
              93.98462,
              25.77281
            ],
            [
              93.98458,
              25.77261
            ],
            [
              93.98454,
              25.77246
            ],
            [
              93.98454,
              25.77217
            ],
            [
              93.98488,
              25.76998
            ],
            [
              93.98485,
              25.76938
            ],
            [
              93.98485,
              25.76922
            ],
            [
              93.98545,
              25.76858
            ],
            [
              93.9856,
              25.7683
            ],
            [
              93.98586,
              25.76814
            ],
            [
              93.98618,
              25.76796
            ],
            [
              93.98666,
              25.76756
            ],
            [
              93.98671,
              25.76697
            ],
            [
              93.9867,
              25.76589
            ],
            [
              93.98654,
              25.76516
            ],
            [
              93.98638,
              25.76479
            ],
            [
              93.98618,
              25.76452
            ],
            [
              93.98605,
              25.76436
            ],
            [
              93.98572,
              25.76409
            ],
            [
              93.98516,
              25.764
            ],
            [
              93.98466,
              25.76403
            ],
            [
              93.9842,
              25.76426
            ],
            [
              93.98352,
              25.76472
            ],
            [
              93.98306,
              25.76465
            ],
            [
              93.9823,
              25.76427
            ],
            [
              93.98187,
              25.76388
            ],
            [
              93.98141,
              25.76363
            ],
            [
              93.98105,
              25.76329
            ],
            [
              93.9808,
              25.76313
            ],
            [
              93.98062,
              25.76277
            ],
            [
              93.98064,
              25.76254
            ],
            [
              93.98092,
              25.76219
            ],
            [
              93.98117,
              25.76194
            ],
            [
              93.98139,
              25.76171
            ],
            [
              93.98152,
              25.76139
            ],
            [
              93.98141,
              25.76094
            ],
            [
              93.98082,
              25.76008
            ],
            [
              93.98036,
              25.7596
            ],
            [
              93.98008,
              25.75928
            ],
            [
              93.97975,
              25.75889
            ],
            [
              93.97931,
              25.75848
            ],
            [
              93.97863,
              25.75844
            ],
            [
              93.97797,
              25.75856
            ],
            [
              93.97742,
              25.75861
            ],
            [
              93.97689,
              25.75864
            ],
            [
              93.97577,
              25.75842
            ],
            [
              93.9747,
              25.75757
            ],
            [
              93.97426,
              25.75702
            ],
            [
              93.97421,
              25.75673
            ],
            [
              93.97426,
              25.75627
            ],
            [
              93.97438,
              25.75563
            ],
            [
              93.97435,
              25.75503
            ],
            [
              93.97417,
              25.75462
            ],
            [
              93.97381,
              25.75421
            ],
            [
              93.97328,
              25.7538
            ],
            [
              93.97287,
              25.75362
            ],
            [
              93.97152,
              25.75278
            ],
            [
              93.97054,
              25.75182
            ],
            [
              93.97019,
              25.75148
            ],
            [
              93.96894,
              25.75033
            ],
            [
              93.96674,
              25.74849
            ],
            [
              93.96636,
              25.74804
            ],
            [
              93.96623,
              25.74786
            ],
            [
              93.96605,
              25.74744
            ],
            [
              93.96592,
              25.74708
            ],
            [
              93.96584,
              25.74674
            ],
            [
              93.96561,
              25.74607
            ],
            [
              93.96523,
              25.74539
            ],
            [
              93.96461,
              25.74468
            ],
            [
              93.964,
              25.74421
            ],
            [
              93.96317,
              25.74396
            ],
            [
              93.9621,
              25.74373
            ],
            [
              93.96138,
              25.74325
            ],
            [
              93.96072,
              25.74275
            ],
            [
              93.96029,
              25.74239
            ],
            [
              93.96003,
              25.74209
            ],
            [
              93.95985,
              25.74175
            ],
            [
              93.9598,
              25.7412
            ],
            [
              93.95935,
              25.73937
            ],
            [
              93.959,
              25.73889
            ],
            [
              93.95851,
              25.73844
            ],
            [
              93.95785,
              25.73832
            ],
            [
              93.95757,
              25.73814
            ],
            [
              93.95668,
              25.73751
            ],
            [
              93.95632,
              25.73719
            ],
            [
              93.95586,
              25.73669
            ],
            [
              93.95558,
              25.73634
            ],
            [
              93.95543,
              25.73614
            ],
            [
              93.95494,
              25.7355
            ],
            [
              93.95452,
              25.73428
            ],
            [
              93.95396,
              25.73362
            ],
            [
              93.95368,
              25.73335
            ],
            [
              93.95322,
              25.73301
            ],
            [
              93.95187,
              25.73249
            ],
            [
              93.95119,
              25.7324
            ],
            [
              93.95056,
              25.73259
            ],
            [
              93.94988,
              25.73273
            ],
            [
              93.94899,
              25.73276
            ],
            [
              93.94835,
              25.7326
            ],
            [
              93.94774,
              25.7324
            ],
            [
              93.94736,
              25.73199
            ],
            [
              93.94716,
              25.73162
            ],
            [
              93.947,
              25.73135
            ],
            [
              93.94675,
              25.73087
            ],
            [
              93.94649,
              25.73073
            ],
            [
              93.94596,
              25.73058
            ],
            [
              93.94517,
              25.73035
            ],
            [
              93.94457,
              25.73036
            ],
            [
              93.94371,
              25.7305
            ],
            [
              93.94333,
              25.73064
            ],
            [
              93.94298,
              25.7308
            ],
            [
              93.94252,
              25.73083
            ],
            [
              93.94211,
              25.73074
            ],
            [
              93.94097,
              25.72992
            ],
            [
              93.9404,
              25.72829
            ],
            [
              93.94027,
              25.728
            ],
            [
              93.93958,
              25.72745
            ],
            [
              93.93922,
              25.72713
            ],
            [
              93.93874,
              25.72654
            ],
            [
              93.93823,
              25.72609
            ],
            [
              93.93775,
              25.72591
            ],
            [
              93.93706,
              25.72602
            ],
            [
              93.93615,
              25.7258
            ],
            [
              93.93566,
              25.72523
            ],
            [
              93.93533,
              25.72463
            ],
            [
              93.9352,
              25.72383
            ],
            [
              93.93425,
              25.72288
            ],
            [
              93.93395,
              25.72283
            ],
            [
              93.93304,
              25.7227
            ],
            [
              93.93223,
              25.72296
            ],
            [
              93.93175,
              25.72317
            ],
            [
              93.93094,
              25.72322
            ],
            [
              93.93026,
              25.72299
            ],
            [
              93.92995,
              25.7227
            ],
            [
              93.92967,
              25.72213
            ],
            [
              93.92725,
              25.71826
            ],
            [
              93.9246,
              25.71525
            ],
            [
              93.92037,
              25.71184
            ],
            [
              93.91993,
              25.71138
            ],
            [
              93.91764,
              25.70897
            ],
            [
              93.91639,
              25.70774
            ],
            [
              93.91186,
              25.70373
            ],
            [
              93.9103,
              25.70194
            ],
            [
              93.9081,
              25.69884
            ],
            [
              93.90655,
              25.69699
            ],
            [
              93.90486,
              25.69424
            ],
            [
              93.90409,
              25.69251
            ],
            [
              93.90313,
              25.69094
            ],
            [
              93.90225,
              25.6894
            ],
            [
              93.90136,
              25.68704
            ],
            [
              93.90095,
              25.686
            ],
            [
              93.89995,
              25.68443
            ],
            [
              93.89921,
              25.68233
            ],
            [
              93.89908,
              25.6809
            ],
            [
              93.89867,
              25.67872
            ],
            [
              93.89851,
              25.67828
            ],
            [
              93.89835,
              25.67783
            ],
            [
              93.89816,
              25.67732
            ],
            [
              93.8979,
              25.67674
            ],
            [
              93.89758,
              25.67594
            ],
            [
              93.8975,
              25.67529
            ],
            [
              93.89738,
              25.6746
            ],
            [
              93.89632,
              25.6714
            ],
            [
              93.8957,
              25.66972
            ],
            [
              93.89435,
              25.66567
            ],
            [
              93.89418,
              25.66475
            ],
            [
              93.89396,
              25.66392
            ],
            [
              93.89295,
              25.66163
            ],
            [
              93.89243,
              25.66022
            ],
            [
              93.89227,
              25.65968
            ],
            [
              93.89209,
              25.65901
            ],
            [
              93.89198,
              25.65823
            ],
            [
              93.89198,
              25.65792
            ],
            [
              93.89197,
              25.65753
            ],
            [
              93.89193,
              25.6569
            ],
            [
              93.89171,
              25.65649
            ],
            [
              93.89156,
              25.65629
            ],
            [
              93.89129,
              25.65544
            ],
            [
              93.89139,
              25.65494
            ],
            [
              93.89201,
              25.65407
            ],
            [
              93.89263,
              25.65293
            ],
            [
              93.89402,
              25.65126
            ],
            [
              93.8963,
              25.64848
            ],
            [
              93.8975,
              25.64747
            ],
            [
              93.89806,
              25.64692
            ],
            [
              93.89861,
              25.64602
            ],
            [
              93.90087,
              25.64428
            ],
            [
              93.90179,
              25.64302
            ],
            [
              93.9026,
              25.64206
            ],
            [
              93.9029,
              25.64172
            ],
            [
              93.90408,
              25.64034
            ],
            [
              93.90451,
              25.63957
            ],
            [
              93.90459,
              25.63898
            ],
            [
              93.90459,
              25.63859
            ],
            [
              93.90462,
              25.63687
            ],
            [
              93.90466,
              25.63626
            ],
            [
              93.90482,
              25.63516
            ],
            [
              93.90565,
              25.63325
            ],
            [
              93.90616,
              25.63225
            ],
            [
              93.90646,
              25.63151
            ],
            [
              93.90682,
              25.63088
            ],
            [
              93.90725,
              25.6304
            ],
            [
              93.9077,
              25.62999
            ],
            [
              93.9082,
              25.62948
            ],
            [
              93.90972,
              25.62843
            ],
            [
              93.91052,
              25.62758
            ],
            [
              93.91116,
              25.62679
            ],
            [
              93.91152,
              25.62636
            ],
            [
              93.91253,
              25.6253
            ],
            [
              93.91442,
              25.62332
            ],
            [
              93.915,
              25.62248
            ],
            [
              93.91604,
              25.62071
            ],
            [
              93.91632,
              25.62022
            ],
            [
              93.91675,
              25.61923
            ],
            [
              93.91698,
              25.61846
            ],
            [
              93.91706,
              25.61788
            ],
            [
              93.91708,
              25.61772
            ],
            [
              93.91708,
              25.61719
            ],
            [
              93.91688,
              25.61648
            ],
            [
              93.91663,
              25.61562
            ],
            [
              93.91661,
              25.61541
            ],
            [
              93.91661,
              25.61512
            ],
            [
              93.91663,
              25.61482
            ],
            [
              93.91665,
              25.61461
            ],
            [
              93.91688,
              25.61421
            ],
            [
              93.91793,
              25.61338
            ],
            [
              93.91894,
              25.61249
            ],
            [
              93.91946,
              25.61208
            ],
            [
              93.91993,
              25.61172
            ],
            [
              93.92038,
              25.61157
            ],
            [
              93.9207,
              25.61137
            ],
            [
              93.92085,
              25.61123
            ],
            [
              93.92087,
              25.61092
            ],
            [
              93.92087,
              25.61058
            ],
            [
              93.921,
              25.61002
            ],
            [
              93.92295,
              25.60796
            ],
            [
              93.92327,
              25.60741
            ],
            [
              93.924,
              25.60719
            ],
            [
              93.92456,
              25.60713
            ],
            [
              93.92512,
              25.60707
            ],
            [
              93.9256,
              25.60681
            ],
            [
              93.92622,
              25.60657
            ],
            [
              93.92693,
              25.60601
            ],
            [
              93.92743,
              25.60542
            ],
            [
              93.92744,
              25.60485
            ],
            [
              93.9274,
              25.60432
            ],
            [
              93.92731,
              25.60401
            ],
            [
              93.9273,
              25.60374
            ],
            [
              93.92739,
              25.6035
            ],
            [
              93.92784,
              25.60285
            ],
            [
              93.92816,
              25.60224
            ],
            [
              93.92911,
              25.5999
            ],
            [
              93.92948,
              25.59947
            ],
            [
              93.93053,
              25.59913
            ],
            [
              93.9309,
              25.59913
            ],
            [
              93.93135,
              25.59893
            ],
            [
              93.93163,
              25.59867
            ],
            [
              93.93191,
              25.5982
            ],
            [
              93.93225,
              25.59771
            ],
            [
              93.93279,
              25.59709
            ],
            [
              93.93311,
              25.59674
            ],
            [
              93.93315,
              25.59644
            ],
            [
              93.93308,
              25.59615
            ],
            [
              93.93282,
              25.59576
            ],
            [
              93.93245,
              25.59529
            ],
            [
              93.9323,
              25.595
            ],
            [
              93.9324,
              25.59455
            ],
            [
              93.93255,
              25.594
            ],
            [
              93.93291,
              25.5927
            ],
            [
              93.93331,
              25.59203
            ],
            [
              93.93342,
              25.5919
            ],
            [
              93.93389,
              25.59158
            ],
            [
              93.93437,
              25.59142
            ],
            [
              93.93484,
              25.5913
            ],
            [
              93.93516,
              25.59128
            ],
            [
              93.93555,
              25.59122
            ],
            [
              93.93585,
              25.59096
            ],
            [
              93.93613,
              25.59047
            ],
            [
              93.93675,
              25.5896
            ],
            [
              93.93705,
              25.58907
            ],
            [
              93.9372,
              25.58866
            ],
            [
              93.93728,
              25.58819
            ],
            [
              93.93728,
              25.5877
            ],
            [
              93.93729,
              25.58733
            ],
            [
              93.93755,
              25.58689
            ],
            [
              93.93922,
              25.58474
            ],
            [
              93.93969,
              25.58441
            ],
            [
              93.94023,
              25.58415
            ],
            [
              93.94068,
              25.58395
            ],
            [
              93.94126,
              25.58375
            ],
            [
              93.94159,
              25.58363
            ],
            [
              93.94202,
              25.58326
            ],
            [
              93.94257,
              25.58267
            ],
            [
              93.94315,
              25.58196
            ],
            [
              93.94336,
              25.58172
            ],
            [
              93.94349,
              25.58123
            ],
            [
              93.94349,
              25.58082
            ],
            [
              93.94346,
              25.58021
            ],
            [
              93.94326,
              25.57984
            ],
            [
              93.94317,
              25.57945
            ],
            [
              93.94324,
              25.57906
            ],
            [
              93.94338,
              25.57817
            ],
            [
              93.94341,
              25.5769
            ],
            [
              93.94356,
              25.57649
            ],
            [
              93.94362,
              25.57616
            ],
            [
              93.94384,
              25.57582
            ],
            [
              93.94401,
              25.57549
            ],
            [
              93.9445,
              25.57527
            ],
            [
              93.94489,
              25.57513
            ],
            [
              93.94545,
              25.57461
            ],
            [
              93.94579,
              25.57363
            ],
            [
              93.9458,
              25.57304
            ],
            [
              93.94571,
              25.57248
            ],
            [
              93.94562,
              25.5721
            ],
            [
              93.94543,
              25.57166
            ],
            [
              93.9451,
              25.5714
            ],
            [
              93.94428,
              25.57133
            ],
            [
              93.94393,
              25.57116
            ],
            [
              93.94391,
              25.57104
            ],
            [
              93.94386,
              25.57084
            ],
            [
              93.94349,
              25.56902
            ],
            [
              93.9432,
              25.56853
            ],
            [
              93.94315,
              25.56824
            ],
            [
              93.94305,
              25.56779
            ],
            [
              93.94288,
              25.56742
            ],
            [
              93.94275,
              25.56707
            ],
            [
              93.94265,
              25.56677
            ],
            [
              93.94263,
              25.56653
            ],
            [
              93.94265,
              25.56627
            ],
            [
              93.9417,
              25.5625
            ],
            [
              93.94147,
              25.55963
            ],
            [
              93.94147,
              25.55805
            ],
            [
              93.94147,
              25.55778
            ],
            [
              93.94147,
              25.55645
            ],
            [
              93.94068,
              25.55429
            ],
            [
              93.94011,
              25.55337
            ],
            [
              93.93977,
              25.55224
            ],
            [
              93.93895,
              25.55046
            ],
            [
              93.94128,
              25.55025
            ],
            [
              93.9442,
              25.54977
            ],
            [
              93.94554,
              25.54884
            ],
            [
              93.94643,
              25.54791
            ],
            [
              93.94723,
              25.54726
            ],
            [
              93.94875,
              25.54694
            ],
            [
              93.95091,
              25.54696
            ],
            [
              93.95311,
              25.54768
            ],
            [
              93.9546,
              25.54842
            ],
            [
              93.95529,
              25.54911
            ],
            [
              93.95603,
              25.54945
            ],
            [
              93.95682,
              25.54948
            ],
            [
              93.95744,
              25.54931
            ],
            [
              93.95844,
              25.54898
            ],
            [
              93.96012,
              25.54855
            ],
            [
              93.96141,
              25.5484
            ],
            [
              93.96236,
              25.54842
            ],
            [
              93.96345,
              25.5486
            ],
            [
              93.96428,
              25.54959
            ],
            [
              93.96487,
              25.55023
            ],
            [
              93.96626,
              25.55062
            ],
            [
              93.96896,
              25.5504
            ],
            [
              93.97137,
              25.55075
            ],
            [
              93.97327,
              25.55115
            ],
            [
              93.97491,
              25.55181
            ],
            [
              93.97651,
              25.55277
            ],
            [
              93.97749,
              25.55425
            ],
            [
              93.97766,
              25.55701
            ],
            [
              93.97779,
              25.55906
            ],
            [
              93.97869,
              25.56077
            ],
            [
              93.97994,
              25.56215
            ],
            [
              93.98139,
              25.56268
            ],
            [
              93.98399,
              25.5631
            ],
            [
              93.98663,
              25.56335
            ],
            [
              93.98934,
              25.56307
            ],
            [
              93.99223,
              25.56291
            ],
            [
              93.99424,
              25.56344
            ],
            [
              93.99869,
              25.56509
            ],
            [
              93.99984,
              25.56512
            ],
            [
              94.00103,
              25.56504
            ],
            [
              94.00274,
              25.5647
            ],
            [
              94.00425,
              25.56388
            ],
            [
              94.00561,
              25.56256
            ],
            [
              94.00834,
              25.55968
            ],
            [
              94.01015,
              25.55919
            ],
            [
              94.0126,
              25.55928
            ],
            [
              94.01658,
              25.55925
            ],
            [
              94.01877,
              25.55987
            ],
            [
              94.02068,
              25.56181
            ],
            [
              94.02482,
              25.56437
            ],
            [
              94.02551,
              25.56582
            ],
            [
              94.02558,
              25.56794
            ],
            [
              94.02592,
              25.56989
            ],
            [
              94.02769,
              25.57361
            ],
            [
              94.02883,
              25.57602
            ],
            [
              94.02949,
              25.57712
            ],
            [
              94.03006,
              25.57775
            ],
            [
              94.03189,
              25.57825
            ],
            [
              94.03338228100006,
              25.57835943300006
            ],
            [
              94.036,
              25.57817
            ],
            [
              94.03823823500005,
              25.577885369000057
            ],
            [
              94.03847007900004,
              25.577855886000066
            ],
            [
              94.03946,
              25.57773
            ],
            [
              94.04114,
              25.57738
            ],
            [
              94.04198,
              25.57678
            ],
            [
              94.04383,
              25.57511
            ],
            [
              94.04434965100006,
              25.574622973000032
            ],
            [
              94.04606,
              25.57302
            ],
            [
              94.04704,
              25.57263
            ],
            [
              94.04941,
              25.57138
            ],
            [
              94.05296,
              25.56804
            ],
            [
              94.05566,
              25.56663
            ],
            [
              94.05704,
              25.56471
            ],
            [
              94.05731,
              25.5636
            ],
            [
              94.05847,
              25.56203
            ],
            [
              94.06028,
              25.5604
            ],
            [
              94.0627,
              25.55928
            ],
            [
              94.06382,
              25.55829
            ],
            [
              94.06484,
              25.55709
            ],
            [
              94.06567,
              25.55637
            ],
            [
              94.06693,
              25.55589
            ],
            [
              94.06741499100008,
              25.555921803000047
            ],
            [
              94.06815,
              25.55597
            ],
            [
              94.06941,
              25.556
            ],
            [
              94.07086,
              25.55586
            ],
            [
              94.07277,
              25.55508
            ],
            [
              94.07307117200008,
              25.555043617000024
            ],
            [
              94.07426,
              25.5549
            ],
            [
              94.07572,
              25.55506
            ],
            [
              94.07782,
              25.55534
            ],
            [
              94.07979,
              25.55571
            ],
            [
              94.08140043700007,
              25.55587775400005
            ],
            [
              94.08171,
              25.55591
            ],
            [
              94.08343,
              25.55551
            ],
            [
              94.08653,
              25.55438
            ],
            [
              94.08992,
              25.55284
            ],
            [
              94.09012,
              25.55275
            ],
            [
              94.09324,
              25.55115
            ],
            [
              94.09519,
              25.55008
            ],
            [
              94.09733,
              25.54836
            ],
            [
              94.09899,
              25.54602
            ],
            [
              94.09962,
              25.54333
            ],
            [
              94.09992,
              25.53964
            ],
            [
              94.10002,
              25.53627
            ],
            [
              94.10006,
              25.53502
            ],
            [
              94.10125,
              25.53213
            ],
            [
              94.10453,
              25.5273
            ],
            [
              94.10602,
              25.52588
            ],
            [
              94.10765,
              25.52502
            ],
            [
              94.10997,
              25.52386
            ],
            [
              94.11273460800004,
              25.522755434000032
            ],
            [
              94.1143,
              25.52213
            ],
            [
              94.11714,
              25.5208
            ],
            [
              94.12119,
              25.52001
            ],
            [
              94.1215,
              25.51995
            ],
            [
              94.12491,
              25.51992
            ],
            [
              94.12795,
              25.5199
            ],
            [
              94.13069,
              25.51988
            ],
            [
              94.1308,
              25.51988
            ],
            [
              94.13138456200005,
              25.519901882000056
            ],
            [
              94.13267,
              25.51995
            ],
            [
              94.13482,
              25.51997
            ],
            [
              94.13641,
              25.51971
            ],
            [
              94.13804,
              25.5191
            ],
            [
              94.13873847700006,
              25.519045808000044
            ],
            [
              94.1392,
              25.51901
            ],
            [
              94.1408,
              25.51959
            ],
            [
              94.14183,
              25.52026
            ],
            [
              94.14437,
              25.52227
            ],
            [
              94.14791,
              25.52501
            ],
            [
              94.14886,
              25.52597
            ],
            [
              94.1493,
              25.52703
            ],
            [
              94.14937,
              25.5283
            ],
            [
              94.14868,
              25.53078
            ],
            [
              94.14899,
              25.53273
            ],
            [
              94.15094,
              25.53552
            ],
            [
              94.15155,
              25.53768
            ],
            [
              94.15251,
              25.54236
            ],
            [
              94.15307,
              25.54329
            ],
            [
              94.15414,
              25.54411
            ],
            [
              94.15431,
              25.54424
            ],
            [
              94.15504,
              25.54495
            ],
            [
              94.15592,
              25.54599
            ],
            [
              94.1568,
              25.54663
            ],
            [
              94.15762,
              25.54704
            ],
            [
              94.15855,
              25.54729
            ],
            [
              94.16003,
              25.54719
            ],
            [
              94.16111382500009,
              25.547106272000065
            ],
            [
              94.16236,
              25.54701
            ],
            [
              94.1651,
              25.54624
            ],
            [
              94.16912,
              25.5463
            ],
            [
              94.17099,
              25.54666
            ],
            [
              94.17314,
              25.54767
            ],
            [
              94.17589,
              25.54911
            ],
            [
              94.18085,
              25.55124
            ],
            [
              94.18203,
              25.55231
            ],
            [
              94.18346,
              25.55388
            ],
            [
              94.18496,
              25.55522
            ],
            [
              94.18564,
              25.5558
            ],
            [
              94.18698,
              25.55684
            ],
            [
              94.18756,
              25.55724
            ],
            [
              94.18831,
              25.55738
            ],
            [
              94.18902,
              25.55729
            ],
            [
              94.18972,
              25.55629
            ],
            [
              94.18993,
              25.55497
            ],
            [
              94.19005,
              25.55377
            ],
            [
              94.19107,
              25.55236
            ],
            [
              94.19261,
              25.55167
            ],
            [
              94.1938,
              25.55137
            ],
            [
              94.19394,
              25.5513
            ],
            [
              94.1948,
              25.55086
            ],
            [
              94.19534,
              25.55018
            ],
            [
              94.19706,
              25.55137
            ],
            [
              94.19709,
              25.55163
            ],
            [
              94.1973,
              25.55214
            ],
            [
              94.19757,
              25.55301
            ],
            [
              94.19785,
              25.55392
            ],
            [
              94.19817,
              25.55442
            ],
            [
              94.19931,
              25.55594
            ],
            [
              94.19981,
              25.55629
            ],
            [
              94.20025,
              25.55647
            ],
            [
              94.20076,
              25.55673
            ],
            [
              94.20114,
              25.55702
            ],
            [
              94.20141,
              25.55729
            ],
            [
              94.20159,
              25.5576
            ],
            [
              94.20171,
              25.55803
            ],
            [
              94.20171,
              25.55848
            ],
            [
              94.20175,
              25.55904
            ],
            [
              94.20178,
              25.55942
            ],
            [
              94.20178,
              25.55951
            ],
            [
              94.20176,
              25.55982
            ],
            [
              94.20161,
              25.56019
            ],
            [
              94.20135,
              25.56051
            ],
            [
              94.20124,
              25.56065
            ],
            [
              94.20097,
              25.56102
            ],
            [
              94.20071,
              25.5615
            ],
            [
              94.20049,
              25.56215
            ],
            [
              94.19921,
              25.56401
            ],
            [
              94.19907,
              25.56452
            ],
            [
              94.19909,
              25.56488
            ],
            [
              94.19921,
              25.56538
            ],
            [
              94.19923,
              25.5655
            ],
            [
              94.19931,
              25.56592
            ],
            [
              94.19926,
              25.56623
            ],
            [
              94.19915,
              25.56662
            ],
            [
              94.19916,
              25.56708
            ],
            [
              94.19926,
              25.56757
            ],
            [
              94.19927,
              25.56812
            ],
            [
              94.19908,
              25.56873
            ],
            [
              94.1988,
              25.56893
            ],
            [
              94.19783,
              25.56917
            ],
            [
              94.19749,
              25.56944
            ],
            [
              94.19731,
              25.56962
            ],
            [
              94.19723,
              25.56982
            ],
            [
              94.19725,
              25.57023
            ],
            [
              94.19727,
              25.5705
            ],
            [
              94.19732,
              25.57083
            ],
            [
              94.1975,
              25.57167
            ],
            [
              94.19775,
              25.57203
            ],
            [
              94.19799,
              25.57219
            ],
            [
              94.19846,
              25.57241
            ],
            [
              94.19875,
              25.57253
            ],
            [
              94.19921,
              25.57264
            ],
            [
              94.19976,
              25.57288
            ],
            [
              94.20014,
              25.57357
            ],
            [
              94.20016,
              25.57392
            ],
            [
              94.20014,
              25.57433
            ],
            [
              94.20009,
              25.57487
            ],
            [
              94.2,
              25.57522
            ],
            [
              94.19982,
              25.57571
            ],
            [
              94.19979,
              25.57632
            ],
            [
              94.19987,
              25.57708
            ],
            [
              94.19998,
              25.57794
            ],
            [
              94.19994,
              25.5796
            ],
            [
              94.19978,
              25.58027
            ],
            [
              94.19982,
              25.58071
            ],
            [
              94.19989,
              25.58091
            ],
            [
              94.20029,
              25.58131
            ],
            [
              94.20066,
              25.5816
            ],
            [
              94.20106,
              25.58201
            ],
            [
              94.20146,
              25.5828
            ],
            [
              94.20161,
              25.58353
            ],
            [
              94.20151,
              25.58478
            ],
            [
              94.20124,
              25.58554
            ],
            [
              94.20121,
              25.58596
            ],
            [
              94.20122,
              25.58649
            ],
            [
              94.20127,
              25.58674
            ],
            [
              94.20208,
              25.58741
            ],
            [
              94.20326,
              25.58836
            ],
            [
              94.20356,
              25.58849
            ],
            [
              94.20546,
              25.58888
            ],
            [
              94.20653,
              25.58943
            ],
            [
              94.20685,
              25.5899
            ],
            [
              94.20715,
              25.59044
            ],
            [
              94.20765,
              25.59123
            ],
            [
              94.20793,
              25.59197
            ],
            [
              94.20794,
              25.59261
            ],
            [
              94.20795,
              25.59327
            ],
            [
              94.20814,
              25.59367
            ],
            [
              94.20844,
              25.59402
            ],
            [
              94.20908,
              25.59488
            ],
            [
              94.20957,
              25.59536
            ],
            [
              94.20959,
              25.59538
            ],
            [
              94.20981,
              25.59553
            ],
            [
              94.2102,
              25.59583
            ],
            [
              94.2108,
              25.59616
            ],
            [
              94.21106,
              25.59631
            ],
            [
              94.2115,
              25.59675
            ],
            [
              94.21187,
              25.59727
            ],
            [
              94.21214,
              25.59775
            ],
            [
              94.21231,
              25.59833
            ],
            [
              94.2122,
              25.59985
            ],
            [
              94.21198,
              25.60024
            ],
            [
              94.21192,
              25.6003
            ],
            [
              94.21143,
              25.60082
            ],
            [
              94.21134,
              25.60119
            ],
            [
              94.21136,
              25.60134
            ],
            [
              94.21153,
              25.60154
            ],
            [
              94.21173,
              25.60166
            ],
            [
              94.21198,
              25.60174
            ],
            [
              94.21229,
              25.60184
            ],
            [
              94.21259,
              25.60191
            ],
            [
              94.21325,
              25.60237
            ],
            [
              94.21343,
              25.60251
            ],
            [
              94.21375,
              25.60291
            ],
            [
              94.2142,
              25.60341
            ],
            [
              94.21582,
              25.60392
            ],
            [
              94.21615,
              25.60425
            ],
            [
              94.21641,
              25.60447
            ],
            [
              94.21671,
              25.60483
            ],
            [
              94.21679,
              25.60514
            ],
            [
              94.21677,
              25.60557
            ],
            [
              94.21656,
              25.60603
            ],
            [
              94.21633,
              25.60654
            ],
            [
              94.21586,
              25.60745
            ],
            [
              94.21549,
              25.60801
            ],
            [
              94.21526,
              25.60871
            ],
            [
              94.21532,
              25.60936
            ],
            [
              94.2154,
              25.60975
            ],
            [
              94.21575,
              25.61025
            ],
            [
              94.21586,
              25.61039
            ],
            [
              94.2164,
              25.61116
            ],
            [
              94.21686,
              25.61171
            ],
            [
              94.2172,
              25.61204
            ],
            [
              94.21763,
              25.61237
            ],
            [
              94.21811,
              25.6128
            ],
            [
              94.21846,
              25.61321
            ],
            [
              94.21865,
              25.61364
            ],
            [
              94.21866,
              25.61417
            ],
            [
              94.21844,
              25.61583
            ],
            [
              94.21825,
              25.61627
            ],
            [
              94.21802,
              25.61644
            ],
            [
              94.21765,
              25.61651
            ],
            [
              94.21725,
              25.61654
            ],
            [
              94.21698,
              25.61654
            ],
            [
              94.21651,
              25.61655
            ],
            [
              94.21606,
              25.6166
            ],
            [
              94.21555,
              25.61677
            ],
            [
              94.21511,
              25.61716
            ],
            [
              94.21405,
              25.61794
            ],
            [
              94.2135,
              25.61861
            ],
            [
              94.21325,
              25.61958
            ],
            [
              94.21336,
              25.62025
            ],
            [
              94.21386,
              25.62258
            ],
            [
              94.2139,
              25.62325
            ],
            [
              94.2139,
              25.62388
            ],
            [
              94.21382,
              25.62405
            ],
            [
              94.21319,
              25.62475
            ],
            [
              94.21304,
              25.62517
            ],
            [
              94.21292,
              25.6253
            ],
            [
              94.2127,
              25.62561
            ],
            [
              94.21254,
              25.62587
            ],
            [
              94.21249,
              25.62604
            ],
            [
              94.21247,
              25.62633
            ],
            [
              94.21226,
              25.62661
            ],
            [
              94.21221,
              25.62721
            ],
            [
              94.21224,
              25.62772
            ],
            [
              94.21227,
              25.6282
            ],
            [
              94.21241,
              25.62839
            ],
            [
              94.2129,
              25.62893
            ],
            [
              94.21321,
              25.62928
            ],
            [
              94.21364,
              25.62968
            ],
            [
              94.21373,
              25.63016
            ],
            [
              94.21362,
              25.63067
            ],
            [
              94.2133,
              25.63108
            ],
            [
              94.21308,
              25.63137
            ],
            [
              94.21214,
              25.63354
            ],
            [
              94.21144,
              25.63494
            ],
            [
              94.21137,
              25.63554
            ],
            [
              94.21141,
              25.63586
            ],
            [
              94.21142,
              25.63595
            ],
            [
              94.21172,
              25.63629
            ],
            [
              94.21188,
              25.63638
            ],
            [
              94.21291,
              25.63642
            ],
            [
              94.2136,
              25.63618
            ],
            [
              94.2141,
              25.63596
            ],
            [
              94.21453,
              25.63579
            ],
            [
              94.21484,
              25.63552
            ],
            [
              94.21529,
              25.63525
            ],
            [
              94.21537,
              25.6352
            ],
            [
              94.21598,
              25.63488
            ],
            [
              94.21661,
              25.63471
            ],
            [
              94.21712,
              25.6348
            ],
            [
              94.21757,
              25.63497
            ],
            [
              94.21778,
              25.63516
            ],
            [
              94.21816,
              25.63607
            ],
            [
              94.2182,
              25.63655
            ],
            [
              94.2182,
              25.63688
            ],
            [
              94.21805,
              25.63785
            ],
            [
              94.21746,
              25.64005
            ],
            [
              94.21744,
              25.64055
            ],
            [
              94.21747,
              25.64108
            ],
            [
              94.21748,
              25.64142
            ],
            [
              94.21748,
              25.64185
            ],
            [
              94.21748,
              25.64226
            ],
            [
              94.21749,
              25.64291
            ],
            [
              94.2176,
              25.64339
            ],
            [
              94.21784,
              25.64365
            ],
            [
              94.21897,
              25.64465
            ],
            [
              94.21924,
              25.64501
            ],
            [
              94.21956,
              25.64551
            ],
            [
              94.22003,
              25.64715
            ],
            [
              94.22003,
              25.64739
            ],
            [
              94.22004,
              25.64806
            ],
            [
              94.21991,
              25.64854
            ],
            [
              94.21965,
              25.64881
            ],
            [
              94.21941,
              25.64898
            ],
            [
              94.21904,
              25.64915
            ],
            [
              94.21881,
              25.64978
            ],
            [
              94.21881,
              25.65002
            ],
            [
              94.21898,
              25.65035
            ],
            [
              94.21906,
              25.65059
            ],
            [
              94.2193,
              25.65093
            ],
            [
              94.21952,
              25.65129
            ],
            [
              94.21971,
              25.65155
            ],
            [
              94.22008,
              25.652
            ],
            [
              94.22032,
              25.65222
            ],
            [
              94.22056,
              25.65241
            ],
            [
              94.2217,
              25.65343
            ],
            [
              94.22184,
              25.6537
            ],
            [
              94.22196,
              25.65407
            ],
            [
              94.22201,
              25.65449
            ],
            [
              94.22203,
              25.65522
            ],
            [
              94.22202,
              25.65551
            ],
            [
              94.22166,
              25.65631
            ],
            [
              94.22143,
              25.65648
            ],
            [
              94.22062,
              25.65704
            ],
            [
              94.22052,
              25.65739
            ],
            [
              94.22049,
              25.65771
            ],
            [
              94.22049,
              25.65818
            ],
            [
              94.2205,
              25.65841
            ],
            [
              94.22082,
              25.65941
            ],
            [
              94.22145,
              25.66083
            ],
            [
              94.22231,
              25.66193
            ],
            [
              94.22263,
              25.66232
            ],
            [
              94.2228,
              25.66271
            ],
            [
              94.22281,
              25.6629
            ],
            [
              94.22283,
              25.66319
            ],
            [
              94.22212,
              25.66472
            ],
            [
              94.22115,
              25.6658
            ],
            [
              94.22083,
              25.66605
            ],
            [
              94.22045,
              25.66617
            ],
            [
              94.22011,
              25.66631
            ],
            [
              94.21987,
              25.66643
            ],
            [
              94.2197,
              25.66664
            ],
            [
              94.2196,
              25.66703
            ],
            [
              94.21944,
              25.66786
            ],
            [
              94.21944,
              25.66808
            ],
            [
              94.21941,
              25.66939
            ],
            [
              94.21952,
              25.66978
            ],
            [
              94.21973,
              25.67021
            ],
            [
              94.22016,
              25.67075
            ],
            [
              94.22048,
              25.67122
            ],
            [
              94.22073,
              25.67159
            ],
            [
              94.22099,
              25.67205
            ],
            [
              94.22104,
              25.67239
            ],
            [
              94.22091,
              25.67255
            ],
            [
              94.22067,
              25.67285
            ],
            [
              94.22042,
              25.67318
            ],
            [
              94.21996,
              25.67378
            ],
            [
              94.21919,
              25.6742
            ],
            [
              94.21884,
              25.67425
            ],
            [
              94.21835,
              25.67427
            ],
            [
              94.21801,
              25.67418
            ],
            [
              94.2176,
              25.67409
            ],
            [
              94.21712,
              25.67394
            ],
            [
              94.2167,
              25.67379
            ],
            [
              94.21622,
              25.67371
            ],
            [
              94.21574,
              25.67373
            ],
            [
              94.21533,
              25.67382
            ],
            [
              94.21503,
              25.67408
            ],
            [
              94.2147,
              25.67452
            ],
            [
              94.21466,
              25.67457
            ],
            [
              94.21414,
              25.67519
            ],
            [
              94.21392,
              25.67549
            ],
            [
              94.21376,
              25.67593
            ],
            [
              94.21372,
              25.67627
            ],
            [
              94.21378,
              25.67679
            ],
            [
              94.21407,
              25.67719
            ],
            [
              94.21422,
              25.67782
            ],
            [
              94.21438,
              25.6781
            ],
            [
              94.21445,
              25.67881
            ],
            [
              94.21445,
              25.67939
            ],
            [
              94.21446,
              25.67991
            ],
            [
              94.21441,
              25.68155
            ],
            [
              94.21433,
              25.68273
            ],
            [
              94.21437,
              25.68347
            ],
            [
              94.21462,
              25.68405
            ],
            [
              94.21481,
              25.68429
            ],
            [
              94.21542,
              25.68481
            ],
            [
              94.21603,
              25.6853
            ],
            [
              94.21665,
              25.68623
            ],
            [
              94.21817,
              25.68821
            ],
            [
              94.2184,
              25.68887
            ],
            [
              94.2184,
              25.68959
            ],
            [
              94.21841,
              25.69003
            ],
            [
              94.21906,
              25.69186
            ],
            [
              94.21998,
              25.69256
            ],
            [
              94.22062,
              25.69277
            ],
            [
              94.22141,
              25.693
            ],
            [
              94.22197,
              25.69304
            ],
            [
              94.22255,
              25.69308
            ],
            [
              94.22313,
              25.69323
            ],
            [
              94.22374,
              25.69349
            ],
            [
              94.22452,
              25.69374
            ],
            [
              94.22508,
              25.69435
            ],
            [
              94.22553,
              25.69516
            ],
            [
              94.22581,
              25.69581
            ],
            [
              94.22596,
              25.69621
            ],
            [
              94.22634,
              25.69668
            ],
            [
              94.22679,
              25.69717
            ],
            [
              94.22697,
              25.69742
            ],
            [
              94.22804,
              25.6981
            ],
            [
              94.22963,
              25.69865
            ],
            [
              94.23032,
              25.69883
            ],
            [
              94.23053,
              25.69883
            ],
            [
              94.23091,
              25.69911
            ],
            [
              94.23126,
              25.69935
            ],
            [
              94.23133,
              25.69941
            ],
            [
              94.23182,
              25.69982
            ],
            [
              94.23324,
              25.70053
            ],
            [
              94.23398,
              25.70155
            ],
            [
              94.23499,
              25.70276
            ],
            [
              94.23666,
              25.70406
            ],
            [
              94.23788,
              25.70555
            ],
            [
              94.23986,
              25.70732
            ],
            [
              94.24103,
              25.708
            ],
            [
              94.24406,
              25.71032
            ],
            [
              94.24523,
              25.71113
            ],
            [
              94.24656,
              25.71222
            ],
            [
              94.24765,
              25.71308
            ],
            [
              94.24926,
              25.71416
            ],
            [
              94.25037,
              25.71515
            ],
            [
              94.25158,
              25.71596
            ],
            [
              94.25215,
              25.71625
            ],
            [
              94.25375,
              25.71711
            ],
            [
              94.2544,
              25.71748
            ],
            [
              94.25547,
              25.71833
            ],
            [
              94.25701,
              25.71935
            ],
            [
              94.25847,
              25.7201
            ],
            [
              94.26151,
              25.72178
            ],
            [
              94.26203,
              25.72212
            ],
            [
              94.26242,
              25.72243
            ],
            [
              94.264,
              25.72314
            ],
            [
              94.26795,
              25.72549
            ],
            [
              94.26914,
              25.72615
            ],
            [
              94.2724,
              25.72811
            ],
            [
              94.27766,
              25.73101
            ],
            [
              94.27809,
              25.73125
            ],
            [
              94.27959,
              25.73204
            ],
            [
              94.28156,
              25.73337
            ],
            [
              94.28304,
              25.73427
            ],
            [
              94.28638,
              25.7362
            ],
            [
              94.2881,
              25.7373
            ],
            [
              94.29148,
              25.73926
            ],
            [
              94.29411,
              25.74074
            ],
            [
              94.29757,
              25.7435
            ],
            [
              94.29779,
              25.74377
            ],
            [
              94.29779,
              25.74444
            ],
            [
              94.29775,
              25.74471
            ],
            [
              94.29744,
              25.74538
            ],
            [
              94.29723,
              25.74575
            ],
            [
              94.29708,
              25.74622
            ],
            [
              94.29706,
              25.74667
            ],
            [
              94.29707,
              25.74688
            ],
            [
              94.29707,
              25.74727
            ],
            [
              94.29707,
              25.74763
            ],
            [
              94.29708,
              25.74794
            ],
            [
              94.29704,
              25.74813
            ],
            [
              94.29678,
              25.74843
            ],
            [
              94.29596,
              25.74951
            ],
            [
              94.29518,
              25.75019
            ],
            [
              94.29492,
              25.75055
            ],
            [
              94.29484,
              25.75107
            ],
            [
              94.2948,
              25.75154
            ],
            [
              94.29485,
              25.75206
            ],
            [
              94.29507,
              25.75261
            ],
            [
              94.29512,
              25.75301
            ],
            [
              94.29517,
              25.75356
            ],
            [
              94.29562,
              25.75472
            ],
            [
              94.29598,
              25.75527
            ],
            [
              94.29642,
              25.75578
            ],
            [
              94.29673,
              25.75622
            ],
            [
              94.29691,
              25.75673
            ],
            [
              94.29692,
              25.75717
            ],
            [
              94.29684,
              25.75756
            ],
            [
              94.29623,
              25.75828
            ],
            [
              94.29575,
              25.75837
            ],
            [
              94.29496,
              25.75841
            ],
            [
              94.29439,
              25.7585
            ],
            [
              94.29373,
              25.7585
            ],
            [
              94.29325,
              25.75847
            ],
            [
              94.29238,
              25.75883
            ],
            [
              94.2923,
              25.75923
            ],
            [
              94.2921,
              25.7603
            ],
            [
              94.29214,
              25.76109
            ],
            [
              94.29215,
              25.76213
            ],
            [
              94.29215,
              25.76257
            ],
            [
              94.29209,
              25.76307
            ],
            [
              94.29172,
              25.76396
            ],
            [
              94.29126,
              25.76461
            ]
          ]
        ]
      }
    }
  ]
}