{
  "type": "FeatureCollection",
  "crs": {
    "type": "name",
    "properties": {
      "name": "urn:ogc:def:crs:OGC:1.3:CRS84"
    }
  },
  "features": [
    {
      "type": "Feature",
      "properties": {
        "district": "Aizawl",
        "state": "Mizoram",
        "country": "India",
        "state_iso": "IN-MZ",
        "area_sqkm": 2612.52,
        "perimeter_km": 373.01,
        "centroid_lon": 92.845192,
        "centroid_lat": 23.801188,
        "bbox": [
          92.60465,
          23.31733,
          93.04286,
          24.4103
        ],
        "crs": "EPSG:4326",
        "source": "LGD / geoBoundaries IND-ADM2 (Open Data Commons ODbL 1.0)"
      },
      "geometry": {
        "type": "Polygon",
        "coordinates": [
          [
            [
              92.89242,
              24.39274
            ],
            [
              92.89238,
              24.3927
            ],
            [
              92.89045,
              24.39098
            ],
            [
              92.88954,
              24.39052
            ],
            [
              92.88916,
              24.39032
            ],
            [
              92.88865,
              24.39011
            ],
            [
              92.88845,
              24.39003
            ],
            [
              92.88741,
              24.38926
            ],
            [
              92.88678,
              24.38722
            ],
            [
              92.88651,
              24.38635
            ],
            [
              92.88651,
              24.38548
            ],
            [
              92.88651,
              24.3844
            ],
            [
              92.8869,
              24.38316
            ],
            [
              92.88794,
              24.38298
            ],
            [
              92.8902,
              24.3834
            ],
            [
              92.89136,
              24.38417
            ],
            [
              92.89205,
              24.38428
            ],
            [
              92.89239,
              24.38434
            ],
            [
              92.89401,
              24.38441
            ],
            [
              92.89446,
              24.38411
            ],
            [
              92.89524,
              24.38299
            ],
            [
              92.89615,
              24.38043
            ],
            [
              92.89641,
              24.37883
            ],
            [
              92.89634,
              24.37789
            ],
            [
              92.89628,
              24.377
            ],
            [
              92.89563,
              24.37617
            ],
            [
              92.89541,
              24.3759
            ],
            [
              92.89525,
              24.3757
            ],
            [
              92.89492,
              24.37534
            ],
            [
              92.89382,
              24.37475
            ],
            [
              92.89202,
              24.37457
            ],
            [
              92.89066,
              24.37413
            ],
            [
              92.88892,
              24.37357
            ],
            [
              92.88808,
              24.37256
            ],
            [
              92.88601,
              24.3694
            ],
            [
              92.88586,
              24.36907
            ],
            [
              92.8853,
              24.36786
            ],
            [
              92.8853,
              24.36697
            ],
            [
              92.8853,
              24.36603
            ],
            [
              92.88543,
              24.36532
            ],
            [
              92.88576,
              24.36372
            ],
            [
              92.88615,
              24.36277
            ],
            [
              92.88635,
              24.36243
            ],
            [
              92.88647,
              24.36224
            ],
            [
              92.88698,
              24.3623
            ],
            [
              92.88757,
              24.36236
            ],
            [
              92.88808,
              24.36243
            ],
            [
              92.88847,
              24.36248
            ],
            [
              92.88905,
              24.36236
            ],
            [
              92.88996,
              24.36124
            ],
            [
              92.89015,
              24.36053
            ],
            [
              92.89048,
              24.35929
            ],
            [
              92.89054,
              24.35816
            ],
            [
              92.89054,
              24.35745
            ],
            [
              92.89055,
              24.35674
            ],
            [
              92.89048,
              24.35592
            ],
            [
              92.89022,
              24.35515
            ],
            [
              92.88958,
              24.35367
            ],
            [
              92.88706,
              24.35163
            ],
            [
              92.88409,
              24.35044
            ],
            [
              92.88215,
              24.34943
            ],
            [
              92.88125,
              24.34884
            ],
            [
              92.8811,
              24.34867
            ],
            [
              92.88008,
              24.34748
            ],
            [
              92.87944,
              24.34636
            ],
            [
              92.87899,
              24.34559
            ],
            [
              92.87815,
              24.34429
            ],
            [
              92.87776,
              24.3434
            ],
            [
              92.87763,
              24.34239
            ],
            [
              92.87693,
              24.34025
            ],
            [
              92.87704,
              24.33922
            ],
            [
              92.87712,
              24.33842
            ],
            [
              92.87747,
              24.33713
            ],
            [
              92.87757,
              24.33676
            ],
            [
              92.87777,
              24.33546
            ],
            [
              92.87738,
              24.3341
            ],
            [
              92.8768,
              24.33327
            ],
            [
              92.87506,
              24.33173
            ],
            [
              92.87247,
              24.33006
            ],
            [
              92.87182,
              24.32935
            ],
            [
              92.87113,
              24.32867
            ],
            [
              92.87062,
              24.32832
            ],
            [
              92.86989,
              24.32823
            ],
            [
              92.86896,
              24.32872
            ],
            [
              92.86861,
              24.32913
            ],
            [
              92.86838,
              24.32932
            ],
            [
              92.86795,
              24.32968
            ],
            [
              92.86725,
              24.33003
            ],
            [
              92.86636,
              24.33032
            ],
            [
              92.8655,
              24.33026
            ],
            [
              92.86473,
              24.32994
            ],
            [
              92.86369,
              24.32951
            ],
            [
              92.86301,
              24.32905
            ],
            [
              92.86299,
              24.32904
            ],
            [
              92.86239,
              24.32869
            ],
            [
              92.86185,
              24.32825
            ],
            [
              92.8613,
              24.32783
            ],
            [
              92.86121,
              24.32776
            ],
            [
              92.8608,
              24.32738
            ],
            [
              92.86029,
              24.32671
            ],
            [
              92.85996,
              24.32468
            ],
            [
              92.85996,
              24.32347
            ],
            [
              92.85996,
              24.3234
            ],
            [
              92.85996,
              24.32244
            ],
            [
              92.86021,
              24.32171
            ],
            [
              92.86145,
              24.32087
            ],
            [
              92.8618,
              24.32079
            ],
            [
              92.8624,
              24.32065
            ],
            [
              92.86352,
              24.3208
            ],
            [
              92.86596,
              24.32289
            ],
            [
              92.86668,
              24.32333
            ],
            [
              92.86808,
              24.32359
            ],
            [
              92.86916,
              24.32373
            ],
            [
              92.87068,
              24.32227
            ],
            [
              92.871,
              24.32158
            ],
            [
              92.87132,
              24.32066
            ],
            [
              92.8714,
              24.32033
            ],
            [
              92.8714,
              24.3192
            ],
            [
              92.8714,
              24.31835
            ],
            [
              92.87112,
              24.3174
            ],
            [
              92.87076,
              24.31649
            ],
            [
              92.87044,
              24.31597
            ],
            [
              92.87016,
              24.3155
            ],
            [
              92.86969,
              24.31477
            ],
            [
              92.86921,
              24.31425
            ],
            [
              92.86769,
              24.31378
            ],
            [
              92.86721,
              24.31366
            ],
            [
              92.86641,
              24.31363
            ],
            [
              92.86509,
              24.31374
            ],
            [
              92.86413,
              24.3139
            ],
            [
              92.86269,
              24.31361
            ],
            [
              92.86225,
              24.31331
            ],
            [
              92.86129,
              24.31258
            ],
            [
              92.86061,
              24.31181
            ],
            [
              92.86001,
              24.31086
            ],
            [
              92.85938,
              24.3098
            ],
            [
              92.85886,
              24.30885
            ],
            [
              92.85881,
              24.30785
            ],
            [
              92.85878,
              24.30734
            ],
            [
              92.85882,
              24.30642
            ],
            [
              92.85898,
              24.3058
            ],
            [
              92.85934,
              24.30503
            ],
            [
              92.8601,
              24.30474
            ],
            [
              92.86114,
              24.3046
            ],
            [
              92.86201,
              24.3044
            ],
            [
              92.8621,
              24.30438
            ],
            [
              92.86322,
              24.30419
            ],
            [
              92.86454,
              24.3042
            ],
            [
              92.86506,
              24.30409
            ],
            [
              92.86566,
              24.30372
            ],
            [
              92.86646,
              24.30251
            ],
            [
              92.86682,
              24.30123
            ],
            [
              92.86735,
              24.29994
            ],
            [
              92.86879,
              24.29848
            ],
            [
              92.87023,
              24.29786
            ],
            [
              92.87238,
              24.29735
            ],
            [
              92.87278,
              24.29662
            ],
            [
              92.87294,
              24.2957
            ],
            [
              92.87291,
              24.29471
            ],
            [
              92.87255,
              24.29343
            ],
            [
              92.87111,
              24.29122
            ],
            [
              92.87087,
              24.29049
            ],
            [
              92.87083,
              24.28972
            ],
            [
              92.87083,
              24.28822
            ],
            [
              92.87084,
              24.28816
            ],
            [
              92.87104,
              24.28653
            ],
            [
              92.87153,
              24.28535
            ],
            [
              92.8716,
              24.28518
            ],
            [
              92.8718,
              24.28401
            ],
            [
              92.8718,
              24.28251
            ],
            [
              92.87176,
              24.28141
            ],
            [
              92.87184,
              24.28
            ],
            [
              92.87198,
              24.27766
            ],
            [
              92.87202,
              24.27705
            ],
            [
              92.87157,
              24.2756
            ],
            [
              92.87056,
              24.27297
            ],
            [
              92.87005,
              24.27193
            ],
            [
              92.86932,
              24.27049
            ],
            [
              92.8687,
              24.26966
            ],
            [
              92.86814,
              24.26899
            ],
            [
              92.86735,
              24.26827
            ],
            [
              92.86651,
              24.26728
            ],
            [
              92.8661,
              24.26701
            ],
            [
              92.86549,
              24.26661
            ],
            [
              92.86228,
              24.2652
            ],
            [
              92.86115,
              24.26463
            ],
            [
              92.86091,
              24.26442
            ],
            [
              92.86037,
              24.26396
            ],
            [
              92.85986,
              24.26324
            ],
            [
              92.85935,
              24.26205
            ],
            [
              92.8593,
              24.26045
            ],
            [
              92.85931,
              24.26026
            ],
            [
              92.85936,
              24.25869
            ],
            [
              92.85941,
              24.25786
            ],
            [
              92.85953,
              24.25599
            ],
            [
              92.86026,
              24.25455
            ],
            [
              92.86111,
              24.25362
            ],
            [
              92.86196,
              24.25285
            ],
            [
              92.86308,
              24.25207
            ],
            [
              92.86365,
              24.2513
            ],
            [
              92.86365,
              24.25032
            ],
            [
              92.86247,
              24.24565
            ],
            [
              92.86247,
              24.244
            ],
            [
              92.86247,
              24.24292
            ],
            [
              92.86247,
              24.24177
            ],
            [
              92.86247,
              24.24132
            ],
            [
              92.86242,
              24.24033
            ],
            [
              92.86242,
              24.23992
            ],
            [
              92.86219,
              24.23935
            ],
            [
              92.8618,
              24.23744
            ],
            [
              92.8618,
              24.23646
            ],
            [
              92.8622,
              24.23579
            ],
            [
              92.86276,
              24.23512
            ],
            [
              92.86338,
              24.2346
            ],
            [
              92.86457,
              24.23409
            ],
            [
              92.86566,
              24.23413
            ],
            [
              92.86752,
              24.23441
            ],
            [
              92.86935,
              24.23469
            ],
            [
              92.87037,
              24.23482
            ],
            [
              92.87131,
              24.23487
            ],
            [
              92.87226,
              24.23467
            ],
            [
              92.87315,
              24.23419
            ],
            [
              92.87412,
              24.23414
            ],
            [
              92.87497,
              24.23414
            ],
            [
              92.87679,
              24.23488
            ],
            [
              92.8769,
              24.23499
            ],
            [
              92.8785,
              24.23658
            ],
            [
              92.8798,
              24.23765
            ],
            [
              92.88105,
              24.23828
            ],
            [
              92.8826,
              24.23892
            ],
            [
              92.88377,
              24.23928
            ],
            [
              92.8853,
              24.23946
            ],
            [
              92.88591,
              24.23915
            ],
            [
              92.88598,
              24.23905
            ],
            [
              92.88649,
              24.23831
            ],
            [
              92.88727,
              24.23682
            ],
            [
              92.88794,
              24.2358
            ],
            [
              92.88888,
              24.23529
            ],
            [
              92.89043,
              24.23557
            ],
            [
              92.89151,
              24.23611
            ],
            [
              92.89271,
              24.23659
            ],
            [
              92.89387,
              24.23672
            ],
            [
              92.8947,
              24.23672
            ],
            [
              92.89559,
              24.23603
            ],
            [
              92.8962,
              24.23484
            ],
            [
              92.89626,
              24.2339
            ],
            [
              92.8967,
              24.23226
            ],
            [
              92.89747,
              24.23095
            ],
            [
              92.89869,
              24.22964
            ],
            [
              92.89963,
              24.22875
            ],
            [
              92.89984,
              24.22855
            ],
            [
              92.90005,
              24.22763
            ],
            [
              92.90008,
              24.227
            ],
            [
              92.90012,
              24.22635
            ],
            [
              92.90021,
              24.22552
            ],
            [
              92.90023,
              24.22533
            ],
            [
              92.90009,
              24.2236
            ],
            [
              92.89918,
              24.22133
            ],
            [
              92.89874,
              24.22023
            ],
            [
              92.8983,
              24.21927
            ],
            [
              92.89787,
              24.21867
            ],
            [
              92.89738,
              24.21818
            ],
            [
              92.89629,
              24.21742
            ],
            [
              92.8955,
              24.21698
            ],
            [
              92.89445,
              24.21641
            ],
            [
              92.89366,
              24.21569
            ],
            [
              92.89296,
              24.2148
            ],
            [
              92.89252,
              24.21396
            ],
            [
              92.89208,
              24.21259
            ],
            [
              92.89222,
              24.21091
            ],
            [
              92.89279,
              24.20704
            ],
            [
              92.89291,
              24.20487
            ],
            [
              92.89292,
              24.20475
            ],
            [
              92.89363,
              24.20314
            ],
            [
              92.89547,
              24.20052
            ],
            [
              92.896,
              24.19912
            ],
            [
              92.89652,
              24.19767
            ],
            [
              92.89657,
              24.19574
            ],
            [
              92.89552,
              24.1924
            ],
            [
              92.89526,
              24.19143
            ],
            [
              92.89508,
              24.19087
            ],
            [
              92.89477,
              24.19039
            ],
            [
              92.89416,
              24.18978
            ],
            [
              92.89357,
              24.18939
            ],
            [
              92.8932,
              24.18914
            ],
            [
              92.89263,
              24.18874
            ],
            [
              92.89232,
              24.18829
            ],
            [
              92.89153,
              24.18761
            ],
            [
              92.89096,
              24.18709
            ],
            [
              92.89044,
              24.18632
            ],
            [
              92.88956,
              24.18238
            ],
            [
              92.88939,
              24.17936
            ],
            [
              92.88874,
              24.17441
            ],
            [
              92.88874,
              24.1725
            ],
            [
              92.88874,
              24.17236
            ],
            [
              92.88874,
              24.17151
            ],
            [
              92.88808,
              24.16789
            ],
            [
              92.88708,
              24.16455
            ],
            [
              92.8852,
              24.16169
            ],
            [
              92.8835,
              24.15863
            ],
            [
              92.88291,
              24.15787
            ],
            [
              92.88222,
              24.1573
            ],
            [
              92.88119,
              24.15651
            ],
            [
              92.8804,
              24.15609
            ],
            [
              92.8795,
              24.15543
            ],
            [
              92.8783,
              24.15391
            ],
            [
              92.87564,
              24.14864
            ],
            [
              92.87492,
              24.14712
            ],
            [
              92.87432,
              24.14586
            ],
            [
              92.87416,
              24.1456
            ],
            [
              92.87382,
              24.14505
            ],
            [
              92.87378,
              24.14416
            ],
            [
              92.87377,
              24.14394
            ],
            [
              92.87375,
              24.14383
            ],
            [
              92.8736,
              24.14296
            ],
            [
              92.873,
              24.13954
            ],
            [
              92.87207,
              24.13686
            ],
            [
              92.87177,
              24.13595
            ],
            [
              92.8713,
              24.13453
            ],
            [
              92.87064,
              24.13256
            ],
            [
              92.87031,
              24.13155
            ],
            [
              92.87031,
              24.13009
            ],
            [
              92.87031,
              24.12887
            ],
            [
              92.86981,
              24.12678
            ],
            [
              92.86882,
              24.12521
            ],
            [
              92.8686,
              24.12451
            ],
            [
              92.86855,
              24.12339
            ],
            [
              92.86877,
              24.12238
            ],
            [
              92.86905,
              24.12122
            ],
            [
              92.86912,
              24.12093
            ],
            [
              92.86916,
              24.12077
            ],
            [
              92.86916,
              24.12001
            ],
            [
              92.86916,
              24.11859
            ],
            [
              92.86856,
              24.11733
            ],
            [
              92.86784,
              24.11652
            ],
            [
              92.86696,
              24.11554
            ],
            [
              92.86635,
              24.11474
            ],
            [
              92.86591,
              24.11393
            ],
            [
              92.86575,
              24.11292
            ],
            [
              92.8658,
              24.1119
            ],
            [
              92.86655,
              24.11027
            ],
            [
              92.86701,
              24.1091
            ],
            [
              92.8672,
              24.10862
            ],
            [
              92.86753,
              24.10756
            ],
            [
              92.86772,
              24.10664
            ],
            [
              92.86759,
              24.10554
            ],
            [
              92.86648,
              24.10303
            ],
            [
              92.86563,
              24.10165
            ],
            [
              92.86477,
              24.10047
            ],
            [
              92.86416,
              24.09981
            ],
            [
              92.86351,
              24.09943
            ],
            [
              92.86191,
              24.09893
            ],
            [
              92.86086,
              24.09884
            ],
            [
              92.85891,
              24.0984
            ],
            [
              92.8568,
              24.0967
            ],
            [
              92.8553,
              24.09417
            ],
            [
              92.85511,
              24.09394
            ],
            [
              92.85422,
              24.09286
            ],
            [
              92.85306,
              24.09133
            ],
            [
              92.85268,
              24.09074
            ],
            [
              92.85225,
              24.08948
            ],
            [
              92.85221,
              24.08889
            ],
            [
              92.85221,
              24.08818
            ],
            [
              92.85238,
              24.08747
            ],
            [
              92.85268,
              24.08613
            ],
            [
              92.85402,
              24.08109
            ],
            [
              92.85482,
              24.07693
            ],
            [
              92.85483,
              24.07687
            ],
            [
              92.85441,
              24.07451
            ],
            [
              92.85436,
              24.07432
            ],
            [
              92.85385,
              24.07231
            ],
            [
              92.85333,
              24.07114
            ],
            [
              92.85308,
              24.07058
            ],
            [
              92.85154,
              24.06774
            ],
            [
              92.84837,
              24.06162
            ],
            [
              92.84753,
              24.05949
            ],
            [
              92.84748,
              24.05937
            ],
            [
              92.84641,
              24.05666
            ],
            [
              92.84545,
              24.05415
            ],
            [
              92.8441,
              24.05063
            ],
            [
              92.8435,
              24.04894
            ],
            [
              92.84299,
              24.04748
            ],
            [
              92.84248,
              24.04579
            ],
            [
              92.84175,
              24.04392
            ],
            [
              92.84106,
              24.04216
            ],
            [
              92.84042,
              24.04035
            ],
            [
              92.84017,
              24.03767
            ],
            [
              92.83983,
              24.03578
            ],
            [
              92.83906,
              24.03124
            ],
            [
              92.83906,
              24.02861
            ],
            [
              92.83857,
              24.02544
            ],
            [
              92.83851,
              24.02503
            ],
            [
              92.83795,
              24.0237
            ],
            [
              92.83761,
              24.02289
            ],
            [
              92.83671,
              24.02131
            ],
            [
              92.83611,
              24.02061
            ],
            [
              92.83547,
              24.01978
            ],
            [
              92.83526,
              24.01939
            ],
            [
              92.83504,
              24.01899
            ],
            [
              92.8347,
              24.01832
            ],
            [
              92.83436,
              24.01646
            ],
            [
              92.83436,
              24.01528
            ],
            [
              92.83436,
              24.0139
            ],
            [
              92.83436,
              24.01099
            ],
            [
              92.83428,
              24.00973
            ],
            [
              92.83424,
              24.00832
            ],
            [
              92.83403,
              24.00733
            ],
            [
              92.83381,
              24.00647
            ],
            [
              92.83334,
              24.00536
            ],
            [
              92.83296,
              24.00497
            ],
            [
              92.8324,
              24.0045
            ],
            [
              92.83193,
              24.00402
            ],
            [
              92.83095,
              24.00387
            ],
            [
              92.83026,
              24.0039
            ],
            [
              92.82982,
              24.00406
            ],
            [
              92.82893,
              24.00438
            ],
            [
              92.82752,
              24.00494
            ],
            [
              92.82717,
              24.00508
            ],
            [
              92.82576,
              24.00555
            ],
            [
              92.824,
              24.00598
            ],
            [
              92.82236,
              24.00604
            ],
            [
              92.82095,
              24.00529
            ],
            [
              92.82026,
              24.00466
            ],
            [
              92.81941,
              24.00388
            ],
            [
              92.81864,
              24.00309
            ],
            [
              92.81774,
              24.00179
            ],
            [
              92.81714,
              24.00065
            ],
            [
              92.81667,
              23.99943
            ],
            [
              92.81599,
              23.99797
            ],
            [
              92.8153,
              23.99616
            ],
            [
              92.81351,
              23.9915
            ],
            [
              92.81278,
              23.98875
            ],
            [
              92.81206,
              23.98694
            ],
            [
              92.81154,
              23.98627
            ],
            [
              92.80919,
              23.98489
            ],
            [
              92.80666,
              23.98314
            ],
            [
              92.80529,
              23.98157
            ],
            [
              92.80461,
              23.98027
            ],
            [
              92.80367,
              23.97908
            ],
            [
              92.80307,
              23.97826
            ],
            [
              92.80255,
              23.97755
            ],
            [
              92.80234,
              23.97605
            ],
            [
              92.80227,
              23.97557
            ],
            [
              92.80189,
              23.97488
            ],
            [
              92.80138,
              23.97246
            ],
            [
              92.80062,
              23.97085
            ],
            [
              92.80062,
              23.97031
            ],
            [
              92.80068,
              23.9693
            ],
            [
              92.80133,
              23.96769
            ],
            [
              92.80186,
              23.96522
            ],
            [
              92.80174,
              23.96346
            ],
            [
              92.80104,
              23.9592
            ],
            [
              92.80093,
              23.95673
            ],
            [
              92.80087,
              23.95598
            ],
            [
              92.80023,
              23.95507
            ],
            [
              92.79924,
              23.95389
            ],
            [
              92.79837,
              23.95303
            ],
            [
              92.79761,
              23.95239
            ],
            [
              92.79709,
              23.95174
            ],
            [
              92.79651,
              23.95013
            ],
            [
              92.79639,
              23.94842
            ],
            [
              92.79575,
              23.94276
            ],
            [
              92.79554,
              23.94077
            ],
            [
              92.7957,
              23.93926
            ],
            [
              92.79575,
              23.93789
            ],
            [
              92.79622,
              23.93671
            ],
            [
              92.79658,
              23.93463
            ],
            [
              92.79633,
              23.93311
            ],
            [
              92.79546,
              23.93037
            ],
            [
              92.79297,
              23.92311
            ],
            [
              92.79289,
              23.92162
            ],
            [
              92.79289,
              23.9196
            ],
            [
              92.7929,
              23.9184
            ],
            [
              92.7929,
              23.91721
            ],
            [
              92.7929,
              23.91623
            ],
            [
              92.79339,
              23.91534
            ],
            [
              92.79469,
              23.91459
            ],
            [
              92.79706,
              23.91242
            ],
            [
              92.79787,
              23.91145
            ],
            [
              92.79942,
              23.91011
            ],
            [
              92.80007,
              23.90936
            ],
            [
              92.80105,
              23.90757
            ],
            [
              92.80262,
              23.90095
            ],
            [
              92.80274,
              23.90018
            ],
            [
              92.80274,
              23.89956
            ],
            [
              92.8023,
              23.89841
            ],
            [
              92.80162,
              23.89746
            ],
            [
              92.8001,
              23.89576
            ],
            [
              92.7995,
              23.89491
            ],
            [
              92.79906,
              23.8941
            ],
            [
              92.79882,
              23.89337
            ],
            [
              92.79878,
              23.89289
            ],
            [
              92.7989,
              23.89226
            ],
            [
              92.79906,
              23.89171
            ],
            [
              92.79963,
              23.89109
            ],
            [
              92.80099,
              23.89068
            ],
            [
              92.80167,
              23.8905
            ],
            [
              92.80191,
              23.89013
            ],
            [
              92.80187,
              23.88943
            ],
            [
              92.80176,
              23.88861
            ],
            [
              92.80279,
              23.88687
            ],
            [
              92.80527,
              23.8845
            ],
            [
              92.80386,
              23.88123
            ],
            [
              92.80266,
              23.87842
            ],
            [
              92.80066,
              23.87162
            ],
            [
              92.79505,
              23.86121
            ],
            [
              92.79425,
              23.852
            ],
            [
              92.78985,
              23.8468
            ],
            [
              92.78304,
              23.844
            ],
            [
              92.77424,
              23.83799
            ],
            [
              92.76903,
              23.83639
            ],
            [
              92.76143,
              23.83719
            ],
            [
              92.75422,
              23.83799
            ],
            [
              92.75181,
              23.8384
            ],
            [
              92.74701,
              23.83919
            ],
            [
              92.74255,
              23.83918
            ],
            [
              92.74116,
              23.83919
            ],
            [
              92.73941,
              23.83919
            ],
            [
              92.70378,
              23.8412
            ],
            [
              92.69658,
              23.83919
            ],
            [
              92.69377,
              23.83679
            ],
            [
              92.68897,
              23.83519
            ],
            [
              92.67576,
              23.83039
            ],
            [
              92.66655,
              23.82678
            ],
            [
              92.6641,
              23.8267
            ],
            [
              92.66307,
              23.82667
            ],
            [
              92.65334,
              23.82638
            ],
            [
              92.64434,
              23.82847
            ],
            [
              92.64407,
              23.82854
            ],
            [
              92.63949,
              23.82808
            ],
            [
              92.63922,
              23.82765
            ],
            [
              92.63889,
              23.82745
            ],
            [
              92.63819,
              23.82726
            ],
            [
              92.63629,
              23.82697
            ],
            [
              92.63581,
              23.8269
            ],
            [
              92.6355,
              23.82682
            ],
            [
              92.6352,
              23.82662
            ],
            [
              92.63504,
              23.82651
            ],
            [
              92.635,
              23.82633
            ],
            [
              92.63503,
              23.82615
            ],
            [
              92.63523,
              23.82584
            ],
            [
              92.63544,
              23.8254
            ],
            [
              92.63597,
              23.8246
            ],
            [
              92.63636,
              23.82371
            ],
            [
              92.63623,
              23.8225
            ],
            [
              92.63575,
              23.8219
            ],
            [
              92.6351,
              23.82141
            ],
            [
              92.63199,
              23.82096
            ],
            [
              92.63006,
              23.82047
            ],
            [
              92.62856,
              23.82009
            ],
            [
              92.6276,
              23.81937
            ],
            [
              92.62742,
              23.81912
            ],
            [
              92.62659,
              23.81795
            ],
            [
              92.62642,
              23.81751
            ],
            [
              92.62611,
              23.81678
            ],
            [
              92.62621,
              23.81628
            ],
            [
              92.62625,
              23.81618
            ],
            [
              92.627,
              23.81513
            ],
            [
              92.62728,
              23.81458
            ],
            [
              92.62779,
              23.81344
            ],
            [
              92.62801,
              23.81151
            ],
            [
              92.62876,
              23.80985
            ],
            [
              92.62881,
              23.80884
            ],
            [
              92.62881,
              23.80788
            ],
            [
              92.62868,
              23.80659
            ],
            [
              92.62829,
              23.8053
            ],
            [
              92.62821,
              23.80425
            ],
            [
              92.62716,
              23.80318
            ],
            [
              92.62597,
              23.80219
            ],
            [
              92.62558,
              23.80196
            ],
            [
              92.62436,
              23.80164
            ],
            [
              92.62318,
              23.80142
            ],
            [
              92.62304,
              23.80141
            ],
            [
              92.62261,
              23.80141
            ],
            [
              92.62151,
              23.80161
            ],
            [
              92.61932,
              23.80205
            ],
            [
              92.61703,
              23.80188
            ],
            [
              92.61549,
              23.80184
            ],
            [
              92.61488,
              23.80179
            ],
            [
              92.61361,
              23.80183
            ],
            [
              92.61334,
              23.80183
            ],
            [
              92.61269,
              23.80203
            ],
            [
              92.61168,
              23.80195
            ],
            [
              92.61067,
              23.80182
            ],
            [
              92.60958,
              23.80154
            ],
            [
              92.60875,
              23.80089
            ],
            [
              92.60813,
              23.79988
            ],
            [
              92.60779,
              23.79783
            ],
            [
              92.60766,
              23.79668
            ],
            [
              92.60736,
              23.79604
            ],
            [
              92.60688,
              23.79563
            ],
            [
              92.60613,
              23.79499
            ],
            [
              92.60565,
              23.79458
            ],
            [
              92.605,
              23.79386
            ],
            [
              92.60482,
              23.79329
            ],
            [
              92.60465,
              23.79289
            ],
            [
              92.60465,
              23.79253
            ],
            [
              92.6047,
              23.79192
            ],
            [
              92.60535,
              23.79136
            ],
            [
              92.60641,
              23.79027
            ],
            [
              92.60736,
              23.78866
            ],
            [
              92.60886,
              23.78592
            ],
            [
              92.61212,
              23.78289
            ],
            [
              92.61378,
              23.78006
            ],
            [
              92.61456,
              23.77828
            ],
            [
              92.61534,
              23.77584
            ],
            [
              92.61567,
              23.77366
            ],
            [
              92.61595,
              23.77265
            ],
            [
              92.6164,
              23.77169
            ],
            [
              92.61728,
              23.77083
            ],
            [
              92.61805,
              23.77037
            ],
            [
              92.61855,
              23.76997
            ],
            [
              92.61932,
              23.76972
            ],
            [
              92.61977,
              23.7686
            ],
            [
              92.61999,
              23.76759
            ],
            [
              92.61978,
              23.76438
            ],
            [
              92.61951,
              23.76322
            ],
            [
              92.61896,
              23.7622
            ],
            [
              92.61737,
              23.76027
            ],
            [
              92.61583,
              23.75885
            ],
            [
              92.61528,
              23.75824
            ],
            [
              92.61467,
              23.75758
            ],
            [
              92.61352,
              23.75656
            ],
            [
              92.61264,
              23.75585
            ],
            [
              92.61082,
              23.7544
            ],
            [
              92.60933,
              23.75391
            ],
            [
              92.60849,
              23.75355
            ],
            [
              92.60796,
              23.75327
            ],
            [
              92.60743,
              23.75274
            ],
            [
              92.60731,
              23.75242
            ],
            [
              92.60728,
              23.75165
            ],
            [
              92.60766,
              23.75077
            ],
            [
              92.60843,
              23.74915
            ],
            [
              92.60965,
              23.74768
            ],
            [
              92.60997,
              23.74729
            ],
            [
              92.61085,
              23.74567
            ],
            [
              92.6112,
              23.74398
            ],
            [
              92.61124,
              23.74229
            ],
            [
              92.61125,
              23.74061
            ],
            [
              92.61119,
              23.73827
            ],
            [
              92.61119,
              23.73734
            ],
            [
              92.6112,
              23.73686
            ],
            [
              92.6112,
              23.73611
            ],
            [
              92.6125,
              23.73491
            ],
            [
              92.61356,
              23.73399
            ],
            [
              92.61404,
              23.73315
            ],
            [
              92.61453,
              23.73222
            ],
            [
              92.6153,
              23.73085
            ],
            [
              92.61651,
              23.72877
            ],
            [
              92.6181,
              23.72679
            ],
            [
              92.61902,
              23.725
            ],
            [
              92.61965,
              23.72367
            ],
            [
              92.62071,
              23.72191
            ],
            [
              92.6211,
              23.7212
            ],
            [
              92.62154,
              23.72049
            ],
            [
              92.62207,
              23.71974
            ],
            [
              92.62212,
              23.71908
            ],
            [
              92.62212,
              23.71819
            ],
            [
              92.62203,
              23.7174
            ],
            [
              92.62164,
              23.71647
            ],
            [
              92.6216,
              23.71576
            ],
            [
              92.62165,
              23.7147
            ],
            [
              92.62397,
              23.71128
            ],
            [
              92.62547,
              23.70987
            ],
            [
              92.62672,
              23.70903
            ],
            [
              92.63038,
              23.70731
            ],
            [
              92.63111,
              23.70708
            ],
            [
              92.63201,
              23.70679
            ],
            [
              92.63355,
              23.70604
            ],
            [
              92.63567,
              23.70516
            ],
            [
              92.63856,
              23.70464
            ],
            [
              92.63981,
              23.70446
            ],
            [
              92.6413,
              23.70389
            ],
            [
              92.64207,
              23.70318
            ],
            [
              92.64381,
              23.70102
            ],
            [
              92.64424,
              23.69987
            ],
            [
              92.64493,
              23.69684
            ],
            [
              92.64518,
              23.69415
            ],
            [
              92.64518,
              23.69308
            ],
            [
              92.6448,
              23.6918
            ],
            [
              92.64399,
              23.69038
            ],
            [
              92.64293,
              23.68874
            ],
            [
              92.63986,
              23.68514
            ],
            [
              92.63881,
              23.68367
            ],
            [
              92.63785,
              23.68221
            ],
            [
              92.63704,
              23.68093
            ],
            [
              92.63651,
              23.68008
            ],
            [
              92.63599,
              23.678
            ],
            [
              92.63384,
              23.67161
            ],
            [
              92.63279,
              23.66909
            ],
            [
              92.63174,
              23.66762
            ],
            [
              92.62992,
              23.66554
            ],
            [
              92.62781,
              23.66377
            ],
            [
              92.6258,
              23.6619
            ],
            [
              92.62444,
              23.66055
            ],
            [
              92.62358,
              23.65962
            ],
            [
              92.62284,
              23.6593
            ],
            [
              92.6219,
              23.65897
            ],
            [
              92.62131,
              23.65871
            ],
            [
              92.62046,
              23.65842
            ],
            [
              92.61937,
              23.65814
            ],
            [
              92.61876,
              23.65798
            ],
            [
              92.61812,
              23.65779
            ],
            [
              92.61696,
              23.65659
            ],
            [
              92.61567,
              23.65314
            ],
            [
              92.61559,
              23.65251
            ],
            [
              92.61546,
              23.65148
            ],
            [
              92.61488,
              23.64853
            ],
            [
              92.61444,
              23.6473
            ],
            [
              92.61423,
              23.64664
            ],
            [
              92.61412,
              23.64568
            ],
            [
              92.61409,
              23.64514
            ],
            [
              92.61409,
              23.64478
            ],
            [
              92.61409,
              23.6444
            ],
            [
              92.61421,
              23.64401
            ],
            [
              92.61454,
              23.64371
            ],
            [
              92.61528,
              23.64328
            ],
            [
              92.61612,
              23.64279
            ],
            [
              92.61794,
              23.63996
            ],
            [
              92.61929,
              23.63665
            ],
            [
              92.62075,
              23.63397
            ],
            [
              92.62156,
              23.63298
            ],
            [
              92.62192,
              23.63246
            ],
            [
              92.62263,
              23.63181
            ],
            [
              92.62344,
              23.63113
            ],
            [
              92.62406,
              23.63058
            ],
            [
              92.62452,
              23.62969
            ],
            [
              92.62476,
              23.62745
            ],
            [
              92.62522,
              23.62528
            ],
            [
              92.62712,
              23.62399
            ],
            [
              92.62876,
              23.62329
            ],
            [
              92.63189,
              23.62206
            ],
            [
              92.63454,
              23.62053
            ],
            [
              92.63844,
              23.61863
            ],
            [
              92.64278,
              23.61703
            ],
            [
              92.64551,
              23.61556
            ],
            [
              92.64686,
              23.61501
            ],
            [
              92.64772,
              23.61456
            ],
            [
              92.6487,
              23.60987
            ],
            [
              92.65016,
              23.60657
            ],
            [
              92.65082,
              23.60556
            ],
            [
              92.65198,
              23.60344
            ],
            [
              92.65363,
              23.60182
            ],
            [
              92.65407,
              23.60137
            ],
            [
              92.65479,
              23.60054
            ],
            [
              92.6554,
              23.59857
            ],
            [
              92.6554,
              23.59742
            ],
            [
              92.6554,
              23.59568
            ],
            [
              92.6554,
              23.59559
            ],
            [
              92.65541,
              23.59483
            ],
            [
              92.65508,
              23.59407
            ],
            [
              92.65459,
              23.59346
            ],
            [
              92.6542,
              23.59301
            ],
            [
              92.65365,
              23.5926
            ],
            [
              92.65348,
              23.59239
            ],
            [
              92.65311,
              23.59194
            ],
            [
              92.65212,
              23.59153
            ],
            [
              92.65146,
              23.59113
            ],
            [
              92.65103,
              23.59037
            ],
            [
              92.64947,
              23.58719
            ],
            [
              92.64912,
              23.58647
            ],
            [
              92.64791,
              23.58417
            ],
            [
              92.64753,
              23.58347
            ],
            [
              92.64748,
              23.58296
            ],
            [
              92.64759,
              23.5821
            ],
            [
              92.64853,
              23.58049
            ],
            [
              92.64864,
              23.57983
            ],
            [
              92.64831,
              23.57917
            ],
            [
              92.64755,
              23.57836
            ],
            [
              92.64667,
              23.5777
            ],
            [
              92.6453,
              23.57679
            ],
            [
              92.64376,
              23.57633
            ],
            [
              92.64272,
              23.57577
            ],
            [
              92.64157,
              23.57541
            ],
            [
              92.64036,
              23.57531
            ],
            [
              92.63806,
              23.57561
            ],
            [
              92.63701,
              23.57611
            ],
            [
              92.63559,
              23.57641
            ],
            [
              92.63471,
              23.57641
            ],
            [
              92.63367,
              23.5762
            ],
            [
              92.63191,
              23.57569
            ],
            [
              92.63054,
              23.57508
            ],
            [
              92.62994,
              23.57463
            ],
            [
              92.62868,
              23.57372
            ],
            [
              92.6283,
              23.57311
            ],
            [
              92.62814,
              23.5721
            ],
            [
              92.62846,
              23.57097
            ],
            [
              92.63022,
              23.56935
            ],
            [
              92.63099,
              23.5684
            ],
            [
              92.63259,
              23.56703
            ],
            [
              92.63364,
              23.56562
            ],
            [
              92.63419,
              23.56395
            ],
            [
              92.63425,
              23.56259
            ],
            [
              92.63359,
              23.56105
            ],
            [
              92.63332,
              23.5605
            ],
            [
              92.63282,
              23.56004
            ],
            [
              92.63239,
              23.55974
            ],
            [
              92.63189,
              23.55918
            ],
            [
              92.63195,
              23.55867
            ],
            [
              92.63217,
              23.55812
            ],
            [
              92.63421,
              23.5556
            ],
            [
              92.63487,
              23.55449
            ],
            [
              92.6352,
              23.55317
            ],
            [
              92.63576,
              23.55003
            ],
            [
              92.63576,
              23.54907
            ],
            [
              92.63637,
              23.54806
            ],
            [
              92.63681,
              23.54765
            ],
            [
              92.63802,
              23.5469
            ],
            [
              92.63846,
              23.5466
            ],
            [
              92.63852,
              23.54609
            ],
            [
              92.63852,
              23.54554
            ],
            [
              92.63825,
              23.54392
            ],
            [
              92.63675,
              23.54251
            ],
            [
              92.6361,
              23.54172
            ],
            [
              92.63552,
              23.54126
            ],
            [
              92.63551,
              23.54125
            ],
            [
              92.63487,
              23.54062
            ],
            [
              92.6343,
              23.54019
            ],
            [
              92.63356,
              23.53971
            ],
            [
              92.6331,
              23.53941
            ],
            [
              92.63207,
              23.53905
            ],
            [
              92.63037,
              23.5387
            ],
            [
              92.6293,
              23.53841
            ],
            [
              92.62787,
              23.53823
            ],
            [
              92.62687,
              23.53791
            ],
            [
              92.62603,
              23.53681
            ],
            [
              92.62565,
              23.53567
            ],
            [
              92.62462,
              23.53212
            ],
            [
              92.62397,
              23.53105
            ],
            [
              92.62309,
              23.52967
            ],
            [
              92.62279,
              23.52794
            ],
            [
              92.62279,
              23.52709
            ],
            [
              92.62284,
              23.52629
            ],
            [
              92.62295,
              23.52468
            ],
            [
              92.6227,
              23.52424
            ],
            [
              92.62217,
              23.52361
            ],
            [
              92.62135,
              23.52294
            ],
            [
              92.62073,
              23.52227
            ],
            [
              92.62044,
              23.52165
            ],
            [
              92.62,
              23.52115
            ],
            [
              92.61981,
              23.52053
            ],
            [
              92.61986,
              23.51946
            ],
            [
              92.62069,
              23.5178
            ],
            [
              92.62113,
              23.51664
            ],
            [
              92.62113,
              23.51619
            ],
            [
              92.62113,
              23.5153
            ],
            [
              92.62094,
              23.5145
            ],
            [
              92.6208,
              23.51352
            ],
            [
              92.6207,
              23.51253
            ],
            [
              92.62071,
              23.51155
            ],
            [
              92.62076,
              23.51048
            ],
            [
              92.62207,
              23.50959
            ],
            [
              92.62527,
              23.5075
            ],
            [
              92.62649,
              23.50598
            ],
            [
              92.62852,
              23.5051
            ],
            [
              92.63118,
              23.50555
            ],
            [
              92.63162,
              23.50582
            ],
            [
              92.63287,
              23.50635
            ],
            [
              92.63379,
              23.50645
            ],
            [
              92.63496,
              23.50587
            ],
            [
              92.63695,
              23.50439
            ],
            [
              92.63836,
              23.50292
            ],
            [
              92.63885,
              23.50199
            ],
            [
              92.63919,
              23.50141
            ],
            [
              92.63924,
              23.50074
            ],
            [
              92.639,
              23.50025
            ],
            [
              92.63847,
              23.49958
            ],
            [
              92.63789,
              23.49752
            ],
            [
              92.63789,
              23.49658
            ],
            [
              92.6379,
              23.49537
            ],
            [
              92.6379,
              23.49288
            ],
            [
              92.6382,
              23.49076
            ],
            [
              92.63884,
              23.48889
            ],
            [
              92.63908,
              23.4884
            ],
            [
              92.63937,
              23.48778
            ],
            [
              92.63976,
              23.48742
            ],
            [
              92.64,
              23.48702
            ],
            [
              92.64049,
              23.48662
            ],
            [
              92.64084,
              23.48646
            ],
            [
              92.64088,
              23.48644
            ],
            [
              92.64141,
              23.48604
            ],
            [
              92.64189,
              23.48569
            ],
            [
              92.64214,
              23.48529
            ],
            [
              92.64228,
              23.48493
            ],
            [
              92.64233,
              23.48426
            ],
            [
              92.64219,
              23.48275
            ],
            [
              92.64065,
              23.47805
            ],
            [
              92.64037,
              23.47707
            ],
            [
              92.63998,
              23.47644
            ],
            [
              92.6396,
              23.4759
            ],
            [
              92.63935,
              23.47555
            ],
            [
              92.63878,
              23.47506
            ],
            [
              92.63844,
              23.47483
            ],
            [
              92.63742,
              23.47461
            ],
            [
              92.63675,
              23.47447
            ],
            [
              92.63641,
              23.47376
            ],
            [
              92.63646,
              23.473
            ],
            [
              92.63637,
              23.46929
            ],
            [
              92.63643,
              23.46706
            ],
            [
              92.63662,
              23.46567
            ],
            [
              92.63711,
              23.46474
            ],
            [
              92.63726,
              23.46371
            ],
            [
              92.63726,
              23.46255
            ],
            [
              92.63726,
              23.46166
            ],
            [
              92.63717,
              23.46099
            ],
            [
              92.63732,
              23.45997
            ],
            [
              92.63819,
              23.45919
            ],
            [
              92.6394,
              23.4583
            ],
            [
              92.64004,
              23.4575
            ],
            [
              92.64062,
              23.45469
            ],
            [
              92.64112,
              23.44956
            ],
            [
              92.64108,
              23.44782
            ],
            [
              92.6406,
              23.44666
            ],
            [
              92.63997,
              23.44586
            ],
            [
              92.63847,
              23.44463
            ],
            [
              92.63799,
              23.44418
            ],
            [
              92.6379,
              23.44378
            ],
            [
              92.6378,
              23.44253
            ],
            [
              92.63781,
              23.44128
            ],
            [
              92.63747,
              23.43851
            ],
            [
              92.63748,
              23.43744
            ],
            [
              92.63758,
              23.43447
            ],
            [
              92.63758,
              23.43436
            ],
            [
              92.63764,
              23.43302
            ],
            [
              92.63812,
              23.4324
            ],
            [
              92.6388,
              23.43164
            ],
            [
              92.63929,
              23.43102
            ],
            [
              92.63966,
              23.43068
            ],
            [
              92.63982,
              23.43053
            ],
            [
              92.6404,
              23.42999
            ],
            [
              92.64074,
              23.42924
            ],
            [
              92.64118,
              23.42834
            ],
            [
              92.64197,
              23.42512
            ],
            [
              92.64265,
              23.42093
            ],
            [
              92.64329,
              23.41906
            ],
            [
              92.64325,
              23.41642
            ],
            [
              92.64325,
              23.41548
            ],
            [
              92.64301,
              23.4149
            ],
            [
              92.64248,
              23.41432
            ],
            [
              92.64204,
              23.41392
            ],
            [
              92.64161,
              23.41338
            ],
            [
              92.64161,
              23.41235
            ],
            [
              92.64249,
              23.40887
            ],
            [
              92.64507,
              23.40445
            ],
            [
              92.64633,
              23.40302
            ],
            [
              92.64701,
              23.40231
            ],
            [
              92.64769,
              23.40204
            ],
            [
              92.64842,
              23.402
            ],
            [
              92.64933,
              23.40214
            ],
            [
              92.65011,
              23.40232
            ],
            [
              92.65069,
              23.40223
            ],
            [
              92.6517,
              23.40178
            ],
            [
              92.65248,
              23.40125
            ],
            [
              92.65306,
              23.39977
            ],
            [
              92.65385,
              23.39553
            ],
            [
              92.65395,
              23.39335
            ],
            [
              92.65395,
              23.39232
            ],
            [
              92.65396,
              23.3917
            ],
            [
              92.65367,
              23.39094
            ],
            [
              92.65328,
              23.39036
            ],
            [
              92.65266,
              23.38947
            ],
            [
              92.65184,
              23.38866
            ],
            [
              92.65111,
              23.38763
            ],
            [
              92.65083,
              23.38656
            ],
            [
              92.6502,
              23.38431
            ],
            [
              92.65021,
              23.38315
            ],
            [
              92.65021,
              23.38195
            ],
            [
              92.65041,
              23.38083
            ],
            [
              92.65143,
              23.37852
            ],
            [
              92.65211,
              23.37763
            ],
            [
              92.65332,
              23.3762
            ],
            [
              92.6539,
              23.37576
            ],
            [
              92.65482,
              23.37518
            ],
            [
              92.65729,
              23.37407
            ],
            [
              92.65927,
              23.37349
            ],
            [
              92.66048,
              23.37278
            ],
            [
              92.66204,
              23.37121
            ],
            [
              92.66277,
              23.3696
            ],
            [
              92.6634,
              23.36715
            ],
            [
              92.66356,
              23.36479
            ],
            [
              92.66351,
              23.36398
            ],
            [
              92.66298,
              23.36287
            ],
            [
              92.66264,
              23.36229
            ],
            [
              92.66207,
              23.36117
            ],
            [
              92.66168,
              23.36005
            ],
            [
              92.66173,
              23.35961
            ],
            [
              92.66198,
              23.35854
            ],
            [
              92.66557,
              23.35549
            ],
            [
              92.66712,
              23.35362
            ],
            [
              92.66838,
              23.35206
            ],
            [
              92.66915,
              23.35135
            ],
            [
              92.67002,
              23.35091
            ],
            [
              92.67075,
              23.35064
            ],
            [
              92.67167,
              23.35047
            ],
            [
              92.6723,
              23.35033
            ],
            [
              92.67409,
              23.34815
            ],
            [
              92.67531,
              23.34417
            ],
            [
              92.67575,
              23.34212
            ],
            [
              92.67576,
              23.34136
            ],
            [
              92.67542,
              23.34047
            ],
            [
              92.6747,
              23.33988
            ],
            [
              92.67412,
              23.33935
            ],
            [
              92.67378,
              23.33872
            ],
            [
              92.67373,
              23.33801
            ],
            [
              92.67422,
              23.33609
            ],
            [
              92.67578,
              23.33157
            ],
            [
              92.67588,
              23.32943
            ],
            [
              92.67589,
              23.32823
            ],
            [
              92.67589,
              23.32685
            ],
            [
              92.67589,
              23.32631
            ],
            [
              92.67594,
              23.32422
            ],
            [
              92.6757,
              23.32341
            ],
            [
              92.67522,
              23.32274
            ],
            [
              92.67474,
              23.32216
            ],
            [
              92.67474,
              23.32176
            ],
            [
              92.67518,
              23.32087
            ],
            [
              92.67663,
              23.31994
            ],
            [
              92.68069,
              23.31972
            ],
            [
              92.68248,
              23.31972
            ],
            [
              92.68417,
              23.3195
            ],
            [
              92.68936,
              23.31884
            ],
            [
              92.69042,
              23.31857
            ],
            [
              92.69183,
              23.31808
            ],
            [
              92.69342,
              23.318
            ],
            [
              92.69506,
              23.31818
            ],
            [
              92.69603,
              23.31903
            ],
            [
              92.69694,
              23.31983
            ],
            [
              92.69791,
              23.32041
            ],
            [
              92.69892,
              23.32095
            ],
            [
              92.69996,
              23.32119
            ],
            [
              92.70008,
              23.32122
            ],
            [
              92.70274,
              23.32181
            ],
            [
              92.70438,
              23.32243
            ],
            [
              92.70481,
              23.3227
            ],
            [
              92.70497,
              23.32306
            ],
            [
              92.7052,
              23.3236
            ],
            [
              92.70611,
              23.3252
            ],
            [
              92.70669,
              23.32619
            ],
            [
              92.70737,
              23.32739
            ],
            [
              92.70736,
              23.32855
            ],
            [
              92.70731,
              23.33056
            ],
            [
              92.70736,
              23.33172
            ],
            [
              92.70808,
              23.33441
            ],
            [
              92.70875,
              23.33575
            ],
            [
              92.70967,
              23.33754
            ],
            [
              92.71063,
              23.33896
            ],
            [
              92.71136,
              23.33946
            ],
            [
              92.7129,
              23.33991
            ],
            [
              92.71424,
              23.34004
            ],
            [
              92.71599,
              23.34
            ],
            [
              92.71754,
              23.33969
            ],
            [
              92.71774,
              23.33964
            ],
            [
              92.7188,
              23.33938
            ],
            [
              92.71977,
              23.33916
            ],
            [
              92.72083,
              23.33872
            ],
            [
              92.72161,
              23.33796
            ],
            [
              92.72228,
              23.33751
            ],
            [
              92.72243,
              23.33662
            ],
            [
              92.72253,
              23.33555
            ],
            [
              92.72205,
              23.33435
            ],
            [
              92.72186,
              23.33377
            ],
            [
              92.722,
              23.33323
            ],
            [
              92.72253,
              23.33252
            ],
            [
              92.72735,
              23.32989
            ],
            [
              92.72977,
              23.32874
            ],
            [
              92.73098,
              23.32834
            ],
            [
              92.73262,
              23.32807
            ],
            [
              92.73383,
              23.32857
            ],
            [
              92.73663,
              23.33013
            ],
            [
              92.73885,
              23.33076
            ],
            [
              92.74059,
              23.33125
            ],
            [
              92.74276,
              23.33184
            ],
            [
              92.74358,
              23.33193
            ],
            [
              92.74465,
              23.33175
            ],
            [
              92.74615,
              23.33167
            ],
            [
              92.74716,
              23.33095
            ],
            [
              92.74857,
              23.32993
            ],
            [
              92.75287,
              23.32797
            ],
            [
              92.75369,
              23.32766
            ],
            [
              92.75558,
              23.32695
            ],
            [
              92.75765,
              23.32612
            ],
            [
              92.76017,
              23.32591
            ],
            [
              92.76186,
              23.32576
            ],
            [
              92.76302,
              23.32555
            ],
            [
              92.76409,
              23.32497
            ],
            [
              92.76495,
              23.32439
            ],
            [
              92.76588,
              23.32396
            ],
            [
              92.76704,
              23.3236
            ],
            [
              92.77048,
              23.3228
            ],
            [
              92.77313,
              23.32195
            ],
            [
              92.77426,
              23.32125
            ],
            [
              92.77516,
              23.32054
            ],
            [
              92.77632,
              23.31972
            ],
            [
              92.77702,
              23.31905
            ],
            [
              92.77735,
              23.31868
            ],
            [
              92.77768,
              23.31834
            ],
            [
              92.77842,
              23.31788
            ],
            [
              92.78028,
              23.31733
            ],
            [
              92.78224,
              23.31739
            ],
            [
              92.783,
              23.31769
            ],
            [
              92.78396,
              23.31807
            ],
            [
              92.7887,
              23.32052
            ],
            [
              92.7905,
              23.32161
            ],
            [
              92.79215,
              23.32261
            ],
            [
              92.7956,
              23.32464
            ],
            [
              92.79915,
              23.32663
            ],
            [
              92.80241,
              23.32795
            ],
            [
              92.80458,
              23.32927
            ],
            [
              92.80571,
              23.33035
            ],
            [
              92.80675,
              23.33131
            ],
            [
              92.80875,
              23.33305
            ],
            [
              92.81038,
              23.33479
            ],
            [
              92.81184,
              23.33575
            ],
            [
              92.81322,
              23.33606
            ],
            [
              92.81439,
              23.33653
            ],
            [
              92.81652,
              23.33707
            ],
            [
              92.81927,
              23.33734
            ],
            [
              92.82123,
              23.33742
            ],
            [
              92.82282,
              23.33742
            ],
            [
              92.82416,
              23.33735
            ],
            [
              92.82575,
              23.33709
            ],
            [
              92.82663,
              23.33717
            ],
            [
              92.82746,
              23.33748
            ],
            [
              92.82825,
              23.33798
            ],
            [
              92.82925,
              23.33887
            ],
            [
              92.83042,
              23.34037
            ],
            [
              92.83105,
              23.34149
            ],
            [
              92.83142,
              23.34349
            ],
            [
              92.83133,
              23.34476
            ],
            [
              92.83079,
              23.3458
            ],
            [
              92.83016,
              23.34634
            ],
            [
              92.82887,
              23.34688
            ],
            [
              92.82678,
              23.34938
            ],
            [
              92.82477,
              23.35327
            ],
            [
              92.82372,
              23.35485
            ],
            [
              92.8231,
              23.35558
            ],
            [
              92.82226,
              23.35646
            ],
            [
              92.82197,
              23.35764
            ],
            [
              92.82238,
              23.3601
            ],
            [
              92.82251,
              23.3608
            ],
            [
              92.82251,
              23.3618
            ],
            [
              92.82213,
              23.36303
            ],
            [
              92.82154,
              23.36438
            ],
            [
              92.8187,
              23.36726
            ],
            [
              92.81632,
              23.36861
            ],
            [
              92.81519,
              23.36884
            ],
            [
              92.8141,
              23.36911
            ],
            [
              92.81298,
              23.3693
            ],
            [
              92.81243,
              23.37003
            ],
            [
              92.81092,
              23.37312
            ],
            [
              92.81075,
              23.37451
            ],
            [
              92.81075,
              23.37539
            ],
            [
              92.81071,
              23.3764
            ],
            [
              92.81075,
              23.37736
            ],
            [
              92.81138,
              23.37832
            ],
            [
              92.81217,
              23.37909
            ],
            [
              92.81333,
              23.38037
            ],
            [
              92.81448,
              23.38367
            ],
            [
              92.81476,
              23.38458
            ],
            [
              92.81463,
              23.38546
            ],
            [
              92.81274,
              23.3902
            ],
            [
              92.81126,
              23.39395
            ],
            [
              92.81069,
              23.3946
            ],
            [
              92.81014,
              23.39524
            ],
            [
              92.80944,
              23.39598
            ],
            [
              92.80903,
              23.39677
            ],
            [
              92.80866,
              23.40077
            ],
            [
              92.80866,
              23.40194
            ],
            [
              92.80897,
              23.40273
            ],
            [
              92.81001,
              23.40389
            ],
            [
              92.81114,
              23.40491
            ],
            [
              92.81179,
              23.40551
            ],
            [
              92.81257,
              23.40662
            ],
            [
              92.81299,
              23.40764
            ],
            [
              92.81322,
              23.40941
            ],
            [
              92.81348,
              23.4113
            ],
            [
              92.81396,
              23.41363
            ],
            [
              92.8144,
              23.41716
            ],
            [
              92.8144,
              23.41959
            ],
            [
              92.81464,
              23.42112
            ],
            [
              92.81557,
              23.42276
            ],
            [
              92.81601,
              23.42392
            ],
            [
              92.8161,
              23.42567
            ],
            [
              92.81569,
              23.42684
            ],
            [
              92.81503,
              23.42806
            ],
            [
              92.8135,
              23.43022
            ],
            [
              92.81084,
              23.43328
            ],
            [
              92.81032,
              23.43293
            ],
            [
              92.80951,
              23.43334
            ],
            [
              92.8084,
              23.43416
            ],
            [
              92.80684,
              23.43559
            ],
            [
              92.80521,
              23.4371
            ],
            [
              92.80328,
              23.4388
            ],
            [
              92.80031,
              23.44126
            ],
            [
              92.79497,
              23.44474
            ],
            [
              92.79379,
              23.44531
            ],
            [
              92.78754,
              23.44836
            ],
            [
              92.77849,
              23.45197
            ],
            [
              92.77568,
              23.45308
            ],
            [
              92.77434,
              23.45361
            ],
            [
              92.77224,
              23.45548
            ],
            [
              92.76801,
              23.4593
            ],
            [
              92.76689,
              23.46155
            ],
            [
              92.76674,
              23.46285
            ],
            [
              92.76659,
              23.46524
            ],
            [
              92.76592,
              23.46681
            ],
            [
              92.76406,
              23.47052
            ],
            [
              92.76368,
              23.47379
            ],
            [
              92.76382,
              23.47591
            ],
            [
              92.7639,
              23.47755
            ],
            [
              92.76426,
              23.47906
            ],
            [
              92.765,
              23.48063
            ],
            [
              92.76567,
              23.48207
            ],
            [
              92.76677,
              23.48736
            ],
            [
              92.76707,
              23.48914
            ],
            [
              92.76684,
              23.49037
            ],
            [
              92.76617,
              23.49125
            ],
            [
              92.76484,
              23.49228
            ],
            [
              92.76439,
              23.49303
            ],
            [
              92.76424,
              23.49453
            ],
            [
              92.76342,
              23.4974
            ],
            [
              92.76267,
              23.50309
            ],
            [
              92.76266,
              23.50446
            ],
            [
              92.76318,
              23.50549
            ],
            [
              92.76429,
              23.50651
            ],
            [
              92.76511,
              23.50699
            ],
            [
              92.76614,
              23.50768
            ],
            [
              92.76681,
              23.5087
            ],
            [
              92.76695,
              23.51062
            ],
            [
              92.7668,
              23.51239
            ],
            [
              92.76606,
              23.51478
            ],
            [
              92.76576,
              23.51615
            ],
            [
              92.76555,
              23.5166
            ],
            [
              92.77954,
              23.53592
            ],
            [
              92.78746,
              23.54235
            ],
            [
              92.82218,
              23.5473
            ],
            [
              92.85018,
              23.5473
            ],
            [
              92.86653,
              23.5473
            ],
            [
              92.86925,
              23.5473
            ],
            [
              92.87178,
              23.5473
            ],
            [
              92.90799,
              23.53094
            ],
            [
              92.91648,
              23.53144
            ],
            [
              92.92485,
              23.53193
            ],
            [
              92.93031,
              23.53689
            ],
            [
              92.95919,
              23.50784
            ],
            [
              92.96345,
              23.50383
            ],
            [
              92.9636,
              23.50369
            ],
            [
              92.96751,
              23.50182
            ],
            [
              92.9727,
              23.50036
            ],
            [
              92.97758,
              23.49781
            ],
            [
              92.97849,
              23.49728
            ],
            [
              92.97954,
              23.49667
            ],
            [
              92.98174,
              23.49578
            ],
            [
              92.98319,
              23.49558
            ],
            [
              92.98495,
              23.49566
            ],
            [
              92.98692,
              23.49611
            ],
            [
              92.98947,
              23.49696
            ],
            [
              92.99114,
              23.49704
            ],
            [
              92.99352,
              23.49688
            ],
            [
              92.99639,
              23.49557
            ],
            [
              93.00228,
              23.49225
            ],
            [
              93.00549,
              23.48909
            ],
            [
              93.00911,
              23.48681
            ],
            [
              93.01153,
              23.48568
            ],
            [
              93.01395,
              23.48584
            ],
            [
              93.01663,
              23.48632
            ],
            [
              93.01931,
              23.48795
            ],
            [
              93.02072,
              23.48932
            ],
            [
              93.02292,
              23.49313
            ],
            [
              93.02415,
              23.49496
            ],
            [
              93.0245,
              23.4954
            ],
            [
              93.02529,
              23.49613
            ],
            [
              93.02621,
              23.4965
            ],
            [
              93.02745,
              23.4967
            ],
            [
              93.02775,
              23.4971
            ],
            [
              93.02934,
              23.50071
            ],
            [
              93.03041,
              23.50344
            ],
            [
              93.03041,
              23.50448
            ],
            [
              93.02944,
              23.50651
            ],
            [
              93.02777,
              23.50963
            ],
            [
              93.02641,
              23.51063
            ],
            [
              93.0243,
              23.51151
            ],
            [
              93.02385,
              23.5117
            ],
            [
              93.02308,
              23.51217
            ],
            [
              93.02242,
              23.51277
            ],
            [
              93.02199,
              23.51338
            ],
            [
              93.0211,
              23.5151
            ],
            [
              93.02003,
              23.51999
            ],
            [
              93.01964,
              23.52458
            ],
            [
              93.01964,
              23.52588
            ],
            [
              93.01964,
              23.52642
            ],
            [
              93.02027,
              23.5284
            ],
            [
              93.02059,
              23.52915
            ],
            [
              93.02083,
              23.52975
            ],
            [
              93.02088,
              23.53054
            ],
            [
              93.01992,
              23.533
            ],
            [
              93.01938,
              23.53468
            ],
            [
              93.01938,
              23.53577
            ],
            [
              93.01974,
              23.53722
            ],
            [
              93.02055,
              23.53858
            ],
            [
              93.02122,
              23.53989
            ],
            [
              93.02095,
              23.54131
            ],
            [
              93.02046,
              23.54175
            ],
            [
              93.01989,
              23.54217
            ],
            [
              93.01907,
              23.54289
            ],
            [
              93.01899,
              23.54295
            ],
            [
              93.01799,
              23.54364
            ],
            [
              93.01711,
              23.54479
            ],
            [
              93.01684,
              23.54715
            ],
            [
              93.01634,
              23.54886
            ],
            [
              93.01551,
              23.54991
            ],
            [
              93.01498,
              23.55093
            ],
            [
              93.01331,
              23.55492
            ],
            [
              93.01315,
              23.5553
            ],
            [
              93.0124,
              23.55749
            ],
            [
              93.01195,
              23.55843
            ],
            [
              93.01206,
              23.55919
            ],
            [
              93.013,
              23.5602
            ],
            [
              93.01394,
              23.5611
            ],
            [
              93.01469,
              23.56338
            ],
            [
              93.01507,
              23.57225
            ],
            [
              93.01502,
              23.57483
            ],
            [
              93.01464,
              23.57557
            ],
            [
              93.01422,
              23.57605
            ],
            [
              93.01327,
              23.57753
            ],
            [
              93.01327,
              23.57962
            ],
            [
              93.01355,
              23.58406
            ],
            [
              93.01384,
              23.58946
            ],
            [
              93.01478,
              23.59099
            ],
            [
              93.01639,
              23.59264
            ],
            [
              93.01838,
              23.59435
            ],
            [
              93.01933,
              23.59566
            ],
            [
              93.01963,
              23.59692
            ],
            [
              93.01975,
              23.59895
            ],
            [
              93.01981,
              23.60147
            ],
            [
              93.01963,
              23.60344
            ],
            [
              93.0179,
              23.60669
            ],
            [
              93.01695,
              23.60741
            ],
            [
              93.0166,
              23.60795
            ],
            [
              93.01576,
              23.6096
            ],
            [
              93.01576,
              23.61097
            ],
            [
              93.01612,
              23.61562
            ],
            [
              93.01618,
              23.6211
            ],
            [
              93.01654,
              23.62367
            ],
            [
              93.01646,
              23.62671
            ],
            [
              93.01605,
              23.62918
            ],
            [
              93.01506,
              23.63173
            ],
            [
              93.0149,
              23.63306
            ],
            [
              93.01477,
              23.63443
            ],
            [
              93.01481,
              23.63572
            ],
            [
              93.01552,
              23.6372
            ],
            [
              93.01651,
              23.6404
            ],
            [
              93.01651,
              23.64203
            ],
            [
              93.01539,
              23.6434
            ],
            [
              93.01215,
              23.64661
            ],
            [
              93.00966,
              23.65125
            ],
            [
              93.00945,
              23.65273
            ],
            [
              93.00945,
              23.65364
            ],
            [
              93.00992,
              23.65517
            ],
            [
              93.01065,
              23.65603
            ],
            [
              93.01195,
              23.65703
            ],
            [
              93.01459,
              23.65804
            ],
            [
              93.01495,
              23.65821
            ],
            [
              93.01528,
              23.65886
            ],
            [
              93.01544,
              23.65933
            ],
            [
              93.01577,
              23.65992
            ],
            [
              93.01615,
              23.66103
            ],
            [
              93.01653,
              23.66286
            ],
            [
              93.01697,
              23.66504
            ],
            [
              93.01697,
              23.66638
            ],
            [
              93.01697,
              23.66765
            ],
            [
              93.01687,
              23.66822
            ],
            [
              93.01651,
              23.66864
            ],
            [
              93.0159,
              23.66925
            ],
            [
              93.01513,
              23.67022
            ],
            [
              93.01299,
              23.6722
            ],
            [
              93.01213,
              23.6733
            ],
            [
              93.0117,
              23.67403
            ],
            [
              93.01154294500003,
              23.67468285500007
            ],
            [
              93.01119,
              23.67615
            ],
            [
              93.01147,
              23.67751
            ],
            [
              93.01142,
              23.67821
            ],
            [
              93.01198,
              23.6798
            ],
            [
              93.01243,
              23.68224
            ],
            [
              93.01289,
              23.68475
            ],
            [
              93.01366,
              23.68558
            ],
            [
              93.01506,
              23.68663
            ],
            [
              93.01602,
              23.68742
            ],
            [
              93.01651,
              23.68821
            ],
            [
              93.01656,
              23.68867
            ],
            [
              93.01629,
              23.68934
            ],
            [
              93.0157,
              23.69038
            ],
            [
              93.01502,
              23.69168
            ],
            [
              93.01411,
              23.69334
            ],
            [
              93.01357,
              23.69447
            ],
            [
              93.01361,
              23.69585
            ],
            [
              93.01359,
              23.69956
            ],
            [
              93.01347,
              23.70008
            ],
            [
              93.01319,
              23.70135
            ],
            [
              93.01313,
              23.7025
            ],
            [
              93.0133,
              23.70286
            ],
            [
              93.01416,
              23.70465
            ],
            [
              93.01479,
              23.70623
            ],
            [
              93.0149,
              23.70723
            ],
            [
              93.01484,
              23.70838
            ],
            [
              93.01433,
              23.71069
            ],
            [
              93.0137,
              23.71268
            ],
            [
              93.01309,
              23.71585
            ],
            [
              93.01294,
              23.71714
            ],
            [
              93.01334,
              23.71826
            ],
            [
              93.01374,
              23.72057
            ],
            [
              93.01374,
              23.72173
            ],
            [
              93.01364,
              23.72446
            ],
            [
              93.01354,
              23.72729
            ],
            [
              93.01349,
              23.72872
            ],
            [
              93.01314,
              23.73113
            ],
            [
              93.01314,
              23.73358
            ],
            [
              93.01324502374209,
              23.734397912173154
            ],
            [
              93.0138,
              23.73872
            ],
            [
              93.01368,
              23.74116
            ],
            [
              93.01361,
              23.74344
            ],
            [
              93.0133,
              23.74559
            ],
            [
              93.01297,
              23.74652
            ],
            [
              93.0126,
              23.74757
            ],
            [
              93.01197,
              23.74868
            ],
            [
              93.01196203294772,
              23.748701004046925
            ],
            [
              93.01153,
              23.74984
            ],
            [
              93.01096,
              23.75077
            ],
            [
              93.00982,
              23.75194
            ],
            [
              93.00868,
              23.75281
            ],
            [
              93.00728,
              23.75398
            ],
            [
              93.00672072000003,
              23.754495043000077
            ],
            [
              93.00551,
              23.75561
            ],
            [
              93.00367,
              23.75731
            ],
            [
              93.00296,
              23.75839
            ],
            [
              93.00202,
              23.75961
            ],
            [
              93.00143,
              23.76106
            ],
            [
              93.00077,
              23.76502
            ],
            [
              92.99923,
              23.76778
            ],
            [
              92.99844,
              23.76904
            ],
            [
              92.9974,
              23.77018
            ],
            [
              92.99676,
              23.77099
            ],
            [
              92.99623,
              23.77196
            ],
            [
              92.99602,
              23.77235
            ],
            [
              92.99553,
              23.77399
            ],
            [
              92.99553,
              23.7753
            ],
            [
              92.99553,
              23.77616
            ],
            [
              92.99514,
              23.77684
            ],
            [
              92.99499,
              23.77811
            ],
            [
              92.99565315500007,
              23.78306574100003
            ],
            [
              92.99414830800004,
              23.78423497400007
            ],
            [
              92.99389439700008,
              23.796507693000024
            ],
            [
              92.99126729600005,
              23.80415421400005
            ],
            [
              92.98847379000006,
              23.804202770000074
            ],
            [
              92.98847928200007,
              23.804331647000026
            ],
            [
              92.98566903900007,
              23.810071589000074
            ],
            [
              92.98550570300006,
              23.81683375600005
            ],
            [
              92.98736259100008,
              23.827239763000023
            ],
            [
              92.99281273300005,
              23.834834458000046
            ],
            [
              92.99460619200005,
              23.843038961000047
            ],
            [
              92.98869137600008,
              23.85557016000007
            ],
            [
              92.98134521300005,
              23.85572009200007
            ],
            [
              92.97421008500004,
              23.864171725000062
            ],
            [
              92.96966379300005,
              23.87309744600003
            ],
            [
              92.97267469700006,
              23.89017493600005
            ],
            [
              92.97429670900004,
              23.910539390000054
            ],
            [
              92.97811560800005,
              23.92242258500005
            ],
            [
              92.97706888500005,
              23.940263247000075
            ],
            [
              92.97940088300004,
              23.963903583000047
            ],
            [
              92.98300598500003,
              23.973243526000033
            ],
            [
              92.98753255500009,
              23.984165198000028
            ],
            [
              92.98685005600004,
              23.99487307800007
            ],
            [
              92.98603454000005,
              24.007777
            ],
            [
              92.98903162200008,
              24.020437127000037
            ],
            [
              92.98890490000008,
              24.02700783800003
            ],
            [
              92.98210927700006,
              24.036192525000047
            ],
            [
              92.98106479400008,
              24.054933591000065
            ],
            [
              92.98051075600006,
              24.07559994500008
            ],
            [
              92.97567263400003,
              24.080598162000058
            ],
            [
              92.97442640800006,
              24.08677335300007
            ],
            [
              92.96979191300005,
              24.091289666000023
            ],
            [
              92.96683662200007,
              24.09640193000007
            ],
            [
              92.96693709795147,
              24.096649449880296
            ],
            [
              92.96613,
              24.09742
            ],
            [
              92.96453,
              24.09889
            ],
            [
              92.96324,
              24.0998
            ],
            [
              92.96196,
              24.10019
            ],
            [
              92.96112,
              24.10048
            ],
            [
              92.96018,
              24.10121
            ],
            [
              92.9595,
              24.10227
            ],
            [
              92.95825,
              24.10381
            ],
            [
              92.95773,
              24.10449
            ],
            [
              92.95748,
              24.10544
            ],
            [
              92.9574,
              24.10716
            ],
            [
              92.95735,
              24.10837
            ],
            [
              92.95728,
              24.10971
            ],
            [
              92.95752,
              24.11061
            ],
            [
              92.95891,
              24.11134
            ],
            [
              92.96074,
              24.11182
            ],
            [
              92.96171,
              24.11227
            ],
            [
              92.9627,
              24.11303
            ],
            [
              92.96516830200005,
              24.114611973000024
            ],
            [
              92.96969,
              24.11751
            ],
            [
              92.97359,
              24.12137
            ],
            [
              92.97702,
              24.12579
            ],
            [
              92.97896,
              24.12812
            ],
            [
              92.98018,
              24.12999
            ],
            [
              92.98052,
              24.13087
            ],
            [
              92.98175,
              24.13161
            ],
            [
              92.98304,
              24.13218
            ],
            [
              92.98508,
              24.1333
            ],
            [
              92.98671,
              24.13517
            ],
            [
              92.98808,
              24.13686
            ],
            [
              92.9891,
              24.13773
            ],
            [
              92.99025,
              24.1386
            ],
            [
              92.99195,
              24.13917
            ],
            [
              92.99386,
              24.13948
            ],
            [
              92.99651,
              24.1401
            ],
            [
              92.99855,
              24.14135
            ],
            [
              93.00318,
              24.14534
            ],
            [
              93.00542,
              24.14753
            ],
            [
              93.00699,
              24.15221
            ],
            [
              93.00708,
              24.15563
            ],
            [
              93.00603,
              24.15765
            ],
            [
              93.00536,
              24.15932
            ],
            [
              93.00536,
              24.16064
            ],
            [
              93.00536,
              24.16267
            ],
            [
              93.00536,
              24.16522
            ],
            [
              93.00536,
              24.16716
            ],
            [
              93.00574,
              24.16848
            ],
            [
              93.00641,
              24.16997
            ],
            [
              93.00766,
              24.17103
            ],
            [
              93.00852,
              24.17156
            ],
            [
              93.01035,
              24.17261
            ],
            [
              93.0114,
              24.17332
            ],
            [
              93.01304,
              24.1734
            ],
            [
              93.01496,
              24.17331
            ],
            [
              93.01678,
              24.17331
            ],
            [
              93.01841,
              24.17411
            ],
            [
              93.0211,
              24.17815
            ],
            [
              93.02273,
              24.18167
            ],
            [
              93.0234,
              24.18555
            ],
            [
              93.0235,
              24.18713
            ],
            [
              93.0235,
              24.18907
            ],
            [
              93.0235,
              24.19056
            ],
            [
              93.02283,
              24.19215
            ],
            [
              93.02225,
              24.19338
            ],
            [
              93.02197,
              24.19461
            ],
            [
              93.02197,
              24.19901
            ],
            [
              93.02314,
              24.20463
            ],
            [
              93.02433,
              24.20771
            ],
            [
              93.0256,
              24.21018
            ],
            [
              93.02624,
              24.21158
            ],
            [
              93.02673,
              24.21265
            ],
            [
              93.02755,
              24.21484
            ],
            [
              93.02807,
              24.21689
            ],
            [
              93.02807,
              24.21874
            ],
            [
              93.02667,
              24.22252
            ],
            [
              93.02589,
              24.22413
            ],
            [
              93.02496,
              24.22518
            ],
            [
              93.02361,
              24.22585
            ],
            [
              93.02174,
              24.2268
            ],
            [
              93.02076,
              24.22722
            ],
            [
              93.01982,
              24.22789
            ],
            [
              93.01899,
              24.22898
            ],
            [
              93.01847,
              24.23031
            ],
            [
              93.0177,
              24.23193
            ],
            [
              93.01645,
              24.23369
            ],
            [
              93.01557,
              24.23554
            ],
            [
              93.01477,
              24.23704
            ],
            [
              93.01448,
              24.23759
            ],
            [
              93.01324,
              24.23906
            ],
            [
              93.01298,
              24.24077
            ],
            [
              93.01298,
              24.24101
            ],
            [
              93.01298,
              24.2493
            ],
            [
              93.01302,
              24.25461
            ],
            [
              93.01284,
              24.25635
            ],
            [
              93.01261,
              24.25702
            ],
            [
              93.01257,
              24.25789
            ],
            [
              93.01261,
              24.25897
            ],
            [
              93.01329,
              24.26
            ],
            [
              93.01442,
              24.2615
            ],
            [
              93.01524,
              24.26349
            ],
            [
              93.01533,
              24.26623
            ],
            [
              93.01524,
              24.26895
            ],
            [
              93.01621,
              24.27099
            ],
            [
              93.0173,
              24.27271
            ],
            [
              93.01855,
              24.27412
            ],
            [
              93.01952,
              24.2748
            ],
            [
              93.02135,
              24.27664
            ],
            [
              93.02169,
              24.2781
            ],
            [
              93.02186,
              24.27977
            ],
            [
              93.02246,
              24.28148
            ],
            [
              93.02374,
              24.28328
            ],
            [
              93.0255,
              24.285
            ],
            [
              93.0275,
              24.28683
            ],
            [
              93.02914,
              24.28987
            ],
            [
              93.03034,
              24.29399
            ],
            [
              93.03104,
              24.29537
            ],
            [
              93.03184,
              24.29638
            ],
            [
              93.03295,
              24.29744
            ],
            [
              93.03501,
              24.29859
            ],
            [
              93.03602,
              24.29905
            ],
            [
              93.03667,
              24.29956
            ],
            [
              93.03748,
              24.30034
            ],
            [
              93.03853,
              24.30168
            ],
            [
              93.03979,
              24.30494
            ],
            [
              93.04125,
              24.31048
            ],
            [
              93.04266,
              24.31371
            ],
            [
              93.04286,
              24.31574
            ],
            [
              93.04271,
              24.31712
            ],
            [
              93.04206,
              24.31818
            ],
            [
              93.04151,
              24.31883
            ],
            [
              93.04065,
              24.31984
            ],
            [
              93.03985,
              24.32122
            ],
            [
              93.03915,
              24.32334
            ],
            [
              93.03841,
              24.32757
            ],
            [
              93.03819,
              24.3286
            ],
            [
              93.03772,
              24.32942
            ],
            [
              93.03726,
              24.33003
            ],
            [
              93.03688,
              24.33053
            ],
            [
              93.03551,
              24.33178
            ],
            [
              93.03545,
              24.33184
            ],
            [
              93.03455,
              24.33261
            ],
            [
              93.03321,
              24.33356
            ],
            [
              93.03225,
              24.33407
            ],
            [
              93.02973,
              24.33501
            ],
            [
              93.02836,
              24.33589
            ],
            [
              93.02745,
              24.3382
            ],
            [
              93.02562,
              24.3423
            ],
            [
              93.02513,
              24.34408
            ],
            [
              93.02437,
              24.34685
            ],
            [
              93.02436,
              24.34692
            ],
            [
              93.02363,
              24.35226
            ],
            [
              93.02406,
              24.357
            ],
            [
              93.02406,
              24.35715
            ],
            [
              93.02406,
              24.36034
            ],
            [
              93.02406,
              24.36163
            ],
            [
              93.02496,
              24.36996
            ],
            [
              93.02496,
              24.37187
            ],
            [
              93.02496,
              24.37378
            ],
            [
              93.02489,
              24.37499
            ],
            [
              93.02451,
              24.37607
            ],
            [
              93.0244,
              24.37639
            ],
            [
              93.02246,
              24.37931
            ],
            [
              93.02163,
              24.38065
            ],
            [
              93.02065,
              24.38204
            ],
            [
              93.01978,
              24.38301
            ],
            [
              93.0194,
              24.38344
            ],
            [
              93.01794,
              24.38485
            ],
            [
              93.01781,
              24.38497
            ],
            [
              93.01656,
              24.387
            ],
            [
              93.0144,
              24.394
            ],
            [
              93.01302,
              24.39705
            ],
            [
              93.01369,
              24.39919
            ],
            [
              93.01386,
              24.39972
            ],
            [
              93.01197,
              24.40048
            ],
            [
              93.00679,
              24.40258
            ],
            [
              93.00434,
              24.40913
            ],
            [
              92.9996,
              24.40225
            ],
            [
              92.99839,
              24.40049
            ],
            [
              92.99594,
              24.39879
            ],
            [
              92.99325,
              24.39918
            ],
            [
              92.9915,
              24.40098
            ],
            [
              92.98981,
              24.40272
            ],
            [
              92.98631,
              24.40484
            ],
            [
              92.98623,
              24.40489
            ],
            [
              92.98613,
              24.40489
            ],
            [
              92.98525,
              24.40486
            ],
            [
              92.98424,
              24.40472
            ],
            [
              92.98334,
              24.40481
            ],
            [
              92.98001,
              24.40619
            ],
            [
              92.97818,
              24.40695
            ],
            [
              92.97758,
              24.4067
            ],
            [
              92.97359,
              24.40503
            ],
            [
              92.97209,
              24.403
            ],
            [
              92.96876,
              24.39849
            ],
            [
              92.95827,
              24.39318
            ],
            [
              92.95607,
              24.39535
            ],
            [
              92.9539,
              24.39907
            ],
            [
              92.95266,
              24.40119
            ],
            [
              92.95184,
              24.40194
            ],
            [
              92.95052,
              24.40204
            ],
            [
              92.9492,
              24.40215
            ],
            [
              92.94631,
              24.40094
            ],
            [
              92.94495,
              24.40036
            ],
            [
              92.9421,
              24.39917
            ],
            [
              92.9396,
              24.39862
            ],
            [
              92.93852,
              24.39838
            ],
            [
              92.93651,
              24.39636
            ],
            [
              92.9357,
              24.39405
            ],
            [
              92.93368,
              24.39289
            ],
            [
              92.92564,
              24.396
            ],
            [
              92.92336,
              24.39959
            ],
            [
              92.92166,
              24.39998
            ],
            [
              92.92059,
              24.40153
            ],
            [
              92.92125,
              24.40281
            ],
            [
              92.9214,
              24.40309
            ],
            [
              92.91949,
              24.40425
            ],
            [
              92.90956,
              24.4103
            ],
            [
              92.90926,
              24.40897
            ],
            [
              92.90895,
              24.40763
            ],
            [
              92.90732,
              24.40057
            ],
            [
              92.90642,
              24.39953
            ],
            [
              92.90552,
              24.3985
            ],
            [
              92.90375,
              24.39646
            ],
            [
              92.90385,
              24.39358
            ],
            [
              92.90387,
              24.3931
            ],
            [
              92.90388,
              24.39278
            ],
            [
              92.90325,
              24.39194
            ],
            [
              92.90319,
              24.39186
            ],
            [
              92.8999,
              24.39107
            ],
            [
              92.89898,
              24.39085
            ],
            [
              92.89668,
              24.39129
            ],
            [
              92.89438,
              24.39173
            ],
            [
              92.8934,
              24.39223
            ],
            [
              92.89301,
              24.39243
            ],
            [
              92.89242,
              24.39274
            ]
          ]
        ]
      }
    }
  ]
}