area_id,area_name,cell_id,distance_to_cell_m,association_method,source
KOH_LOC_044,Poilwa,KOH_00119,1831.76,nearest_centroid_max_2500m,OpenStreetMap Overpass API
KOH_LOC_044,Poilwa,KOH_00120,2211.66,nearest_centroid_max_2500m,OpenStreetMap Overpass API
KOH_LOC_044,Poilwa,KOH_00147,1142.7,nearest_centroid_max_2500m,OpenStreetMap Overpass API
KOH_LOC_044,Poilwa,KOH_00148,1376.52,nearest_centroid_max_2500m,OpenStreetMap Overpass API
KOH_LOC_044,Poilwa,KOH_00149,1817.06,nearest_centroid_max_2500m,OpenStreetMap Overpass API
KOH_LOC_044,Poilwa,KOH_00150,2270.19,nearest_centroid_max_2500m,OpenStreetMap Overpass API
KOH_LOC_085,Dzuleke,KOH_00152,2397.76,nearest_centroid_max_2500m,OpenStreetMap Overpass API
KOH_LOC_085,Dzuleke,KOH_00153,2267.56,nearest_centroid_max_2500m,OpenStreetMap Overpass API
KOH_LOC_085,Dzuleke,KOH_00154,2244.62,nearest_centroid_max_2500m,OpenStreetMap Overpass API
KOH_LOC_085,Dzuleke,KOH_00155,2332.12,nearest_centroid_max_2500m,OpenStreetMap Overpass API
KOH_LOC_044,Poilwa,KOH_00180,1254.15,nearest_centroid_max_2500m,OpenStreetMap Overpass API
KOH_LOC_044,Poilwa,KOH_00181,1338.06,nearest_centroid_max_2500m,OpenStreetMap Overpass API
KOH_LOC_044,Poilwa,KOH_00182,1622.12,nearest_centroid_max_2500m,OpenStreetMap Overpass API
KOH_LOC_044,Poilwa,KOH_00183,2017.48,nearest_centroid_max_2500m,OpenStreetMap Overpass API
KOH_LOC_044,Poilwa,KOH_00184,2452.22,nearest_centroid_max_2500m,OpenStreetMap Overpass API
KOH_LOC_085,Dzuleke,KOH_00185,2207.68,nearest_centroid_max_2500m,OpenStreetMap Overpass API
KOH_LOC_085,Dzuleke,KOH_00186,1939.65,nearest_centroid_max_2500m,OpenStreetMap Overpass API
KOH_LOC_085,Dzuleke,KOH_00187,1776.08,nearest_centroid_max_2500m,OpenStreetMap Overpass API
KOH_LOC_085,Dzuleke,KOH_00188,1746.7,nearest_centroid_max_2500m,OpenStreetMap Overpass API
KOH_LOC_085,Dzuleke,KOH_00189,1857.84,nearest_centroid_max_2500m,OpenStreetMap Overpass API
KOH_LOC_085,Dzuleke,KOH_00190,2087.12,nearest_centroid_max_2500m,OpenStreetMap Overpass API
KOH_LOC_085,Dzuleke,KOH_00191,2400.94,nearest_centroid_max_2500m,OpenStreetMap Overpass API
KOH_LOC_044,Poilwa,KOH_00218,2334.84,nearest_centroid_max_2500m,OpenStreetMap Overpass API
KOH_LOC_044,Poilwa,KOH_00219,1927.7,nearest_centroid_max_2500m,OpenStreetMap Overpass API
KOH_LOC_044,Poilwa,KOH_00220,1755.31,nearest_centroid_max_2500m,OpenStreetMap Overpass API
KOH_LOC_044,Poilwa,KOH_00221,1622.02,nearest_centroid_max_2500m,OpenStreetMap Overpass API
KOH_LOC_044,Poilwa,KOH_00222,1747.71,nearest_centroid_max_2500m,OpenStreetMap Overpass API
KOH_LOC_044,Poilwa,KOH_00223,1997.42,nearest_centroid_max_2500m,OpenStreetMap Overpass API
KOH_LOC_044,Poilwa,KOH_00224,2329.87,nearest_centroid_max_2500m,OpenStreetMap Overpass API
KOH_LOC_085,Dzuleke,KOH_00225,2236.22,nearest_centroid_max_2500m,OpenStreetMap Overpass API
KOH_LOC_085,Dzuleke,KOH_00226,1839.93,nearest_centroid_max_2500m,OpenStreetMap Overpass API
KOH_LOC_085,Dzuleke,KOH_00227,1507.79,nearest_centroid_max_2500m,OpenStreetMap Overpass API
KOH_LOC_085,Dzuleke,KOH_00228,1290.73,nearest_centroid_max_2500m,OpenStreetMap Overpass API
KOH_LOC_085,Dzuleke,KOH_00229,1249.99,nearest_centroid_max_2500m,OpenStreetMap Overpass API
KOH_LOC_085,Dzuleke,KOH_00230,1400.96,nearest_centroid_max_2500m,OpenStreetMap Overpass API
KOH_LOC_085,Dzuleke,KOH_00231,1693.32,nearest_centroid_max_2500m,OpenStreetMap Overpass API
KOH_LOC_085,Dzuleke,KOH_00232,2067.81,nearest_centroid_max_2500m,OpenStreetMap Overpass API
KOH_LOC_085,Dzuleke,KOH_00233,2487.61,nearest_centroid_max_2500m,OpenStreetMap Overpass API
KOH_LOC_044,Poilwa,KOH_00261,2265.2,nearest_centroid_max_2500m,OpenStreetMap Overpass API
KOH_LOC_044,Poilwa,KOH_00262,2134.02,nearest_centroid_max_2500m,OpenStreetMap Overpass API
KOH_LOC_044,Poilwa,KOH_00263,2116.74,nearest_centroid_max_2500m,OpenStreetMap Overpass API
KOH_LOC_044,Poilwa,KOH_00264,2216.22,nearest_centroid_max_2500m,OpenStreetMap Overpass API
KOH_LOC_044,Poilwa,KOH_00265,2417.87,nearest_centroid_max_2500m,OpenStreetMap Overpass API
KOH_LOC_085,Dzuleke,KOH_00266,2476.01,nearest_centroid_max_2500m,OpenStreetMap Overpass API
KOH_LOC_085,Dzuleke,KOH_00267,2002.77,nearest_centroid_max_2500m,OpenStreetMap Overpass API
KOH_LOC_085,Dzuleke,KOH_00268,1547.67,nearest_centroid_max_2500m,OpenStreetMap Overpass API
KOH_LOC_085,Dzuleke,KOH_00269,1132.89,nearest_centroid_max_2500m,OpenStreetMap Overpass API
KOH_LOC_085,Dzuleke,KOH_00270,822.17,nearest_centroid_max_2500m,OpenStreetMap Overpass API
KOH_LOC_085,Dzuleke,KOH_00271,756.49,nearest_centroid_max_2500m,OpenStreetMap Overpass API
KOH_LOC_085,Dzuleke,KOH_00272,986.19,nearest_centroid_max_2500m,OpenStreetMap Overpass API
KOH_LOC_085,Dzuleke,KOH_00273,1370.1,nearest_centroid_max_2500m,OpenStreetMap Overpass API
KOH_LOC_085,Dzuleke,KOH_00274,1812.56,nearest_centroid_max_2500m,OpenStreetMap Overpass API
KOH_LOC_085,Dzuleke,KOH_00275,2279.9,nearest_centroid_max_2500m,OpenStreetMap Overpass API
KOH_LOC_042,Piphema,KOH_00296,2268.64,nearest_centroid_max_2500m,OpenStreetMap Overpass API
KOH_LOC_085,Dzuleke,KOH_00309,2374.67,nearest_centroid_max_2500m,OpenStreetMap Overpass API
KOH_LOC_085,Dzuleke,KOH_00310,1876.06,nearest_centroid_max_2500m,OpenStreetMap Overpass API
KOH_LOC_085,Dzuleke,KOH_00311,1379.74,nearest_centroid_max_2500m,OpenStreetMap Overpass API
KOH_LOC_085,Dzuleke,KOH_00312,890.0,nearest_centroid_max_2500m,OpenStreetMap Overpass API
KOH_LOC_085,Dzuleke,KOH_00313,429.35,nearest_centroid_max_2500m,OpenStreetMap Overpass API
KOH_LOC_085,Dzuleke,KOH_00314,284.03,nearest_centroid_max_2500m,OpenStreetMap Overpass API
KOH_LOC_085,Dzuleke,KOH_00315,693.61,nearest_centroid_max_2500m,OpenStreetMap Overpass API
KOH_LOC_085,Dzuleke,KOH_00316,1177.0,nearest_centroid_max_2500m,OpenStreetMap Overpass API
KOH_LOC_085,Dzuleke,KOH_00317,1671.48,nearest_centroid_max_2500m,OpenStreetMap Overpass API
KOH_LOC_085,Dzuleke,KOH_00318,2169.33,nearest_centroid_max_2500m,OpenStreetMap Overpass API
KOH_LOC_042,Piphema,KOH_00338,2359.82,nearest_centroid_max_2500m,OpenStreetMap Overpass API
KOH_LOC_042,Piphema,KOH_00339,1905.24,nearest_centroid_max_2500m,OpenStreetMap Overpass API
KOH_LOC_042,Piphema,KOH_00340,1557.09,nearest_centroid_max_2500m,OpenStreetMap Overpass API
KOH_LOC_085,Dzuleke,KOH_00352,2376.23,nearest_centroid_max_2500m,OpenStreetMap Overpass API
KOH_LOC_085,Dzuleke,KOH_00353,1877.89,nearest_centroid_max_2500m,OpenStreetMap Overpass API
KOH_LOC_085,Dzuleke,KOH_00354,1382.36,nearest_centroid_max_2500m,OpenStreetMap Overpass API
KOH_LOC_085,Dzuleke,KOH_00355,893.9,nearest_centroid_max_2500m,OpenStreetMap Overpass API
KOH_LOC_085,Dzuleke,KOH_00356,437.49,nearest_centroid_max_2500m,OpenStreetMap Overpass API
KOH_LOC_085,Dzuleke,KOH_00357,296.1,nearest_centroid_max_2500m,OpenStreetMap Overpass API
KOH_LOC_085,Dzuleke,KOH_00358,698.53,nearest_centroid_max_2500m,OpenStreetMap Overpass API
KOH_LOC_085,Dzuleke,KOH_00359,1179.98,nearest_centroid_max_2500m,OpenStreetMap Overpass API
KOH_LOC_085,Dzuleke,KOH_00360,1673.48,nearest_centroid_max_2500m,OpenStreetMap Overpass API
KOH_LOC_085,Dzuleke,KOH_00361,2170.96,nearest_centroid_max_2500m,OpenStreetMap Overpass API
KOH_LOC_042,Piphema,KOH_00381,2304.11,nearest_centroid_max_2500m,OpenStreetMap Overpass API
KOH_LOC_042,Piphema,KOH_00382,1802.17,nearest_centroid_max_2500m,OpenStreetMap Overpass API
KOH_LOC_042,Piphema,KOH_00383,1351.96,nearest_centroid_max_2500m,OpenStreetMap Overpass API
KOH_LOC_042,Piphema,KOH_00384,983.96,nearest_centroid_max_2500m,OpenStreetMap Overpass API
KOH_LOC_085,Dzuleke,KOH_00396,2480.4,nearest_centroid_max_2500m,OpenStreetMap Overpass API
KOH_LOC_085,Dzuleke,KOH_00397,2008.05,nearest_centroid_max_2500m,OpenStreetMap Overpass API
KOH_LOC_085,Dzuleke,KOH_00398,1554.55,nearest_centroid_max_2500m,OpenStreetMap Overpass API
KOH_LOC_085,Dzuleke,KOH_00399,1142.22,nearest_centroid_max_2500m,OpenStreetMap Overpass API
KOH_LOC_085,Dzuleke,KOH_00400,834.9,nearest_centroid_max_2500m,OpenStreetMap Overpass API
KOH_LOC_085,Dzuleke,KOH_00401,770.22,nearest_centroid_max_2500m,OpenStreetMap Overpass API
KOH_LOC_085,Dzuleke,KOH_00402,996.76,nearest_centroid_max_2500m,OpenStreetMap Overpass API
KOH_LOC_085,Dzuleke,KOH_00403,1377.58,nearest_centroid_max_2500m,OpenStreetMap Overpass API
KOH_LOC_085,Dzuleke,KOH_00404,1818.28,nearest_centroid_max_2500m,OpenStreetMap Overpass API
KOH_LOC_085,Dzuleke,KOH_00405,2284.38,nearest_centroid_max_2500m,OpenStreetMap Overpass API
KOH_LOC_042,Piphema,KOH_00425,2355.5,nearest_centroid_max_2500m,OpenStreetMap Overpass API
KOH_LOC_042,Piphema,KOH_00426,1867.42,nearest_centroid_max_2500m,OpenStreetMap Overpass API
KOH_LOC_042,Piphema,KOH_00427,1389.12,nearest_centroid_max_2500m,OpenStreetMap Overpass API
KOH_LOC_042,Piphema,KOH_00428,1005.58,nearest_centroid_max_2500m,OpenStreetMap Overpass API
KOH_LOC_042,Piphema,KOH_00429,824.92,nearest_centroid_max_2500m,OpenStreetMap Overpass API
KOH_LOC_085,Dzuleke,KOH_00442,2244.23,nearest_centroid_max_2500m,OpenStreetMap Overpass API
KOH_LOC_085,Dzuleke,KOH_00443,1849.46,nearest_centroid_max_2500m,OpenStreetMap Overpass API
KOH_LOC_085,Dzuleke,KOH_00444,1519.53,nearest_centroid_max_2500m,OpenStreetMap Overpass API
KOH_LOC_085,Dzuleke,KOH_00445,1304.24,nearest_centroid_max_2500m,OpenStreetMap Overpass API
KOH_LOC_085,Dzuleke,KOH_00446,1263.79,nearest_centroid_max_2500m,OpenStreetMap Overpass API
KOH_LOC_085,Dzuleke,KOH_00447,1413.37,nearest_centroid_max_2500m,OpenStreetMap Overpass API
KOH_LOC_085,Dzuleke,KOH_00448,1703.43,nearest_centroid_max_2500m,OpenStreetMap Overpass API
KOH_LOC_085,Dzuleke,KOH_00449,2076.11,nearest_centroid_max_2500m,OpenStreetMap Overpass API
KOH_LOC_085,Dzuleke,KOH_00450,2494.44,nearest_centroid_max_2500m,OpenStreetMap Overpass API
KOH_LOC_042,Piphema,KOH_00471,2055.51,nearest_centroid_max_2500m,OpenStreetMap Overpass API
KOH_LOC_042,Piphema,KOH_00472,1633.22,nearest_centroid_max_2500m,OpenStreetMap Overpass API
KOH_LOC_042,Piphema,KOH_00473,1270.51,nearest_centroid_max_2500m,OpenStreetMap Overpass API
KOH_LOC_042,Piphema,KOH_00474,1056.97,nearest_centroid_max_2500m,OpenStreetMap Overpass API
KOH_LOC_042,Piphema,KOH_00475,1151.06,nearest_centroid_max_2500m,OpenStreetMap Overpass API
KOH_LOC_085,Dzuleke,KOH_00491,2218.89,nearest_centroid_max_2500m,OpenStreetMap Overpass API
KOH_LOC_085,Dzuleke,KOH_00492,1952.34,nearest_centroid_max_2500m,OpenStreetMap Overpass API
KOH_LOC_085,Dzuleke,KOH_00493,1789.87,nearest_centroid_max_2500m,OpenStreetMap Overpass API
KOH_LOC_085,Dzuleke,KOH_00494,1760.65,nearest_centroid_max_2500m,OpenStreetMap Overpass API
KOH_LOC_085,Dzuleke,KOH_00495,1870.81,nearest_centroid_max_2500m,OpenStreetMap Overpass API
KOH_LOC_085,Dzuleke,KOH_00496,2098.62,nearest_centroid_max_2500m,OpenStreetMap Overpass API
KOH_LOC_085,Dzuleke,KOH_00497,2410.97,nearest_centroid_max_2500m,OpenStreetMap Overpass API
KOH_LOC_042,Piphema,KOH_00519,2336.96,nearest_centroid_max_2500m,OpenStreetMap Overpass API
KOH_LOC_042,Piphema,KOH_00520,1975.88,nearest_centroid_max_2500m,OpenStreetMap Overpass API
KOH_LOC_042,Piphema,KOH_00521,1688.37,nearest_centroid_max_2500m,OpenStreetMap Overpass API
KOH_LOC_042,Piphema,KOH_00522,1516.99,nearest_centroid_max_2500m,OpenStreetMap Overpass API
KOH_LOC_042,Piphema,KOH_00523,1522.63,nearest_centroid_max_2500m,OpenStreetMap Overpass API
KOH_LOC_042,Piphema,KOH_00524,1743.1,nearest_centroid_max_2500m,OpenStreetMap Overpass API
KOH_LOC_085,Dzuleke,KOH_00544,2410.96,nearest_centroid_max_2500m,OpenStreetMap Overpass API
KOH_LOC_085,Dzuleke,KOH_00545,2281.45,nearest_centroid_max_2500m,OpenStreetMap Overpass API
KOH_LOC_085,Dzuleke,KOH_00546,2258.49,nearest_centroid_max_2500m,OpenStreetMap Overpass API
KOH_LOC_085,Dzuleke,KOH_00547,2345.42,nearest_centroid_max_2500m,OpenStreetMap Overpass API
KOH_LOC_042,Piphema,KOH_00572,2374.6,nearest_centroid_max_2500m,OpenStreetMap Overpass API
KOH_LOC_042,Piphema,KOH_00573,2141.34,nearest_centroid_max_2500m,OpenStreetMap Overpass API
KOH_LOC_042,Piphema,KOH_00574,2008.93,nearest_centroid_max_2500m,OpenStreetMap Overpass API
KOH_LOC_042,Piphema,KOH_00575,1997.57,nearest_centroid_max_2500m,OpenStreetMap Overpass API
KOH_LOC_042,Piphema,KOH_00576,2112.48,nearest_centroid_max_2500m,OpenStreetMap Overpass API
KOH_LOC_082,Mengujuma,KOH_00577,2457.03,nearest_centroid_max_2500m,OpenStreetMap Overpass API
KOH_LOC_082,Mengujuma,KOH_00578,2405.75,nearest_centroid_max_2500m,OpenStreetMap Overpass API
KOH_LOC_010,Peducha,KOH_00627,2393.96,nearest_centroid_max_2500m,OpenStreetMap Overpass API
KOH_LOC_010,Peducha,KOH_00628,2333.83,nearest_centroid_max_2500m,OpenStreetMap Overpass API
KOH_LOC_010,Peducha,KOH_00629,2380.43,nearest_centroid_max_2500m,OpenStreetMap Overpass API
KOH_LOC_042,Piphema,KOH_00631,2494.72,nearest_centroid_max_2500m,OpenStreetMap Overpass API
KOH_LOC_082,Mengujuma,KOH_00632,2424.48,nearest_centroid_max_2500m,OpenStreetMap Overpass API
KOH_LOC_082,Mengujuma,KOH_00633,2174.88,nearest_centroid_max_2500m,OpenStreetMap Overpass API
KOH_LOC_082,Mengujuma,KOH_00634,1957.0,nearest_centroid_max_2500m,OpenStreetMap Overpass API
KOH_LOC_082,Mengujuma,KOH_00635,1843.75,nearest_centroid_max_2500m,OpenStreetMap Overpass API
KOH_LOC_082,Mengujuma,KOH_00636,2032.34,nearest_centroid_max_2500m,OpenStreetMap Overpass API
KOH_LOC_082,Mengujuma,KOH_00637,2275.34,nearest_centroid_max_2500m,OpenStreetMap Overpass API
KOH_LOC_072,Viphoma,KOH_00644,2482.97,nearest_centroid_max_2500m,OpenStreetMap Overpass API
KOH_LOC_010,Peducha,KOH_00691,2394.03,nearest_centroid_max_2500m,OpenStreetMap Overpass API
KOH_LOC_010,Peducha,KOH_00692,2106.87,nearest_centroid_max_2500m,OpenStreetMap Overpass API
KOH_LOC_010,Peducha,KOH_00693,1910.58,nearest_centroid_max_2500m,OpenStreetMap Overpass API
KOH_LOC_010,Peducha,KOH_00694,1834.66,nearest_centroid_max_2500m,OpenStreetMap Overpass API
KOH_LOC_010,Peducha,KOH_00695,1893.49,nearest_centroid_max_2500m,OpenStreetMap Overpass API
KOH_LOC_010,Peducha,KOH_00696,2075.79,nearest_centroid_max_2500m,OpenStreetMap Overpass API
KOH_LOC_010,Peducha,KOH_00697,2353.03,nearest_centroid_max_2500m,OpenStreetMap Overpass API
KOH_LOC_082,Mengujuma,KOH_00698,2036.5,nearest_centroid_max_2500m,OpenStreetMap Overpass API
KOH_LOC_082,Mengujuma,KOH_00699,1731.78,nearest_centroid_max_2500m,OpenStreetMap Overpass API
KOH_LOC_082,Mengujuma,KOH_00700,1534.52,nearest_centroid_max_2500m,OpenStreetMap Overpass API
KOH_LOC_082,Mengujuma,KOH_00701,1488.16,nearest_centroid_max_2500m,OpenStreetMap Overpass API
KOH_LOC_082,Mengujuma,KOH_00702,1605.78,nearest_centroid_max_2500m,OpenStreetMap Overpass API
KOH_LOC_082,Mengujuma,KOH_00703,1856.35,nearest_centroid_max_2500m,OpenStreetMap Overpass API
KOH_LOC_082,Mengujuma,KOH_00704,2195.02,nearest_centroid_max_2500m,OpenStreetMap Overpass API
KOH_LOC_072,Viphoma,KOH_00713,2479.43,nearest_centroid_max_2500m,OpenStreetMap Overpass API
KOH_LOC_072,Viphoma,KOH_00714,2091.59,nearest_centroid_max_2500m,OpenStreetMap Overpass API
KOH_LOC_072,Viphoma,KOH_00715,1899.51,nearest_centroid_max_2500m,OpenStreetMap Overpass API
KOH_LOC_072,Viphoma,KOH_00716,2118.43,nearest_centroid_max_2500m,OpenStreetMap Overpass API
KOH_LOC_072,Viphoma,KOH_00717,2452.17,nearest_centroid_max_2500m,OpenStreetMap Overpass API
KOH_LOC_005,Mezoma,KOH_00753,2455.57,nearest_centroid_max_2500m,OpenStreetMap Overpass API
KOH_LOC_005,Mezoma,KOH_00754,2464.81,nearest_centroid_max_2500m,OpenStreetMap Overpass API
KOH_LOC_010,Peducha,KOH_00764,2438.34,nearest_centroid_max_2500m,OpenStreetMap Overpass API
KOH_LOC_010,Peducha,KOH_00765,2036.93,nearest_centroid_max_2500m,OpenStreetMap Overpass API
KOH_LOC_010,Peducha,KOH_00766,1690.06,nearest_centroid_max_2500m,OpenStreetMap Overpass API
KOH_LOC_010,Peducha,KOH_00767,1438.07,nearest_centroid_max_2500m,OpenStreetMap Overpass API
KOH_LOC_010,Peducha,KOH_00768,1335.45,nearest_centroid_max_2500m,OpenStreetMap Overpass API
KOH_LOC_010,Peducha,KOH_00769,1415.3,nearest_centroid_max_2500m,OpenStreetMap Overpass API
KOH_LOC_010,Peducha,KOH_00770,1651.18,nearest_centroid_max_2500m,OpenStreetMap Overpass API
KOH_LOC_010,Peducha,KOH_00771,1988.51,nearest_centroid_max_2500m,OpenStreetMap Overpass API
KOH_LOC_082,Mengujuma,KOH_00772,1707.32,nearest_centroid_max_2500m,OpenStreetMap Overpass API
KOH_LOC_082,Mengujuma,KOH_00773,1329.08,nearest_centroid_max_2500m,OpenStreetMap Overpass API
KOH_LOC_082,Mengujuma,KOH_00774,1059.43,nearest_centroid_max_2500m,OpenStreetMap Overpass API
KOH_LOC_082,Mengujuma,KOH_00775,990.97,nearest_centroid_max_2500m,OpenStreetMap Overpass API
KOH_LOC_082,Mengujuma,KOH_00776,1160.12,nearest_centroid_max_2500m,OpenStreetMap Overpass API
KOH_LOC_082,Mengujuma,KOH_00777,1487.76,nearest_centroid_max_2500m,OpenStreetMap Overpass API
KOH_LOC_082,Mengujuma,KOH_00778,1893.47,nearest_centroid_max_2500m,OpenStreetMap Overpass API
KOH_LOC_082,Mengujuma,KOH_00779,2336.86,nearest_centroid_max_2500m,OpenStreetMap Overpass API
KOH_LOC_072,Viphoma,KOH_00787,2231.1,nearest_centroid_max_2500m,OpenStreetMap Overpass API
KOH_LOC_072,Viphoma,KOH_00788,1843.38,nearest_centroid_max_2500m,OpenStreetMap Overpass API
KOH_LOC_072,Viphoma,KOH_00789,1445.05,nearest_centroid_max_2500m,OpenStreetMap Overpass API
KOH_LOC_072,Viphoma,KOH_00790,1226.19,nearest_centroid_max_2500m,OpenStreetMap Overpass API
KOH_LOC_072,Viphoma,KOH_00791,1480.01,nearest_centroid_max_2500m,OpenStreetMap Overpass API
KOH_LOC_072,Viphoma,KOH_00792,1748.48,nearest_centroid_max_2500m,OpenStreetMap Overpass API
KOH_LOC_072,Viphoma,KOH_00793,2121.51,nearest_centroid_max_2500m,OpenStreetMap Overpass API
KOH_LOC_001,Khonoma,KOH_00825,2453.59,nearest_centroid_max_2500m,OpenStreetMap Overpass API
KOH_LOC_001,Khonoma,KOH_00826,2373.01,nearest_centroid_max_2500m,OpenStreetMap Overpass API
KOH_LOC_001,Khonoma,KOH_00827,2397.02,nearest_centroid_max_2500m,OpenStreetMap Overpass API
KOH_LOC_005,Mezoma,KOH_00828,2292.62,nearest_centroid_max_2500m,OpenStreetMap Overpass API
KOH_LOC_005,Mezoma,KOH_00829,2072.18,nearest_centroid_max_2500m,OpenStreetMap Overpass API
KOH_LOC_005,Mezoma,KOH_00830,1958.46,nearest_centroid_max_2500m,OpenStreetMap Overpass API
KOH_LOC_005,Mezoma,KOH_00831,1970.16,nearest_centroid_max_2500m,OpenStreetMap Overpass API
KOH_LOC_005,Mezoma,KOH_00832,2105.01,nearest_centroid_max_2500m,OpenStreetMap Overpass API
KOH_LOC_005,Mezoma,KOH_00833,2341.91,nearest_centroid_max_2500m,OpenStreetMap Overpass API
KOH_LOC_008,Kiruphema Bawe,KOH_00839,2424.93,nearest_centroid_max_2500m,OpenStreetMap Overpass API
KOH_LOC_008,Kiruphema Bawe,KOH_00840,2199.37,nearest_centroid_max_2500m,OpenStreetMap Overpass API
KOH_LOC_008,Kiruphema Bawe,KOH_00841,2073.07,nearest_centroid_max_2500m,OpenStreetMap Overpass API
KOH_LOC_010,Peducha,KOH_00842,1750.79,nearest_centroid_max_2500m,OpenStreetMap Overpass API
KOH_LOC_010,Peducha,KOH_00843,1331.37,nearest_centroid_max_2500m,OpenStreetMap Overpass API
KOH_LOC_010,Peducha,KOH_00844,992.09,nearest_centroid_max_2500m,OpenStreetMap Overpass API
KOH_LOC_010,Peducha,KOH_00845,836.46,nearest_centroid_max_2500m,OpenStreetMap Overpass API
KOH_LOC_010,Peducha,KOH_00846,958.7,nearest_centroid_max_2500m,OpenStreetMap Overpass API
KOH_LOC_010,Peducha,KOH_00847,1281.58,nearest_centroid_max_2500m,OpenStreetMap Overpass API
KOH_LOC_010,Peducha,KOH_00848,1694.17,nearest_centroid_max_2500m,OpenStreetMap Overpass API
KOH_LOC_082,Mengujuma,KOH_00849,1476.83,nearest_centroid_max_2500m,OpenStreetMap Overpass API
KOH_LOC_082,Mengujuma,KOH_00850,1016.25,nearest_centroid_max_2500m,OpenStreetMap Overpass API
KOH_LOC_082,Mengujuma,KOH_00851,623.16,nearest_centroid_max_2500m,OpenStreetMap Overpass API
KOH_LOC_082,Mengujuma,KOH_00852,498.08,nearest_centroid_max_2500m,OpenStreetMap Overpass API
KOH_LOC_082,Mengujuma,KOH_00853,782.17,nearest_centroid_max_2500m,OpenStreetMap Overpass API
KOH_LOC_082,Mengujuma,KOH_00854,1216.29,nearest_centroid_max_2500m,OpenStreetMap Overpass API
KOH_LOC_082,Mengujuma,KOH_00855,1688.45,nearest_centroid_max_2500m,OpenStreetMap Overpass API
KOH_LOC_082,Mengujuma,KOH_00856,2174.1,nearest_centroid_max_2500m,OpenStreetMap Overpass API
KOH_LOC_072,Viphoma,KOH_00863,2455.55,nearest_centroid_max_2500m,OpenStreetMap Overpass API
KOH_LOC_072,Viphoma,KOH_00864,1986.28,nearest_centroid_max_2500m,OpenStreetMap Overpass API
KOH_LOC_072,Viphoma,KOH_00865,1537.96,nearest_centroid_max_2500m,OpenStreetMap Overpass API
KOH_LOC_072,Viphoma,KOH_00866,1135.44,nearest_centroid_max_2500m,OpenStreetMap Overpass API
KOH_LOC_072,Viphoma,KOH_00867,828.35,nearest_centroid_max_2500m,OpenStreetMap Overpass API
KOH_LOC_072,Viphoma,KOH_00868,702.48,nearest_centroid_max_2500m,OpenStreetMap Overpass API
KOH_LOC_072,Viphoma,KOH_00869,1078.34,nearest_centroid_max_2500m,OpenStreetMap Overpass API
KOH_LOC_072,Viphoma,KOH_00870,1422.83,nearest_centroid_max_2500m,OpenStreetMap Overpass API
KOH_LOC_072,Viphoma,KOH_00871,1862.29,nearest_centroid_max_2500m,OpenStreetMap Overpass API
KOH_LOC_072,Viphoma,KOH_00872,2327.16,nearest_centroid_max_2500m,OpenStreetMap Overpass API
KOH_LOC_001,Khonoma,KOH_00903,2488.88,nearest_centroid_max_2500m,OpenStreetMap Overpass API
KOH_LOC_001,Khonoma,KOH_00904,2190.27,nearest_centroid_max_2500m,OpenStreetMap Overpass API
KOH_LOC_001,Khonoma,KOH_00905,1975.89,nearest_centroid_max_2500m,OpenStreetMap Overpass API
KOH_LOC_001,Khonoma,KOH_00906,1874.78,nearest_centroid_max_2500m,OpenStreetMap Overpass API
KOH_LOC_001,Khonoma,KOH_00907,1905.11,nearest_centroid_max_2500m,OpenStreetMap Overpass API
KOH_LOC_005,Mezoma,KOH_00908,1886.98,nearest_centroid_max_2500m,OpenStreetMap Overpass API
KOH_LOC_005,Mezoma,KOH_00909,1611.9,nearest_centroid_max_2500m,OpenStreetMap Overpass API
KOH_LOC_005,Mezoma,KOH_00910,1462.95,nearest_centroid_max_2500m,OpenStreetMap Overpass API
KOH_LOC_005,Mezoma,KOH_00911,1478.45,nearest_centroid_max_2500m,OpenStreetMap Overpass API
KOH_LOC_005,Mezoma,KOH_00912,1653.93,nearest_centroid_max_2500m,OpenStreetMap Overpass API
KOH_LOC_005,Mezoma,KOH_00913,1946.54,nearest_centroid_max_2500m,OpenStreetMap Overpass API
KOH_LOC_005,Mezoma,KOH_00914,2312.32,nearest_centroid_max_2500m,OpenStreetMap Overpass API
KOH_LOC_008,Kiruphema Bawe,KOH_00918,2372.18,nearest_centroid_max_2500m,OpenStreetMap Overpass API
KOH_LOC_008,Kiruphema Bawe,KOH_00919,2019.79,nearest_centroid_max_2500m,OpenStreetMap Overpass API
KOH_LOC_008,Kiruphema Bawe,KOH_00920,1742.45,nearest_centroid_max_2500m,OpenStreetMap Overpass API
KOH_LOC_008,Kiruphema Bawe,KOH_00921,1580.06,nearest_centroid_max_2500m,OpenStreetMap Overpass API
KOH_LOC_008,Kiruphema Bawe,KOH_00922,1568.79,nearest_centroid_max_2500m,OpenStreetMap Overpass API
KOH_LOC_010,Peducha,KOH_00923,1089.73,nearest_centroid_max_2500m,OpenStreetMap Overpass API
KOH_LOC_010,Peducha,KOH_00924,631.59,nearest_centroid_max_2500m,OpenStreetMap Overpass API
KOH_LOC_010,Peducha,KOH_00925,338.17,nearest_centroid_max_2500m,OpenStreetMap Overpass API
KOH_LOC_010,Peducha,KOH_00926,577.77,nearest_centroid_max_2500m,OpenStreetMap Overpass API
KOH_LOC_010,Peducha,KOH_00927,1028.2,nearest_centroid_max_2500m,OpenStreetMap Overpass API
KOH_LOC_010,Peducha,KOH_00928,1511.45,nearest_centroid_max_2500m,OpenStreetMap Overpass API
KOH_LOC_082,Mengujuma,KOH_00929,1394.83,nearest_centroid_max_2500m,OpenStreetMap Overpass API
KOH_LOC_082,Mengujuma,KOH_00930,892.92,nearest_centroid_max_2500m,OpenStreetMap Overpass API
KOH_LOC_082,Mengujuma,KOH_00931,391.0,nearest_centroid_max_2500m,OpenStreetMap Overpass API
KOH_LOC_082,Mengujuma,KOH_00932,112.04,nearest_centroid_max_2500m,OpenStreetMap Overpass API
KOH_LOC_082,Mengujuma,KOH_00933,613.29,nearest_centroid_max_2500m,OpenStreetMap Overpass API
KOH_LOC_082,Mengujuma,KOH_00934,1115.28,nearest_centroid_max_2500m,OpenStreetMap Overpass API
KOH_LOC_082,Mengujuma,KOH_00935,1617.21,nearest_centroid_max_2500m,OpenStreetMap Overpass API
KOH_LOC_082,Mengujuma,KOH_00936,2119.14,nearest_centroid_max_2500m,OpenStreetMap Overpass API
KOH_LOC_072,Viphoma,KOH_00943,2344.29,nearest_centroid_max_2500m,OpenStreetMap Overpass API
KOH_LOC_072,Viphoma,KOH_00944,1847.08,nearest_centroid_max_2500m,OpenStreetMap Overpass API
KOH_LOC_072,Viphoma,KOH_00945,1353.26,nearest_centroid_max_2500m,OpenStreetMap Overpass API
KOH_LOC_072,Viphoma,KOH_00946,869.05,nearest_centroid_max_2500m,OpenStreetMap Overpass API
KOH_LOC_072,Viphoma,KOH_00947,427.88,nearest_centroid_max_2500m,OpenStreetMap Overpass API
KOH_LOC_072,Viphoma,KOH_00948,338.92,nearest_centroid_max_2500m,OpenStreetMap Overpass API
KOH_LOC_072,Viphoma,KOH_00949,742.04,nearest_centroid_max_2500m,OpenStreetMap Overpass API
KOH_LOC_072,Viphoma,KOH_00950,1220.75,nearest_centroid_max_2500m,OpenStreetMap Overpass API
KOH_LOC_072,Viphoma,KOH_00951,1712.94,nearest_centroid_max_2500m,OpenStreetMap Overpass API
KOH_LOC_072,Viphoma,KOH_00952,2209.47,nearest_centroid_max_2500m,OpenStreetMap Overpass API
KOH_LOC_028,Ralan,KOH_00971,2234.39,nearest_centroid_max_2500m,OpenStreetMap Overpass API
KOH_LOC_028,Ralan,KOH_00972,2098.58,nearest_centroid_max_2500m,OpenStreetMap Overpass API
KOH_LOC_001,Khonoma,KOH_00991,2139.37,nearest_centroid_max_2500m,OpenStreetMap Overpass API
KOH_LOC_001,Khonoma,KOH_00992,1783.17,nearest_centroid_max_2500m,OpenStreetMap Overpass API
KOH_LOC_001,Khonoma,KOH_00993,1512.08,nearest_centroid_max_2500m,OpenStreetMap Overpass API
KOH_LOC_001,Khonoma,KOH_00994,1377.31,nearest_centroid_max_2500m,OpenStreetMap Overpass API
KOH_LOC_001,Khonoma,KOH_00995,1418.31,nearest_centroid_max_2500m,OpenStreetMap Overpass API
KOH_LOC_005,Mezoma,KOH_00996,1537.46,nearest_centroid_max_2500m,OpenStreetMap Overpass API
KOH_LOC_005,Mezoma,KOH_00997,1183.85,nearest_centroid_max_2500m,OpenStreetMap Overpass API
KOH_LOC_005,Mezoma,KOH_00998,971.13,nearest_centroid_max_2500m,OpenStreetMap Overpass API
KOH_LOC_005,Mezoma,KOH_00999,994.35,nearest_centroid_max_2500m,OpenStreetMap Overpass API
KOH_LOC_005,Mezoma,KOH_01000,1240.28,nearest_centroid_max_2500m,OpenStreetMap Overpass API
KOH_LOC_005,Mezoma,KOH_01001,1609.98,nearest_centroid_max_2500m,OpenStreetMap Overpass API
KOH_LOC_005,Mezoma,KOH_01002,2037.04,nearest_centroid_max_2500m,OpenStreetMap Overpass API
KOH_LOC_005,Mezoma,KOH_01003,2492.27,nearest_centroid_max_2500m,OpenStreetMap Overpass API
KOH_LOC_008,Kiruphema Bawe,KOH_01006,2079.63,nearest_centroid_max_2500m,OpenStreetMap Overpass API
KOH_LOC_008,Kiruphema Bawe,KOH_01007,1666.58,nearest_centroid_max_2500m,OpenStreetMap Overpass API
KOH_LOC_008,Kiruphema Bawe,KOH_01008,1316.76,nearest_centroid_max_2500m,OpenStreetMap Overpass API
KOH_LOC_008,Kiruphema Bawe,KOH_01009,1092.9,nearest_centroid_max_2500m,OpenStreetMap Overpass API
KOH_LOC_008,Kiruphema Bawe,KOH_01010,1076.54,nearest_centroid_max_2500m,OpenStreetMap Overpass API
KOH_LOC_010,Peducha,KOH_01011,1049.16,nearest_centroid_max_2500m,OpenStreetMap Overpass API
KOH_LOC_010,Peducha,KOH_01012,558.74,nearest_centroid_max_2500m,OpenStreetMap Overpass API
KOH_LOC_010,Peducha,KOH_01013,165.92,nearest_centroid_max_2500m,OpenStreetMap Overpass API
KOH_LOC_010,Peducha,KOH_01014,496.89,nearest_centroid_max_2500m,OpenStreetMap Overpass API
KOH_LOC_010,Peducha,KOH_01015,985.08,nearest_centroid_max_2500m,OpenStreetMap Overpass API
KOH_LOC_010,Peducha,KOH_01016,1482.45,nearest_centroid_max_2500m,OpenStreetMap Overpass API
KOH_LOC_082,Mengujuma,KOH_01017,1486.22,nearest_centroid_max_2500m,OpenStreetMap Overpass API
KOH_LOC_082,Mengujuma,KOH_01018,1029.75,nearest_centroid_max_2500m,OpenStreetMap Overpass API
KOH_LOC_082,Mengujuma,KOH_01019,645.0,nearest_centroid_max_2500m,OpenStreetMap Overpass API
KOH_LOC_082,Mengujuma,KOH_01020,524.96,nearest_centroid_max_2500m,OpenStreetMap Overpass API
KOH_LOC_082,Mengujuma,KOH_01021,799.49,nearest_centroid_max_2500m,OpenStreetMap Overpass API
KOH_LOC_082,Mengujuma,KOH_01022,1227.46,nearest_centroid_max_2500m,OpenStreetMap Overpass API
KOH_LOC_082,Mengujuma,KOH_01023,1696.58,nearest_centroid_max_2500m,OpenStreetMap Overpass API
KOH_LOC_082,Mengujuma,KOH_01024,2180.34,nearest_centroid_max_2500m,OpenStreetMap Overpass API
KOH_LOC_072,Viphoma,KOH_01031,2336.8,nearest_centroid_max_2500m,OpenStreetMap Overpass API
KOH_LOC_072,Viphoma,KOH_01032,1837.42,nearest_centroid_max_2500m,OpenStreetMap Overpass API
KOH_LOC_072,Viphoma,KOH_01033,1340.17,nearest_centroid_max_2500m,OpenStreetMap Overpass API
KOH_LOC_072,Viphoma,KOH_01034,848.45,nearest_centroid_max_2500m,OpenStreetMap Overpass API
KOH_LOC_072,Viphoma,KOH_01035,384.15,nearest_centroid_max_2500m,OpenStreetMap Overpass API
KOH_LOC_072,Viphoma,KOH_01036,281.63,nearest_centroid_max_2500m,OpenStreetMap Overpass API
KOH_LOC_072,Viphoma,KOH_01037,717.61,nearest_centroid_max_2500m,OpenStreetMap Overpass API
KOH_LOC_072,Viphoma,KOH_01038,1206.16,nearest_centroid_max_2500m,OpenStreetMap Overpass API
KOH_LOC_072,Viphoma,KOH_01039,1702.47,nearest_centroid_max_2500m,OpenStreetMap Overpass API
KOH_LOC_072,Viphoma,KOH_01040,2201.33,nearest_centroid_max_2500m,OpenStreetMap Overpass API
KOH_LOC_028,Ralan,KOH_01062,2389.51,nearest_centroid_max_2500m,OpenStreetMap Overpass API
KOH_LOC_001,Khonoma,KOH_01080,2314.99,nearest_centroid_max_2500m,OpenStreetMap Overpass API
KOH_LOC_001,Khonoma,KOH_01081,1859.58,nearest_centroid_max_2500m,OpenStreetMap Overpass API
KOH_LOC_001,Khonoma,KOH_01082,1435.39,nearest_centroid_max_2500m,OpenStreetMap Overpass API
KOH_LOC_001,Khonoma,KOH_01083,1080.32,nearest_centroid_max_2500m,OpenStreetMap Overpass API
KOH_LOC_001,Khonoma,KOH_01084,881.9,nearest_centroid_max_2500m,OpenStreetMap Overpass API
KOH_LOC_001,Khonoma,KOH_01085,944.67,nearest_centroid_max_2500m,OpenStreetMap Overpass API
KOH_LOC_001,Khonoma,KOH_01086,1229.22,nearest_centroid_max_2500m,OpenStreetMap Overpass API
KOH_LOC_005,Mezoma,KOH_01087,838.47,nearest_centroid_max_2500m,OpenStreetMap Overpass API
KOH_LOC_005,Mezoma,KOH_01088,494.68,nearest_centroid_max_2500m,OpenStreetMap Overpass API
KOH_LOC_005,Mezoma,KOH_01089,538.75,nearest_centroid_max_2500m,OpenStreetMap Overpass API
KOH_LOC_005,Mezoma,KOH_01090,916.43,nearest_centroid_max_2500m,OpenStreetMap Overpass API
KOH_LOC_005,Mezoma,KOH_01091,1375.98,nearest_centroid_max_2500m,OpenStreetMap Overpass API
KOH_LOC_005,Mezoma,KOH_01092,1857.72,nearest_centroid_max_2500m,OpenStreetMap Overpass API
KOH_LOC_007,Sechuma,KOH_01093,1999.87,nearest_centroid_max_2500m,OpenStreetMap Overpass API
KOH_LOC_007,Sechuma,KOH_01094,2031.29,nearest_centroid_max_2500m,OpenStreetMap Overpass API
KOH_LOC_007,Sechuma,KOH_01095,2181.09,nearest_centroid_max_2500m,OpenStreetMap Overpass API
KOH_LOC_008,Kiruphema Bawe,KOH_01096,1876.51,nearest_centroid_max_2500m,OpenStreetMap Overpass API
KOH_LOC_008,Kiruphema Bawe,KOH_01097,1404.84,nearest_centroid_max_2500m,OpenStreetMap Overpass API
KOH_LOC_008,Kiruphema Bawe,KOH_01098,964.39,nearest_centroid_max_2500m,OpenStreetMap Overpass API
KOH_LOC_008,Kiruphema Bawe,KOH_01099,624.88,nearest_centroid_max_2500m,OpenStreetMap Overpass API
KOH_LOC_008,Kiruphema Bawe,KOH_01100,595.8,nearest_centroid_max_2500m,OpenStreetMap Overpass API
KOH_LOC_081,Kiruphe Basa,KOH_01101,889.63,nearest_centroid_max_2500m,OpenStreetMap Overpass API
KOH_LOC_010,Peducha,KOH_01102,850.81,nearest_centroid_max_2500m,OpenStreetMap Overpass API
KOH_LOC_010,Peducha,KOH_01103,662.74,nearest_centroid_max_2500m,OpenStreetMap Overpass API
KOH_LOC_010,Peducha,KOH_01104,811.52,nearest_centroid_max_2500m,OpenStreetMap Overpass API
KOH_LOC_010,Peducha,KOH_01105,1175.57,nearest_centroid_max_2500m,OpenStreetMap Overpass API
KOH_LOC_010,Peducha,KOH_01106,1615.28,nearest_centroid_max_2500m,OpenStreetMap Overpass API
KOH_LOC_082,Mengujuma,KOH_01107,1723.44,nearest_centroid_max_2500m,OpenStreetMap Overpass API
KOH_LOC_082,Mengujuma,KOH_01108,1349.84,nearest_centroid_max_2500m,OpenStreetMap Overpass API
KOH_LOC_082,Mengujuma,KOH_01109,1085.16,nearest_centroid_max_2500m,OpenStreetMap Overpass API
KOH_LOC_082,Mengujuma,KOH_01110,1018.44,nearest_centroid_max_2500m,OpenStreetMap Overpass API
KOH_LOC_082,Mengujuma,KOH_01111,1183.49,nearest_centroid_max_2500m,OpenStreetMap Overpass API
KOH_LOC_082,Mengujuma,KOH_01112,1506.07,nearest_centroid_max_2500m,OpenStreetMap Overpass API
KOH_LOC_082,Mengujuma,KOH_01113,1907.83,nearest_centroid_max_2500m,OpenStreetMap Overpass API
KOH_LOC_082,Mengujuma,KOH_01114,2348.42,nearest_centroid_max_2500m,OpenStreetMap Overpass API
KOH_LOC_072,Viphoma,KOH_01121,2433.8,nearest_centroid_max_2500m,OpenStreetMap Overpass API
KOH_LOC_072,Viphoma,KOH_01122,1959.44,nearest_centroid_max_2500m,OpenStreetMap Overpass API
KOH_LOC_072,Viphoma,KOH_01123,1503.07,nearest_centroid_max_2500m,OpenStreetMap Overpass API
KOH_LOC_072,Viphoma,KOH_01124,1087.6,nearest_centroid_max_2500m,OpenStreetMap Overpass API
KOH_LOC_072,Viphoma,KOH_01125,781.4,nearest_centroid_max_2500m,OpenStreetMap Overpass API
KOH_LOC_072,Viphoma,KOH_01126,736.44,nearest_centroid_max_2500m,OpenStreetMap Overpass API
KOH_LOC_072,Viphoma,KOH_01127,988.95,nearest_centroid_max_2500m,OpenStreetMap Overpass API
KOH_LOC_072,Viphoma,KOH_01128,1384.81,nearest_centroid_max_2500m,OpenStreetMap Overpass API
KOH_LOC_072,Viphoma,KOH_01129,1833.34,nearest_centroid_max_2500m,OpenStreetMap Overpass API
KOH_LOC_072,Viphoma,KOH_01130,2304.05,nearest_centroid_max_2500m,OpenStreetMap Overpass API
KOH_LOC_028,Ralan,KOH_01154,2465.84,nearest_centroid_max_2500m,OpenStreetMap Overpass API
KOH_LOC_001,Khonoma,KOH_01172,2176.88,nearest_centroid_max_2500m,OpenStreetMap Overpass API
KOH_LOC_001,Khonoma,KOH_01173,1684.49,nearest_centroid_max_2500m,OpenStreetMap Overpass API
KOH_LOC_001,Khonoma,KOH_01174,1199.96,nearest_centroid_max_2500m,OpenStreetMap Overpass API
KOH_LOC_001,Khonoma,KOH_01175,739.31,nearest_centroid_max_2500m,OpenStreetMap Overpass API
KOH_LOC_001,Khonoma,KOH_01176,396.31,nearest_centroid_max_2500m,OpenStreetMap Overpass API
KOH_LOC_001,Khonoma,KOH_01177,521.21,nearest_centroid_max_2500m,OpenStreetMap Overpass API
KOH_LOC_001,Khonoma,KOH_01178,943.59,nearest_centroid_max_2500m,OpenStreetMap Overpass API
KOH_LOC_005,Mezoma,KOH_01179,709.34,nearest_centroid_max_2500m,OpenStreetMap Overpass API
KOH_LOC_005,Mezoma,KOH_01180,211.52,nearest_centroid_max_2500m,OpenStreetMap Overpass API
KOH_LOC_005,Mezoma,KOH_01181,300.47,nearest_centroid_max_2500m,OpenStreetMap Overpass API
KOH_LOC_005,Mezoma,KOH_01182,799.86,nearest_centroid_max_2500m,OpenStreetMap Overpass API
KOH_LOC_005,Mezoma,KOH_01183,1301.33,nearest_centroid_max_2500m,OpenStreetMap Overpass API
KOH_LOC_007,Sechuma,KOH_01184,1622.51,nearest_centroid_max_2500m,OpenStreetMap Overpass API
KOH_LOC_007,Sechuma,KOH_01185,1501.85,nearest_centroid_max_2500m,OpenStreetMap Overpass API
KOH_LOC_007,Sechuma,KOH_01186,1543.56,nearest_centroid_max_2500m,OpenStreetMap Overpass API
KOH_LOC_007,Sechuma,KOH_01187,1735.87,nearest_centroid_max_2500m,OpenStreetMap Overpass API
KOH_LOC_008,Kiruphema Bawe,KOH_01188,1793.27,nearest_centroid_max_2500m,OpenStreetMap Overpass API
KOH_LOC_008,Kiruphema Bawe,KOH_01189,1291.66,nearest_centroid_max_2500m,OpenStreetMap Overpass API
KOH_LOC_008,Kiruphema Bawe,KOH_01190,790.49,nearest_centroid_max_2500m,OpenStreetMap Overpass API
KOH_LOC_008,Kiruphema Bawe,KOH_01191,291.88,nearest_centroid_max_2500m,OpenStreetMap Overpass API
KOH_LOC_008,Kiruphema Bawe,KOH_01192,222.71,nearest_centroid_max_2500m,OpenStreetMap Overpass API
KOH_LOC_081,Kiruphe Basa,KOH_01193,490.98,nearest_centroid_max_2500m,OpenStreetMap Overpass API
KOH_LOC_081,Kiruphe Basa,KOH_01194,939.14,nearest_centroid_max_2500m,OpenStreetMap Overpass API
KOH_LOC_010,Peducha,KOH_01195,1161.72,nearest_centroid_max_2500m,OpenStreetMap Overpass API
KOH_LOC_010,Peducha,KOH_01196,1252.52,nearest_centroid_max_2500m,OpenStreetMap Overpass API
KOH_LOC_010,Peducha,KOH_01197,1513.99,nearest_centroid_max_2500m,OpenStreetMap Overpass API
KOH_LOC_010,Peducha,KOH_01198,1876.03,nearest_centroid_max_2500m,OpenStreetMap Overpass API
KOH_LOC_082,Mengujuma,KOH_01199,2056.87,nearest_centroid_max_2500m,OpenStreetMap Overpass API
KOH_LOC_082,Mengujuma,KOH_01200,1755.61,nearest_centroid_max_2500m,OpenStreetMap Overpass API
KOH_LOC_082,Mengujuma,KOH_01201,1561.33,nearest_centroid_max_2500m,OpenStreetMap Overpass API
KOH_LOC_082,Mengujuma,KOH_01202,1515.63,nearest_centroid_max_2500m,OpenStreetMap Overpass API
KOH_LOC_082,Mengujuma,KOH_01203,1631.17,nearest_centroid_max_2500m,OpenStreetMap Overpass API
KOH_LOC_082,Mengujuma,KOH_01204,1878.33,nearest_centroid_max_2500m,OpenStreetMap Overpass API
KOH_LOC_082,Mengujuma,KOH_01205,2213.51,nearest_centroid_max_2500m,OpenStreetMap Overpass API
KOH_LOC_072,Viphoma,KOH_01214,2191.16,nearest_centroid_max_2500m,OpenStreetMap Overpass API
KOH_LOC_072,Viphoma,KOH_01215,1794.67,nearest_centroid_max_2500m,OpenStreetMap Overpass API
KOH_LOC_072,Viphoma,KOH_01216,1464.39,nearest_centroid_max_2500m,OpenStreetMap Overpass API
KOH_LOC_072,Viphoma,KOH_01217,1253.89,nearest_centroid_max_2500m,OpenStreetMap Overpass API
KOH_LOC_072,Viphoma,KOH_01218,1226.26,nearest_centroid_max_2500m,OpenStreetMap Overpass API
KOH_LOC_072,Viphoma,KOH_01219,1392.65,nearest_centroid_max_2500m,OpenStreetMap Overpass API
KOH_LOC_072,Viphoma,KOH_01220,1696.8,nearest_centroid_max_2500m,OpenStreetMap Overpass API
KOH_LOC_072,Viphoma,KOH_01221,2079.1,nearest_centroid_max_2500m,OpenStreetMap Overpass API
KOH_LOC_071,Phekerkrie Basa,KOH_01225,2284.75,nearest_centroid_max_2500m,OpenStreetMap Overpass API
KOH_LOC_071,Phekerkrie Basa,KOH_01226,2096.33,nearest_centroid_max_2500m,OpenStreetMap Overpass API
KOH_LOC_071,Phekerkrie Basa,KOH_01227,2018.13,nearest_centroid_max_2500m,OpenStreetMap Overpass API
KOH_LOC_071,Phekerkrie Basa,KOH_01228,2062.76,nearest_centroid_max_2500m,OpenStreetMap Overpass API
KOH_LOC_071,Phekerkrie Basa,KOH_01229,2222.89,nearest_centroid_max_2500m,OpenStreetMap Overpass API
KOH_LOC_071,Phekerkrie Basa,KOH_01230,2476.15,nearest_centroid_max_2500m,OpenStreetMap Overpass API
KOH_LOC_028,Ralan,KOH_01251,2292.54,nearest_centroid_max_2500m,OpenStreetMap Overpass API
KOH_LOC_001,Khonoma,KOH_01268,2148.7,nearest_centroid_max_2500m,OpenStreetMap Overpass API
KOH_LOC_001,Khonoma,KOH_01269,1647.79,nearest_centroid_max_2500m,OpenStreetMap Overpass API
KOH_LOC_001,Khonoma,KOH_01270,1147.99,nearest_centroid_max_2500m,OpenStreetMap Overpass API
KOH_LOC_001,Khonoma,KOH_01271,651.53,nearest_centroid_max_2500m,OpenStreetMap Overpass API
KOH_LOC_001,Khonoma,KOH_01272,186.91,nearest_centroid_max_2500m,OpenStreetMap Overpass API
KOH_LOC_001,Khonoma,KOH_01273,386.6,nearest_centroid_max_2500m,OpenStreetMap Overpass API
KOH_LOC_001,Khonoma,KOH_01274,876.39,nearest_centroid_max_2500m,OpenStreetMap Overpass API
KOH_LOC_005,Mezoma,KOH_01275,895.44,nearest_centroid_max_2500m,OpenStreetMap Overpass API
KOH_LOC_005,Mezoma,KOH_01276,585.95,nearest_centroid_max_2500m,OpenStreetMap Overpass API
KOH_LOC_005,Mezoma,KOH_01277,623.55,nearest_centroid_max_2500m,OpenStreetMap Overpass API
KOH_LOC_005,Mezoma,KOH_01278,968.66,nearest_centroid_max_2500m,OpenStreetMap Overpass API
KOH_LOC_006,Mezo Basa,KOH_01279,1015.15,nearest_centroid_max_2500m,OpenStreetMap Overpass API
KOH_LOC_007,Sechuma,KOH_01280,1177.92,nearest_centroid_max_2500m,OpenStreetMap Overpass API
KOH_LOC_007,Sechuma,KOH_01281,1005.21,nearest_centroid_max_2500m,OpenStreetMap Overpass API
KOH_LOC_007,Sechuma,KOH_01282,1066.42,nearest_centroid_max_2500m,OpenStreetMap Overpass API
KOH_LOC_007,Sechuma,KOH_01283,1329.64,nearest_centroid_max_2500m,OpenStreetMap Overpass API
KOH_LOC_007,Sechuma,KOH_01284,1703.84,nearest_centroid_max_2500m,OpenStreetMap Overpass API
KOH_LOC_008,Kiruphema Bawe,KOH_01285,1364.45,nearest_centroid_max_2500m,OpenStreetMap Overpass API
KOH_LOC_008,Kiruphema Bawe,KOH_01286,904.44,nearest_centroid_max_2500m,OpenStreetMap Overpass API
KOH_LOC_008,Kiruphema Bawe,KOH_01287,527.64,nearest_centroid_max_2500m,OpenStreetMap Overpass API
KOH_LOC_081,Kiruphe Basa,KOH_01288,228.49,nearest_centroid_max_2500m,OpenStreetMap Overpass API
KOH_LOC_081,Kiruphe Basa,KOH_01289,434.9,nearest_centroid_max_2500m,OpenStreetMap Overpass API
KOH_LOC_081,Kiruphe Basa,KOH_01290,911.02,nearest_centroid_max_2500m,OpenStreetMap Overpass API
KOH_LOC_081,Kiruphe Basa,KOH_01291,1405.25,nearest_centroid_max_2500m,OpenStreetMap Overpass API
KOH_LOC_010,Peducha,KOH_01292,1725.59,nearest_centroid_max_2500m,OpenStreetMap Overpass API
KOH_LOC_010,Peducha,KOH_01293,1923.7,nearest_centroid_max_2500m,OpenStreetMap Overpass API
KOH_LOC_010,Peducha,KOH_01294,2219.94,nearest_centroid_max_2500m,OpenStreetMap Overpass API
KOH_LOC_082,Mengujuma,KOH_01295,2447.33,nearest_centroid_max_2500m,OpenStreetMap Overpass API
KOH_LOC_082,Mengujuma,KOH_01296,2200.16,nearest_centroid_max_2500m,OpenStreetMap Overpass API
KOH_LOC_082,Mengujuma,KOH_01297,2048.47,nearest_centroid_max_2500m,OpenStreetMap Overpass API
KOH_LOC_082,Mengujuma,KOH_01298,2013.91,nearest_centroid_max_2500m,OpenStreetMap Overpass API
KOH_LOC_082,Mengujuma,KOH_01299,2102.22,nearest_centroid_max_2500m,OpenStreetMap Overpass API
KOH_LOC_082,Mengujuma,KOH_01300,2299.26,nearest_centroid_max_2500m,OpenStreetMap Overpass API
KOH_LOC_072,Viphoma,KOH_01311,2163.61,nearest_centroid_max_2500m,OpenStreetMap Overpass API
KOH_LOC_072,Viphoma,KOH_01312,1898.53,nearest_centroid_max_2500m,OpenStreetMap Overpass API
KOH_LOC_072,Viphoma,KOH_01313,1741.31,nearest_centroid_max_2500m,OpenStreetMap Overpass API
KOH_LOC_072,Viphoma,KOH_01314,1721.57,nearest_centroid_max_2500m,OpenStreetMap Overpass API
KOH_LOC_072,Viphoma,KOH_01315,1843.74,nearest_centroid_max_2500m,OpenStreetMap Overpass API
KOH_LOC_072,Viphoma,KOH_01316,2083.05,nearest_centroid_max_2500m,OpenStreetMap Overpass API
KOH_LOC_072,Viphoma,KOH_01317,2404.7,nearest_centroid_max_2500m,OpenStreetMap Overpass API
KOH_LOC_071,Phekerkrie Basa,KOH_01320,2187.5,nearest_centroid_max_2500m,OpenStreetMap Overpass API
KOH_LOC_071,Phekerkrie Basa,KOH_01321,1858.91,nearest_centroid_max_2500m,OpenStreetMap Overpass API
KOH_LOC_071,Phekerkrie Basa,KOH_01322,1621.67,nearest_centroid_max_2500m,OpenStreetMap Overpass API
KOH_LOC_071,Phekerkrie Basa,KOH_01323,1519.2,nearest_centroid_max_2500m,OpenStreetMap Overpass API
KOH_LOC_071,Phekerkrie Basa,KOH_01324,1578.03,nearest_centroid_max_2500m,OpenStreetMap Overpass API
KOH_LOC_071,Phekerkrie Basa,KOH_01325,1782.21,nearest_centroid_max_2500m,OpenStreetMap Overpass API
KOH_LOC_071,Phekerkrie Basa,KOH_01326,2089.64,nearest_centroid_max_2500m,OpenStreetMap Overpass API
KOH_LOC_071,Phekerkrie Basa,KOH_01327,2461.84,nearest_centroid_max_2500m,OpenStreetMap Overpass API
KOH_LOC_028,Ralan,KOH_01348,2339.58,nearest_centroid_max_2500m,OpenStreetMap Overpass API
KOH_LOC_028,Ralan,KOH_01349,2183.65,nearest_centroid_max_2500m,OpenStreetMap Overpass API
KOH_LOC_001,Khonoma,KOH_01366,2234.59,nearest_centroid_max_2500m,OpenStreetMap Overpass API
KOH_LOC_001,Khonoma,KOH_01367,1758.32,nearest_centroid_max_2500m,OpenStreetMap Overpass API
KOH_LOC_001,Khonoma,KOH_01368,1301.69,nearest_centroid_max_2500m,OpenStreetMap Overpass API
KOH_LOC_001,Khonoma,KOH_01369,894.89,nearest_centroid_max_2500m,OpenStreetMap Overpass API
KOH_LOC_001,Khonoma,KOH_01370,641.33,nearest_centroid_max_2500m,OpenStreetMap Overpass API
KOH_LOC_001,Khonoma,KOH_01371,725.13,nearest_centroid_max_2500m,OpenStreetMap Overpass API
KOH_LOC_001,Khonoma,KOH_01372,1069.77,nearest_centroid_max_2500m,OpenStreetMap Overpass API
KOH_LOC_005,Mezoma,KOH_01373,1264.48,nearest_centroid_max_2500m,OpenStreetMap Overpass API
KOH_LOC_005,Mezoma,KOH_01374,1067.89,nearest_centroid_max_2500m,OpenStreetMap Overpass API
KOH_LOC_006,Mezo Basa,KOH_01375,804.07,nearest_centroid_max_2500m,OpenStreetMap Overpass API
KOH_LOC_006,Mezo Basa,KOH_01376,483.67,nearest_centroid_max_2500m,OpenStreetMap Overpass API
KOH_LOC_006,Mezo Basa,KOH_01377,570.45,nearest_centroid_max_2500m,OpenStreetMap Overpass API
KOH_LOC_007,Sechuma,KOH_01378,800.57,nearest_centroid_max_2500m,OpenStreetMap Overpass API
KOH_LOC_007,Sechuma,KOH_01379,513.5,nearest_centroid_max_2500m,OpenStreetMap Overpass API
KOH_LOC_007,Sechuma,KOH_01380,624.9,nearest_centroid_max_2500m,OpenStreetMap Overpass API
KOH_LOC_007,Sechuma,KOH_01381,1010.6,nearest_centroid_max_2500m,OpenStreetMap Overpass API
KOH_LOC_030,Sechu Zubza,KOH_01382,1313.4,nearest_centroid_max_2500m,OpenStreetMap Overpass API
KOH_LOC_030,Sechu Zubza,KOH_01383,1203.13,nearest_centroid_max_2500m,OpenStreetMap Overpass API
KOH_LOC_008,Kiruphema Bawe,KOH_01384,1228.79,nearest_centroid_max_2500m,OpenStreetMap Overpass API
KOH_LOC_081,Kiruphe Basa,KOH_01385,930.56,nearest_centroid_max_2500m,OpenStreetMap Overpass API
KOH_LOC_081,Kiruphe Basa,KOH_01386,706.29,nearest_centroid_max_2500m,OpenStreetMap Overpass API
KOH_LOC_081,Kiruphe Basa,KOH_01387,797.25,nearest_centroid_max_2500m,OpenStreetMap Overpass API
KOH_LOC_081,Kiruphe Basa,KOH_01388,1129.8,nearest_centroid_max_2500m,OpenStreetMap Overpass API
KOH_LOC_081,Kiruphe Basa,KOH_01389,1556.01,nearest_centroid_max_2500m,OpenStreetMap Overpass API
KOH_LOC_081,Kiruphe Basa,KOH_01390,2017.48,nearest_centroid_max_2500m,OpenStreetMap Overpass API
KOH_LOC_010,Peducha,KOH_01391,2368.11,nearest_centroid_max_2500m,OpenStreetMap Overpass API
KOH_LOC_072,Viphoma,KOH_01410,2358.7,nearest_centroid_max_2500m,OpenStreetMap Overpass API
KOH_LOC_072,Viphoma,KOH_01411,2234.04,nearest_centroid_max_2500m,OpenStreetMap Overpass API
KOH_LOC_072,Viphoma,KOH_01412,2218.67,nearest_centroid_max_2500m,OpenStreetMap Overpass API
KOH_LOC_072,Viphoma,KOH_01413,2314.73,nearest_centroid_max_2500m,OpenStreetMap Overpass API
KOH_LOC_071,Phekerkrie Basa,KOH_01417,2313.7,nearest_centroid_max_2500m,OpenStreetMap Overpass API
KOH_LOC_071,Phekerkrie Basa,KOH_01418,1875.91,nearest_centroid_max_2500m,OpenStreetMap Overpass API
KOH_LOC_071,Phekerkrie Basa,KOH_01419,1479.68,nearest_centroid_max_2500m,OpenStreetMap Overpass API
KOH_LOC_071,Phekerkrie Basa,KOH_01420,1167.8,nearest_centroid_max_2500m,OpenStreetMap Overpass API
KOH_LOC_071,Phekerkrie Basa,KOH_01421,1020.77,nearest_centroid_max_2500m,OpenStreetMap Overpass API
KOH_LOC_071,Phekerkrie Basa,KOH_01422,1106.43,nearest_centroid_max_2500m,OpenStreetMap Overpass API
KOH_LOC_071,Phekerkrie Basa,KOH_01423,1382.15,nearest_centroid_max_2500m,OpenStreetMap Overpass API
KOH_LOC_071,Phekerkrie Basa,KOH_01424,1760.73,nearest_centroid_max_2500m,OpenStreetMap Overpass API
KOH_LOC_071,Phekerkrie Basa,KOH_01425,2189.55,nearest_centroid_max_2500m,OpenStreetMap Overpass API
KOH_LOC_028,Ralan,KOH_01447,2423.32,nearest_centroid_max_2500m,OpenStreetMap Overpass API
KOH_LOC_001,Khonoma,KOH_01461,2422.47,nearest_centroid_max_2500m,OpenStreetMap Overpass API
KOH_LOC_001,Khonoma,KOH_01462,1991.64,nearest_centroid_max_2500m,OpenStreetMap Overpass API
KOH_LOC_001,Khonoma,KOH_01463,1602.89,nearest_centroid_max_2500m,OpenStreetMap Overpass API
KOH_LOC_001,Khonoma,KOH_01464,1294.53,nearest_centroid_max_2500m,OpenStreetMap Overpass API
KOH_LOC_001,Khonoma,KOH_01465,1134.12,nearest_centroid_max_2500m,OpenStreetMap Overpass API
KOH_LOC_001,Khonoma,KOH_01466,1183.51,nearest_centroid_max_2500m,OpenStreetMap Overpass API
KOH_LOC_001,Khonoma,KOH_01467,1421.01,nearest_centroid_max_2500m,OpenStreetMap Overpass API
KOH_LOC_006,Mezo Basa,KOH_01468,1666.52,nearest_centroid_max_2500m,OpenStreetMap Overpass API
KOH_LOC_006,Mezo Basa,KOH_01469,1164.81,nearest_centroid_max_2500m,OpenStreetMap Overpass API
KOH_LOC_006,Mezo Basa,KOH_01470,663.35,nearest_centroid_max_2500m,OpenStreetMap Overpass API
KOH_LOC_006,Mezo Basa,KOH_01471,165.62,nearest_centroid_max_2500m,OpenStreetMap Overpass API
KOH_LOC_006,Mezo Basa,KOH_01472,344.7,nearest_centroid_max_2500m,OpenStreetMap Overpass API
KOH_LOC_007,Sechuma,KOH_01473,626.71,nearest_centroid_max_2500m,OpenStreetMap Overpass API
KOH_LOC_007,Sechuma,KOH_01474,124.76,nearest_centroid_max_2500m,OpenStreetMap Overpass API
KOH_LOC_007,Sechuma,KOH_01475,377.31,nearest_centroid_max_2500m,OpenStreetMap Overpass API
KOH_LOC_007,Sechuma,KOH_01476,879.25,nearest_centroid_max_2500m,OpenStreetMap Overpass API
KOH_LOC_030,Sechu Zubza,KOH_01477,879.38,nearest_centroid_max_2500m,OpenStreetMap Overpass API
KOH_LOC_030,Sechu Zubza,KOH_01478,704.08,nearest_centroid_max_2500m,OpenStreetMap Overpass API
KOH_LOC_030,Sechu Zubza,KOH_01479,849.82,nearest_centroid_max_2500m,OpenStreetMap Overpass API
KOH_LOC_030,Sechu Zubza,KOH_01480,1205.31,nearest_centroid_max_2500m,OpenStreetMap Overpass API
KOH_LOC_081,Kiruphe Basa,KOH_01481,1201.58,nearest_centroid_max_2500m,OpenStreetMap Overpass API
KOH_LOC_081,Kiruphe Basa,KOH_01482,1257.21,nearest_centroid_max_2500m,OpenStreetMap Overpass API
KOH_LOC_081,Kiruphe Basa,KOH_01483,1490.45,nearest_centroid_max_2500m,OpenStreetMap Overpass API
KOH_LOC_081,Kiruphe Basa,KOH_01484,1834.77,nearest_centroid_max_2500m,OpenStreetMap Overpass API
KOH_LOC_081,Kiruphe Basa,KOH_01485,2239.42,nearest_centroid_max_2500m,OpenStreetMap Overpass API
KOH_LOC_070,Phekerkrie Bawe,KOH_01509,2410.7,nearest_centroid_max_2500m,OpenStreetMap Overpass API
KOH_LOC_070,Phekerkrie Bawe,KOH_01510,2215.85,nearest_centroid_max_2500m,OpenStreetMap Overpass API
KOH_LOC_070,Phekerkrie Bawe,KOH_01511,2124.13,nearest_centroid_max_2500m,OpenStreetMap Overpass API
KOH_LOC_071,Phekerkrie Basa,KOH_01512,2141.37,nearest_centroid_max_2500m,OpenStreetMap Overpass API
KOH_LOC_071,Phekerkrie Basa,KOH_01513,1658.87,nearest_centroid_max_2500m,OpenStreetMap Overpass API
KOH_LOC_071,Phekerkrie Basa,KOH_01514,1192.5,nearest_centroid_max_2500m,OpenStreetMap Overpass API
KOH_LOC_071,Phekerkrie Basa,KOH_01515,772.11,nearest_centroid_max_2500m,OpenStreetMap Overpass API
KOH_LOC_071,Phekerkrie Basa,KOH_01516,523.82,nearest_centroid_max_2500m,OpenStreetMap Overpass API
KOH_LOC_071,Phekerkrie Basa,KOH_01517,675.59,nearest_centroid_max_2500m,OpenStreetMap Overpass API
KOH_LOC_071,Phekerkrie Basa,KOH_01518,1068.86,nearest_centroid_max_2500m,OpenStreetMap Overpass API
KOH_LOC_071,Phekerkrie Basa,KOH_01519,1527.3,nearest_centroid_max_2500m,OpenStreetMap Overpass API
KOH_LOC_071,Phekerkrie Basa,KOH_01520,2006.64,nearest_centroid_max_2500m,OpenStreetMap Overpass API
KOH_LOC_071,Phekerkrie Basa,KOH_01521,2494.89,nearest_centroid_max_2500m,OpenStreetMap Overpass API
KOH_LOC_001,Khonoma,KOH_01558,2310.98,nearest_centroid_max_2500m,OpenStreetMap Overpass API
KOH_LOC_001,Khonoma,KOH_01559,1985.67,nearest_centroid_max_2500m,OpenStreetMap Overpass API
KOH_LOC_001,Khonoma,KOH_01560,1746.24,nearest_centroid_max_2500m,OpenStreetMap Overpass API
KOH_LOC_001,Khonoma,KOH_01561,1630.88,nearest_centroid_max_2500m,OpenStreetMap Overpass API
KOH_LOC_001,Khonoma,KOH_01562,1665.57,nearest_centroid_max_2500m,OpenStreetMap Overpass API
KOH_LOC_001,Khonoma,KOH_01563,1841.86,nearest_centroid_max_2500m,OpenStreetMap Overpass API
KOH_LOC_006,Mezo Basa,KOH_01564,1751.94,nearest_centroid_max_2500m,OpenStreetMap Overpass API
KOH_LOC_006,Mezo Basa,KOH_01565,1284.04,nearest_centroid_max_2500m,OpenStreetMap Overpass API
KOH_LOC_006,Mezo Basa,KOH_01566,855.65,nearest_centroid_max_2500m,OpenStreetMap Overpass API
KOH_LOC_006,Mezo Basa,KOH_01567,565.13,nearest_centroid_max_2500m,OpenStreetMap Overpass API
KOH_LOC_006,Mezo Basa,KOH_01568,640.84,nearest_centroid_max_2500m,OpenStreetMap Overpass API
KOH_LOC_007,Sechuma,KOH_01569,801.97,nearest_centroid_max_2500m,OpenStreetMap Overpass API
KOH_LOC_007,Sechuma,KOH_01570,515.7,nearest_centroid_max_2500m,OpenStreetMap Overpass API
KOH_LOC_007,Sechuma,KOH_01571,626.61,nearest_centroid_max_2500m,OpenStreetMap Overpass API
KOH_LOC_007,Sechuma,KOH_01572,1011.65,nearest_centroid_max_2500m,OpenStreetMap Overpass API
KOH_LOC_030,Sechu Zubza,KOH_01573,565.66,nearest_centroid_max_2500m,OpenStreetMap Overpass API
KOH_LOC_030,Sechu Zubza,KOH_01574,205.87,nearest_centroid_max_2500m,OpenStreetMap Overpass API
KOH_LOC_030,Sechu Zubza,KOH_01575,518.5,nearest_centroid_max_2500m,OpenStreetMap Overpass API
KOH_LOC_030,Sechu Zubza,KOH_01576,999.61,nearest_centroid_max_2500m,OpenStreetMap Overpass API
KOH_LOC_030,Sechu Zubza,KOH_01577,1494.49,nearest_centroid_max_2500m,OpenStreetMap Overpass API
KOH_LOC_081,Kiruphe Basa,KOH_01578,1739.02,nearest_centroid_max_2500m,OpenStreetMap Overpass API
KOH_LOC_081,Kiruphe Basa,KOH_01579,1914.45,nearest_centroid_max_2500m,OpenStreetMap Overpass API
KOH_LOC_081,Kiruphe Basa,KOH_01580,2193.16,nearest_centroid_max_2500m,OpenStreetMap Overpass API
KOH_LOC_070,Phekerkrie Bawe,KOH_01604,2313.09,nearest_centroid_max_2500m,OpenStreetMap Overpass API
KOH_LOC_070,Phekerkrie Bawe,KOH_01605,1986.18,nearest_centroid_max_2500m,OpenStreetMap Overpass API
KOH_LOC_070,Phekerkrie Bawe,KOH_01606,1744.38,nearest_centroid_max_2500m,OpenStreetMap Overpass API
KOH_LOC_070,Phekerkrie Bawe,KOH_01607,1626.45,nearest_centroid_max_2500m,OpenStreetMap Overpass API
KOH_LOC_070,Phekerkrie Bawe,KOH_01608,1658.73,nearest_centroid_max_2500m,OpenStreetMap Overpass API
KOH_LOC_071,Phekerkrie Basa,KOH_01609,1575.74,nearest_centroid_max_2500m,OpenStreetMap Overpass API
KOH_LOC_071,Phekerkrie Basa,KOH_01610,1073.74,nearest_centroid_max_2500m,OpenStreetMap Overpass API
KOH_LOC_071,Phekerkrie Basa,KOH_01611,571.95,nearest_centroid_max_2500m,OpenStreetMap Overpass API
KOH_LOC_071,Phekerkrie Basa,KOH_01612,72.43,nearest_centroid_max_2500m,OpenStreetMap Overpass API
KOH_LOC_071,Phekerkrie Basa,KOH_01613,432.75,nearest_centroid_max_2500m,OpenStreetMap Overpass API
KOH_LOC_071,Phekerkrie Basa,KOH_01614,934.57,nearest_centroid_max_2500m,OpenStreetMap Overpass API
KOH_LOC_071,Phekerkrie Basa,KOH_01615,1436.44,nearest_centroid_max_2500m,OpenStreetMap Overpass API
KOH_LOC_071,Phekerkrie Basa,KOH_01616,1938.36,nearest_centroid_max_2500m,OpenStreetMap Overpass API
KOH_LOC_071,Phekerkrie Basa,KOH_01617,2440.28,nearest_centroid_max_2500m,OpenStreetMap Overpass API
KOH_LOC_001,Khonoma,KOH_01655,2411.41,nearest_centroid_max_2500m,OpenStreetMap Overpass API
KOH_LOC_001,Khonoma,KOH_01656,2218.35,nearest_centroid_max_2500m,OpenStreetMap Overpass API
KOH_LOC_001,Khonoma,KOH_01657,2128.71,nearest_centroid_max_2500m,OpenStreetMap Overpass API
KOH_LOC_001,Khonoma,KOH_01658,2155.47,nearest_centroid_max_2500m,OpenStreetMap Overpass API
KOH_LOC_001,Khonoma,KOH_01659,2294.42,nearest_centroid_max_2500m,OpenStreetMap Overpass API
KOH_LOC_006,Mezo Basa,KOH_01660,1964.7,nearest_centroid_max_2500m,OpenStreetMap Overpass API
KOH_LOC_006,Mezo Basa,KOH_01661,1561.91,nearest_centroid_max_2500m,OpenStreetMap Overpass API
KOH_LOC_006,Mezo Basa,KOH_01662,1233.95,nearest_centroid_max_2500m,OpenStreetMap Overpass API
KOH_LOC_006,Mezo Basa,KOH_01663,1053.51,nearest_centroid_max_2500m,OpenStreetMap Overpass API
KOH_LOC_006,Mezo Basa,KOH_01664,1096.05,nearest_centroid_max_2500m,OpenStreetMap Overpass API
KOH_LOC_007,Sechuma,KOH_01665,1179.89,nearest_centroid_max_2500m,OpenStreetMap Overpass API
KOH_LOC_007,Sechuma,KOH_01666,1007.37,nearest_centroid_max_2500m,OpenStreetMap Overpass API
KOH_LOC_007,Sechuma,KOH_01667,1068.47,nearest_centroid_max_2500m,OpenStreetMap Overpass API
KOH_LOC_030,Sechu Zubza,KOH_01668,1070.91,nearest_centroid_max_2500m,OpenStreetMap Overpass API
KOH_LOC_030,Sechu Zubza,KOH_01669,604.37,nearest_centroid_max_2500m,OpenStreetMap Overpass API
KOH_LOC_030,Sechu Zubza,KOH_01670,296.05,nearest_centroid_max_2500m,OpenStreetMap Overpass API
KOH_LOC_030,Sechu Zubza,KOH_01671,560.35,nearest_centroid_max_2500m,OpenStreetMap Overpass API
KOH_LOC_030,Sechu Zubza,KOH_01672,1021.99,nearest_centroid_max_2500m,OpenStreetMap Overpass API
KOH_LOC_030,Sechu Zubza,KOH_01673,1509.57,nearest_centroid_max_2500m,OpenStreetMap Overpass API
KOH_LOC_030,Sechu Zubza,KOH_01674,2004.24,nearest_centroid_max_2500m,OpenStreetMap Overpass API
KOH_LOC_081,Kiruphe Basa,KOH_01675,2367.97,nearest_centroid_max_2500m,OpenStreetMap Overpass API
KOH_LOC_073,Zhadima,KOH_01685,2410.24,nearest_centroid_max_2500m,OpenStreetMap Overpass API
KOH_LOC_073,Zhadima,KOH_01686,2172.76,nearest_centroid_max_2500m,OpenStreetMap Overpass API
KOH_LOC_073,Zhadima,KOH_01687,2033.71,nearest_centroid_max_2500m,OpenStreetMap Overpass API
KOH_LOC_073,Zhadima,KOH_01688,2013.82,nearest_centroid_max_2500m,OpenStreetMap Overpass API
KOH_LOC_073,Zhadima,KOH_01689,2116.25,nearest_centroid_max_2500m,OpenStreetMap Overpass API
KOH_LOC_073,Zhadima,KOH_01690,2325.05,nearest_centroid_max_2500m,OpenStreetMap Overpass API
KOH_LOC_070,Phekerkrie Bawe,KOH_01699,2427.34,nearest_centroid_max_2500m,OpenStreetMap Overpass API
KOH_LOC_070,Phekerkrie Bawe,KOH_01700,1995.57,nearest_centroid_max_2500m,OpenStreetMap Overpass API
KOH_LOC_070,Phekerkrie Bawe,KOH_01701,1605.15,nearest_centroid_max_2500m,OpenStreetMap Overpass API
KOH_LOC_070,Phekerkrie Bawe,KOH_01702,1294.13,nearest_centroid_max_2500m,OpenStreetMap Overpass API
KOH_LOC_070,Phekerkrie Bawe,KOH_01703,1130.02,nearest_centroid_max_2500m,OpenStreetMap Overpass API
KOH_LOC_070,Phekerkrie Bawe,KOH_01704,1176.11,nearest_centroid_max_2500m,OpenStreetMap Overpass API
KOH_LOC_070,Phekerkrie Bawe,KOH_01705,1411.88,nearest_centroid_max_2500m,OpenStreetMap Overpass API
KOH_LOC_071,Phekerkrie Basa,KOH_01706,1175.79,nearest_centroid_max_2500m,OpenStreetMap Overpass API
KOH_LOC_071,Phekerkrie Basa,KOH_01707,746.03,nearest_centroid_max_2500m,OpenStreetMap Overpass API
KOH_LOC_071,Phekerkrie Basa,KOH_01708,484.4,nearest_centroid_max_2500m,OpenStreetMap Overpass API
KOH_LOC_071,Phekerkrie Basa,KOH_01709,645.55,nearest_centroid_max_2500m,OpenStreetMap Overpass API
KOH_LOC_071,Phekerkrie Basa,KOH_01710,1050.12,nearest_centroid_max_2500m,OpenStreetMap Overpass API
KOH_LOC_071,Phekerkrie Basa,KOH_01711,1514.12,nearest_centroid_max_2500m,OpenStreetMap Overpass API
KOH_LOC_071,Phekerkrie Basa,KOH_01712,1996.59,nearest_centroid_max_2500m,OpenStreetMap Overpass API
KOH_LOC_071,Phekerkrie Basa,KOH_01713,2486.9,nearest_centroid_max_2500m,OpenStreetMap Overpass API
KOH_LOC_009,Jotsoma,KOH_01754,2346.85,nearest_centroid_max_2500m,OpenStreetMap Overpass API
KOH_LOC_009,Jotsoma,KOH_01755,1967.92,nearest_centroid_max_2500m,OpenStreetMap Overpass API
KOH_LOC_009,Jotsoma,KOH_01756,1655.71,nearest_centroid_max_2500m,OpenStreetMap Overpass API
KOH_LOC_009,Jotsoma,KOH_01757,1454.01,nearest_centroid_max_2500m,OpenStreetMap Overpass API
KOH_LOC_009,Jotsoma,KOH_01758,1410.93,nearest_centroid_max_2500m,OpenStreetMap Overpass API
KOH_LOC_009,Jotsoma,KOH_01759,1540.01,nearest_centroid_max_2500m,OpenStreetMap Overpass API
KOH_LOC_006,Mezo Basa,KOH_01760,1578.07,nearest_centroid_max_2500m,OpenStreetMap Overpass API
KOH_LOC_007,Sechuma,KOH_01761,1624.68,nearest_centroid_max_2500m,OpenStreetMap Overpass API
KOH_LOC_007,Sechuma,KOH_01762,1504.1,nearest_centroid_max_2500m,OpenStreetMap Overpass API
KOH_LOC_007,Sechuma,KOH_01763,1545.58,nearest_centroid_max_2500m,OpenStreetMap Overpass API
KOH_LOC_030,Sechu Zubza,KOH_01764,1300.3,nearest_centroid_max_2500m,OpenStreetMap Overpass API
KOH_LOC_030,Sechu Zubza,KOH_01765,953.38,nearest_centroid_max_2500m,OpenStreetMap Overpass API
KOH_LOC_030,Sechu Zubza,KOH_01766,794.61,nearest_centroid_max_2500m,OpenStreetMap Overpass API
KOH_LOC_030,Sechu Zubza,KOH_01767,926.07,nearest_centroid_max_2500m,OpenStreetMap Overpass API
KOH_LOC_030,Sechu Zubza,KOH_01768,1260.2,nearest_centroid_max_2500m,OpenStreetMap Overpass API
KOH_LOC_030,Sechu Zubza,KOH_01769,1680.0,nearest_centroid_max_2500m,OpenStreetMap Overpass API
KOH_LOC_030,Sechu Zubza,KOH_01770,2135.52,nearest_centroid_max_2500m,OpenStreetMap Overpass API
KOH_LOC_073,Zhadima,KOH_01780,2376.51,nearest_centroid_max_2500m,OpenStreetMap Overpass API
KOH_LOC_073,Zhadima,KOH_01781,2013.74,nearest_centroid_max_2500m,OpenStreetMap Overpass API
KOH_LOC_073,Zhadima,KOH_01782,1722.41,nearest_centroid_max_2500m,OpenStreetMap Overpass API
KOH_LOC_073,Zhadima,KOH_01783,1543.31,nearest_centroid_max_2500m,OpenStreetMap Overpass API
KOH_LOC_073,Zhadima,KOH_01784,1516.9,nearest_centroid_max_2500m,OpenStreetMap Overpass API
KOH_LOC_073,Zhadima,KOH_01785,1650.57,nearest_centroid_max_2500m,OpenStreetMap Overpass API
KOH_LOC_073,Zhadima,KOH_01786,1910.86,nearest_centroid_max_2500m,OpenStreetMap Overpass API
KOH_LOC_073,Zhadima,KOH_01787,2254.48,nearest_centroid_max_2500m,OpenStreetMap Overpass API
KOH_LOC_070,Phekerkrie Bawe,KOH_01795,2241.06,nearest_centroid_max_2500m,OpenStreetMap Overpass API
KOH_LOC_070,Phekerkrie Bawe,KOH_01796,1764.32,nearest_centroid_max_2500m,OpenStreetMap Overpass API
KOH_LOC_070,Phekerkrie Bawe,KOH_01797,1306.46,nearest_centroid_max_2500m,OpenStreetMap Overpass API
KOH_LOC_070,Phekerkrie Bawe,KOH_01798,897.28,nearest_centroid_max_2500m,OpenStreetMap Overpass API
KOH_LOC_070,Phekerkrie Bawe,KOH_01799,638.19,nearest_centroid_max_2500m,OpenStreetMap Overpass API
KOH_LOC_070,Phekerkrie Bawe,KOH_01800,716.5,nearest_centroid_max_2500m,OpenStreetMap Overpass API
KOH_LOC_070,Phekerkrie Bawe,KOH_01801,1059.98,nearest_centroid_max_2500m,OpenStreetMap Overpass API
KOH_LOC_071,Phekerkrie Basa,KOH_01802,1452.76,nearest_centroid_max_2500m,OpenStreetMap Overpass API
KOH_LOC_071,Phekerkrie Basa,KOH_01803,1133.42,nearest_centroid_max_2500m,OpenStreetMap Overpass API
KOH_LOC_071,Phekerkrie Basa,KOH_01804,981.16,nearest_centroid_max_2500m,OpenStreetMap Overpass API
KOH_LOC_071,Phekerkrie Basa,KOH_01805,1069.82,nearest_centroid_max_2500m,OpenStreetMap Overpass API
KOH_LOC_071,Phekerkrie Basa,KOH_01806,1352.95,nearest_centroid_max_2500m,OpenStreetMap Overpass API
KOH_LOC_071,Phekerkrie Basa,KOH_01807,1737.91,nearest_centroid_max_2500m,OpenStreetMap Overpass API
KOH_LOC_071,Phekerkrie Basa,KOH_01808,2171.2,nearest_centroid_max_2500m,OpenStreetMap Overpass API
KOH_LOC_009,Jotsoma,KOH_01852,2086.66,nearest_centroid_max_2500m,OpenStreetMap Overpass API
KOH_LOC_009,Jotsoma,KOH_01853,1648.97,nearest_centroid_max_2500m,OpenStreetMap Overpass API
KOH_LOC_009,Jotsoma,KOH_01854,1259.99,nearest_centroid_max_2500m,OpenStreetMap Overpass API
KOH_LOC_009,Jotsoma,KOH_01855,979.94,nearest_centroid_max_2500m,OpenStreetMap Overpass API
KOH_LOC_009,Jotsoma,KOH_01856,914.92,nearest_centroid_max_2500m,OpenStreetMap Overpass API
KOH_LOC_009,Jotsoma,KOH_01857,1103.51,nearest_centroid_max_2500m,OpenStreetMap Overpass API
KOH_LOC_009,Jotsoma,KOH_01858,1449.92,nearest_centroid_max_2500m,OpenStreetMap Overpass API
KOH_LOC_009,Jotsoma,KOH_01859,1868.39,nearest_centroid_max_2500m,OpenStreetMap Overpass API
KOH_LOC_007,Sechuma,KOH_01860,2002.03,nearest_centroid_max_2500m,OpenStreetMap Overpass API
KOH_LOC_030,Sechu Zubza,KOH_01861,2004.68,nearest_centroid_max_2500m,OpenStreetMap Overpass API
KOH_LOC_030,Sechu Zubza,KOH_01862,1653.24,nearest_centroid_max_2500m,OpenStreetMap Overpass API
KOH_LOC_030,Sechu Zubza,KOH_01863,1396.86,nearest_centroid_max_2500m,OpenStreetMap Overpass API
KOH_LOC_030,Sechu Zubza,KOH_01864,1293.69,nearest_centroid_max_2500m,OpenStreetMap Overpass API
KOH_LOC_030,Sechu Zubza,KOH_01865,1378.38,nearest_centroid_max_2500m,OpenStreetMap Overpass API
KOH_LOC_030,Sechu Zubza,KOH_01866,1621.84,nearest_centroid_max_2500m,OpenStreetMap Overpass API
KOH_LOC_030,Sechu Zubza,KOH_01867,1965.79,nearest_centroid_max_2500m,OpenStreetMap Overpass API
KOH_LOC_030,Sechu Zubza,KOH_01868,2366.96,nearest_centroid_max_2500m,OpenStreetMap Overpass API
KOH_LOC_073,Zhadima,KOH_01878,2095.73,nearest_centroid_max_2500m,OpenStreetMap Overpass API
KOH_LOC_073,Zhadima,KOH_01879,1673.16,nearest_centroid_max_2500m,OpenStreetMap Overpass API
KOH_LOC_073,Zhadima,KOH_01880,1308.04,nearest_centroid_max_2500m,OpenStreetMap Overpass API
KOH_LOC_073,Zhadima,KOH_01881,1061.17,nearest_centroid_max_2500m,OpenStreetMap Overpass API
KOH_LOC_073,Zhadima,KOH_01882,1022.4,nearest_centroid_max_2500m,OpenStreetMap Overpass API
KOH_LOC_073,Zhadima,KOH_01883,1211.79,nearest_centroid_max_2500m,OpenStreetMap Overpass API
KOH_LOC_073,Zhadima,KOH_01884,1547.73,nearest_centroid_max_2500m,OpenStreetMap Overpass API
KOH_LOC_073,Zhadima,KOH_01885,1956.21,nearest_centroid_max_2500m,OpenStreetMap Overpass API
KOH_LOC_073,Zhadima,KOH_01886,2400.36,nearest_centroid_max_2500m,OpenStreetMap Overpass API
KOH_LOC_070,Phekerkrie Bawe,KOH_01893,2156.69,nearest_centroid_max_2500m,OpenStreetMap Overpass API
KOH_LOC_070,Phekerkrie Bawe,KOH_01894,1655.79,nearest_centroid_max_2500m,OpenStreetMap Overpass API
KOH_LOC_070,Phekerkrie Bawe,KOH_01895,1155.8,nearest_centroid_max_2500m,OpenStreetMap Overpass API
KOH_LOC_070,Phekerkrie Bawe,KOH_01896,658.7,nearest_centroid_max_2500m,OpenStreetMap Overpass API
KOH_LOC_070,Phekerkrie Bawe,KOH_01897,189.87,nearest_centroid_max_2500m,OpenStreetMap Overpass API
KOH_LOC_070,Phekerkrie Bawe,KOH_01898,377.0,nearest_centroid_max_2500m,OpenStreetMap Overpass API
KOH_LOC_070,Phekerkrie Bawe,KOH_01899,867.23,nearest_centroid_max_2500m,OpenStreetMap Overpass API
KOH_LOC_070,Phekerkrie Bawe,KOH_01900,1366.12,nearest_centroid_max_2500m,OpenStreetMap Overpass API
KOH_LOC_071,Phekerkrie Basa,KOH_01901,1584.64,nearest_centroid_max_2500m,OpenStreetMap Overpass API
KOH_LOC_071,Phekerkrie Basa,KOH_01902,1479.54,nearest_centroid_max_2500m,OpenStreetMap Overpass API
KOH_LOC_071,Phekerkrie Basa,KOH_01903,1539.78,nearest_centroid_max_2500m,OpenStreetMap Overpass API
KOH_LOC_071,Phekerkrie Basa,KOH_01904,1748.4,nearest_centroid_max_2500m,OpenStreetMap Overpass API
KOH_LOC_071,Phekerkrie Basa,KOH_01905,2060.75,nearest_centroid_max_2500m,OpenStreetMap Overpass API
KOH_LOC_071,Phekerkrie Basa,KOH_01906,2437.29,nearest_centroid_max_2500m,OpenStreetMap Overpass API
KOH_LOC_011,Phezhu,KOH_01950,2328.16,nearest_centroid_max_2500m,OpenStreetMap Overpass API
KOH_LOC_009,Jotsoma,KOH_01951,1923.31,nearest_centroid_max_2500m,OpenStreetMap Overpass API
KOH_LOC_009,Jotsoma,KOH_01952,1436.63,nearest_centroid_max_2500m,OpenStreetMap Overpass API
KOH_LOC_009,Jotsoma,KOH_01953,965.61,nearest_centroid_max_2500m,OpenStreetMap Overpass API
KOH_LOC_009,Jotsoma,KOH_01954,552.38,nearest_centroid_max_2500m,OpenStreetMap Overpass API
KOH_LOC_009,Jotsoma,KOH_01955,426.31,nearest_centroid_max_2500m,OpenStreetMap Overpass API
KOH_LOC_009,Jotsoma,KOH_01956,749.94,nearest_centroid_max_2500m,OpenStreetMap Overpass API
KOH_LOC_009,Jotsoma,KOH_01957,1202.89,nearest_centroid_max_2500m,OpenStreetMap Overpass API
KOH_LOC_009,Jotsoma,KOH_01958,1683.86,nearest_centroid_max_2500m,OpenStreetMap Overpass API
KOH_LOC_009,Jotsoma,KOH_01959,2174.47,nearest_centroid_max_2500m,OpenStreetMap Overpass API
KOH_LOC_030,Sechu Zubza,KOH_01960,2357.84,nearest_centroid_max_2500m,OpenStreetMap Overpass API
KOH_LOC_030,Sechu Zubza,KOH_01961,2067.32,nearest_centroid_max_2500m,OpenStreetMap Overpass API
KOH_LOC_030,Sechu Zubza,KOH_01962,1868.69,nearest_centroid_max_2500m,OpenStreetMap Overpass API
KOH_LOC_030,Sechu Zubza,KOH_01963,1792.86,nearest_centroid_max_2500m,OpenStreetMap Overpass API
KOH_LOC_030,Sechu Zubza,KOH_01964,1854.88,nearest_centroid_max_2500m,OpenStreetMap Overpass API
KOH_LOC_030,Sechu Zubza,KOH_01965,2042.29,nearest_centroid_max_2500m,OpenStreetMap Overpass API
KOH_LOC_030,Sechu Zubza,KOH_01966,2324.89,nearest_centroid_max_2500m,OpenStreetMap Overpass API
KOH_LOC_083,Tsiese Basa,KOH_01970,2476.36,nearest_centroid_max_2500m,OpenStreetMap Overpass API
KOH_LOC_083,Tsiese Basa,KOH_01971,2242.54,nearest_centroid_max_2500m,OpenStreetMap Overpass API
KOH_LOC_083,Tsiese Basa,KOH_01972,2104.71,nearest_centroid_max_2500m,OpenStreetMap Overpass API
KOH_LOC_083,Tsiese Basa,KOH_01973,2081.95,nearest_centroid_max_2500m,OpenStreetMap Overpass API
KOH_LOC_083,Tsiese Basa,KOH_01974,2177.91,nearest_centroid_max_2500m,OpenStreetMap Overpass API
KOH_LOC_083,Tsiese Basa,KOH_01975,2378.23,nearest_centroid_max_2500m,OpenStreetMap Overpass API
KOH_LOC_073,Zhadima,KOH_01976,2394.17,nearest_centroid_max_2500m,OpenStreetMap Overpass API
KOH_LOC_073,Zhadima,KOH_01977,1906.67,nearest_centroid_max_2500m,OpenStreetMap Overpass API
KOH_LOC_073,Zhadima,KOH_01978,1429.08,nearest_centroid_max_2500m,OpenStreetMap Overpass API
KOH_LOC_073,Zhadima,KOH_01979,976.51,nearest_centroid_max_2500m,OpenStreetMap Overpass API
KOH_LOC_073,Zhadima,KOH_01980,607.27,nearest_centroid_max_2500m,OpenStreetMap Overpass API
KOH_LOC_073,Zhadima,KOH_01981,536.59,nearest_centroid_max_2500m,OpenStreetMap Overpass API
KOH_LOC_073,Zhadima,KOH_01982,843.24,nearest_centroid_max_2500m,OpenStreetMap Overpass API
KOH_LOC_073,Zhadima,KOH_01983,1279.88,nearest_centroid_max_2500m,OpenStreetMap Overpass API
KOH_LOC_073,Zhadima,KOH_01984,1751.87,nearest_centroid_max_2500m,OpenStreetMap Overpass API
KOH_LOC_073,Zhadima,KOH_01985,2237.05,nearest_centroid_max_2500m,OpenStreetMap Overpass API
KOH_LOC_070,Phekerkrie Bawe,KOH_01992,2186.0,nearest_centroid_max_2500m,OpenStreetMap Overpass API
KOH_LOC_070,Phekerkrie Bawe,KOH_01993,1693.79,nearest_centroid_max_2500m,OpenStreetMap Overpass API
KOH_LOC_070,Phekerkrie Bawe,KOH_01994,1209.6,nearest_centroid_max_2500m,OpenStreetMap Overpass API
KOH_LOC_070,Phekerkrie Bawe,KOH_01995,749.21,nearest_centroid_max_2500m,OpenStreetMap Overpass API
KOH_LOC_070,Phekerkrie Bawe,KOH_01996,404.13,nearest_centroid_max_2500m,OpenStreetMap Overpass API
KOH_LOC_070,Phekerkrie Bawe,KOH_01997,519.01,nearest_centroid_max_2500m,OpenStreetMap Overpass API
KOH_LOC_070,Phekerkrie Bawe,KOH_01998,937.72,nearest_centroid_max_2500m,OpenStreetMap Overpass API
KOH_LOC_070,Phekerkrie Bawe,KOH_01999,1411.83,nearest_centroid_max_2500m,OpenStreetMap Overpass API
KOH_LOC_070,Phekerkrie Bawe,KOH_02000,1900.27,nearest_centroid_max_2500m,OpenStreetMap Overpass API
KOH_LOC_071,Phekerkrie Basa,KOH_02001,1978.35,nearest_centroid_max_2500m,OpenStreetMap Overpass API
KOH_LOC_071,Phekerkrie Basa,KOH_02002,2023.86,nearest_centroid_max_2500m,OpenStreetMap Overpass API
KOH_LOC_071,Phekerkrie Basa,KOH_02003,2186.71,nearest_centroid_max_2500m,OpenStreetMap Overpass API
KOH_LOC_071,Phekerkrie Basa,KOH_02004,2443.63,nearest_centroid_max_2500m,OpenStreetMap Overpass API
KOH_LOC_011,Phezhu,KOH_02049,2393.08,nearest_centroid_max_2500m,OpenStreetMap Overpass API
KOH_LOC_011,Phezhu,KOH_02050,1981.8,nearest_centroid_max_2500m,OpenStreetMap Overpass API
KOH_LOC_011,Phezhu,KOH_02051,1622.32,nearest_centroid_max_2500m,OpenStreetMap Overpass API
KOH_LOC_011,Phezhu,KOH_02052,1356.67,nearest_centroid_max_2500m,OpenStreetMap Overpass API
KOH_LOC_009,Jotsoma,KOH_02053,880.83,nearest_centroid_max_2500m,OpenStreetMap Overpass API
KOH_LOC_009,Jotsoma,KOH_02054,385.2,nearest_centroid_max_2500m,OpenStreetMap Overpass API
KOH_LOC_009,Jotsoma,KOH_02055,158.08,nearest_centroid_max_2500m,OpenStreetMap Overpass API
KOH_LOC_009,Jotsoma,KOH_02056,636.79,nearest_centroid_max_2500m,OpenStreetMap Overpass API
KOH_LOC_009,Jotsoma,KOH_02057,1135.86,nearest_centroid_max_2500m,OpenStreetMap Overpass API
KOH_LOC_009,Jotsoma,KOH_02058,1636.65,nearest_centroid_max_2500m,OpenStreetMap Overpass API
KOH_LOC_009,Jotsoma,KOH_02059,2137.98,nearest_centroid_max_2500m,OpenStreetMap Overpass API
KOH_LOC_030,Sechu Zubza,KOH_02062,2351.9,nearest_centroid_max_2500m,OpenStreetMap Overpass API
KOH_LOC_030,Sechu Zubza,KOH_02063,2292.06,nearest_centroid_max_2500m,OpenStreetMap Overpass API
KOH_LOC_030,Sechu Zubza,KOH_02064,2340.87,nearest_centroid_max_2500m,OpenStreetMap Overpass API
KOH_LOC_030,Sechu Zubza,KOH_02065,2492.02,nearest_centroid_max_2500m,OpenStreetMap Overpass API
KOH_LOC_083,Tsiese Basa,KOH_02069,2432.26,nearest_centroid_max_2500m,OpenStreetMap Overpass API
KOH_LOC_083,Tsiese Basa,KOH_02070,2075.69,nearest_centroid_max_2500m,OpenStreetMap Overpass API
KOH_LOC_083,Tsiese Basa,KOH_02071,1790.34,nearest_centroid_max_2500m,OpenStreetMap Overpass API
KOH_LOC_083,Tsiese Basa,KOH_02072,1614.32,nearest_centroid_max_2500m,OpenStreetMap Overpass API
KOH_LOC_083,Tsiese Basa,KOH_02073,1584.55,nearest_centroid_max_2500m,OpenStreetMap Overpass API
KOH_LOC_083,Tsiese Basa,KOH_02074,1708.65,nearest_centroid_max_2500m,OpenStreetMap Overpass API
KOH_LOC_083,Tsiese Basa,KOH_02075,1957.49,nearest_centroid_max_2500m,OpenStreetMap Overpass API
KOH_LOC_083,Tsiese Basa,KOH_02076,2290.99,nearest_centroid_max_2500m,OpenStreetMap Overpass API
KOH_LOC_073,Zhadima,KOH_02077,1837.55,nearest_centroid_max_2500m,OpenStreetMap Overpass API
KOH_LOC_073,Zhadima,KOH_02078,1335.6,nearest_centroid_max_2500m,OpenStreetMap Overpass API
KOH_LOC_073,Zhadima,KOH_02079,833.56,nearest_centroid_max_2500m,OpenStreetMap Overpass API
KOH_LOC_073,Zhadima,KOH_02080,331.7,nearest_centroid_max_2500m,OpenStreetMap Overpass API
KOH_LOC_073,Zhadima,KOH_02081,170.66,nearest_centroid_max_2500m,OpenStreetMap Overpass API
KOH_LOC_073,Zhadima,KOH_02082,672.41,nearest_centroid_max_2500m,OpenStreetMap Overpass API
KOH_LOC_073,Zhadima,KOH_02083,1174.44,nearest_centroid_max_2500m,OpenStreetMap Overpass API
KOH_LOC_073,Zhadima,KOH_02084,1676.38,nearest_centroid_max_2500m,OpenStreetMap Overpass API
KOH_LOC_073,Zhadima,KOH_02085,2178.32,nearest_centroid_max_2500m,OpenStreetMap Overpass API
KOH_LOC_070,Phekerkrie Bawe,KOH_02092,2324.8,nearest_centroid_max_2500m,OpenStreetMap Overpass API
KOH_LOC_070,Phekerkrie Bawe,KOH_02093,1869.5,nearest_centroid_max_2500m,OpenStreetMap Overpass API
KOH_LOC_070,Phekerkrie Bawe,KOH_02094,1445.28,nearest_centroid_max_2500m,OpenStreetMap Overpass API
KOH_LOC_070,Phekerkrie Bawe,KOH_02095,1089.54,nearest_centroid_max_2500m,OpenStreetMap Overpass API
KOH_LOC_070,Phekerkrie Bawe,KOH_02096,888.3,nearest_centroid_max_2500m,OpenStreetMap Overpass API
KOH_LOC_070,Phekerkrie Bawe,KOH_02097,946.12,nearest_centroid_max_2500m,OpenStreetMap Overpass API
KOH_LOC_070,Phekerkrie Bawe,KOH_02098,1226.76,nearest_centroid_max_2500m,OpenStreetMap Overpass API
KOH_LOC_070,Phekerkrie Bawe,KOH_02099,1618.37,nearest_centroid_max_2500m,OpenStreetMap Overpass API
KOH_LOC_070,Phekerkrie Bawe,KOH_02100,2058.36,nearest_centroid_max_2500m,OpenStreetMap Overpass API
KOH_LOC_071,Phekerkrie Basa,KOH_02101,2477.42,nearest_centroid_max_2500m,OpenStreetMap Overpass API
KOH_LOC_011,Phezhu,KOH_02149,2175.35,nearest_centroid_max_2500m,OpenStreetMap Overpass API
KOH_LOC_011,Phezhu,KOH_02150,1712.57,nearest_centroid_max_2500m,OpenStreetMap Overpass API
KOH_LOC_011,Phezhu,KOH_02151,1279.66,nearest_centroid_max_2500m,OpenStreetMap Overpass API
KOH_LOC_011,Phezhu,KOH_02152,919.76,nearest_centroid_max_2500m,OpenStreetMap Overpass API
KOH_LOC_011,Phezhu,KOH_02153,747.24,nearest_centroid_max_2500m,OpenStreetMap Overpass API
KOH_LOC_009,Jotsoma,KOH_02154,700.16,nearest_centroid_max_2500m,OpenStreetMap Overpass API
KOH_LOC_009,Jotsoma,KOH_02155,605.57,nearest_centroid_max_2500m,OpenStreetMap Overpass API
KOH_LOC_009,Jotsoma,KOH_02156,864.41,nearest_centroid_max_2500m,OpenStreetMap Overpass API
KOH_LOC_009,Jotsoma,KOH_02157,1277.39,nearest_centroid_max_2500m,OpenStreetMap Overpass API
KOH_LOC_009,Jotsoma,KOH_02158,1737.92,nearest_centroid_max_2500m,OpenStreetMap Overpass API
KOH_LOC_009,Jotsoma,KOH_02159,2216.46,nearest_centroid_max_2500m,OpenStreetMap Overpass API
KOH_LOC_002,Merima,KOH_02162,2316.82,nearest_centroid_max_2500m,OpenStreetMap Overpass API
KOH_LOC_002,Merima,KOH_02163,2206.02,nearest_centroid_max_2500m,OpenStreetMap Overpass API
KOH_LOC_002,Merima,KOH_02164,2206.57,nearest_centroid_max_2500m,OpenStreetMap Overpass API
KOH_LOC_002,Merima,KOH_02165,2318.57,nearest_centroid_max_2500m,OpenStreetMap Overpass API
KOH_LOC_084,Tsiesema Bawe,KOH_02167,2480.81,nearest_centroid_max_2500m,OpenStreetMap Overpass API
KOH_LOC_084,Tsiesema Bawe,KOH_02168,2214.77,nearest_centroid_max_2500m,OpenStreetMap Overpass API
KOH_LOC_084,Tsiesema Bawe,KOH_02169,2039.49,nearest_centroid_max_2500m,OpenStreetMap Overpass API
KOH_LOC_083,Tsiese Basa,KOH_02170,1727.33,nearest_centroid_max_2500m,OpenStreetMap Overpass API
KOH_LOC_083,Tsiese Basa,KOH_02171,1371.23,nearest_centroid_max_2500m,OpenStreetMap Overpass API
KOH_LOC_083,Tsiese Basa,KOH_02172,1131.74,nearest_centroid_max_2500m,OpenStreetMap Overpass API
KOH_LOC_083,Tsiese Basa,KOH_02173,1088.82,nearest_centroid_max_2500m,OpenStreetMap Overpass API
KOH_LOC_083,Tsiese Basa,KOH_02174,1262.56,nearest_centroid_max_2500m,OpenStreetMap Overpass API
KOH_LOC_083,Tsiese Basa,KOH_02175,1583.25,nearest_centroid_max_2500m,OpenStreetMap Overpass API
KOH_LOC_083,Tsiese Basa,KOH_02176,1980.66,nearest_centroid_max_2500m,OpenStreetMap Overpass API
KOH_LOC_073,Zhadima,KOH_02177,1901.75,nearest_centroid_max_2500m,OpenStreetMap Overpass API
KOH_LOC_073,Zhadima,KOH_02178,1422.49,nearest_centroid_max_2500m,OpenStreetMap Overpass API
KOH_LOC_073,Zhadima,KOH_02179,966.81,nearest_centroid_max_2500m,OpenStreetMap Overpass API
KOH_LOC_073,Zhadima,KOH_02180,591.41,nearest_centroid_max_2500m,OpenStreetMap Overpass API
KOH_LOC_073,Zhadima,KOH_02181,518.52,nearest_centroid_max_2500m,OpenStreetMap Overpass API
KOH_LOC_073,Zhadima,KOH_02182,831.77,nearest_centroid_max_2500m,OpenStreetMap Overpass API
KOH_LOC_073,Zhadima,KOH_02183,1272.33,nearest_centroid_max_2500m,OpenStreetMap Overpass API
KOH_LOC_073,Zhadima,KOH_02184,1746.32,nearest_centroid_max_2500m,OpenStreetMap Overpass API
KOH_LOC_073,Zhadima,KOH_02185,2232.69,nearest_centroid_max_2500m,OpenStreetMap Overpass API
KOH_LOC_070,Phekerkrie Bawe,KOH_02193,2149.25,nearest_centroid_max_2500m,OpenStreetMap Overpass API
KOH_LOC_070,Phekerkrie Bawe,KOH_02194,1792.56,nearest_centroid_max_2500m,OpenStreetMap Overpass API
KOH_LOC_070,Phekerkrie Bawe,KOH_02195,1520.34,nearest_centroid_max_2500m,OpenStreetMap Overpass API
KOH_LOC_070,Phekerkrie Bawe,KOH_02196,1383.3,nearest_centroid_max_2500m,OpenStreetMap Overpass API
KOH_LOC_070,Phekerkrie Bawe,KOH_02197,1421.03,nearest_centroid_max_2500m,OpenStreetMap Overpass API
KOH_LOC_070,Phekerkrie Bawe,KOH_02198,1621.52,nearest_centroid_max_2500m,OpenStreetMap Overpass API
KOH_LOC_070,Phekerkrie Bawe,KOH_02199,1934.67,nearest_centroid_max_2500m,OpenStreetMap Overpass API
KOH_LOC_070,Phekerkrie Bawe,KOH_02200,2315.34,nearest_centroid_max_2500m,OpenStreetMap Overpass API
KOH_LOC_011,Phezhu,KOH_02249,2058.28,nearest_centroid_max_2500m,OpenStreetMap Overpass API
KOH_LOC_011,Phezhu,KOH_02250,1561.12,nearest_centroid_max_2500m,OpenStreetMap Overpass API
KOH_LOC_011,Phezhu,KOH_02251,1068.36,nearest_centroid_max_2500m,OpenStreetMap Overpass API
KOH_LOC_011,Phezhu,KOH_02252,591.52,nearest_centroid_max_2500m,OpenStreetMap Overpass API
KOH_LOC_011,Phezhu,KOH_02253,249.7,nearest_centroid_max_2500m,OpenStreetMap Overpass API
KOH_LOC_011,Phezhu,KOH_02254,528.04,nearest_centroid_max_2500m,OpenStreetMap Overpass API
KOH_LOC_011,Phezhu,KOH_02255,999.58,nearest_centroid_max_2500m,OpenStreetMap Overpass API
KOH_LOC_009,Jotsoma,KOH_02256,1259.9,nearest_centroid_max_2500m,OpenStreetMap Overpass API
KOH_LOC_009,Jotsoma,KOH_02257,1572.28,nearest_centroid_max_2500m,OpenStreetMap Overpass API
KOH_LOC_009,Jotsoma,KOH_02258,1964.77,nearest_centroid_max_2500m,OpenStreetMap Overpass API
KOH_LOC_016,High School Colony,KOH_02259,2352.67,nearest_centroid_max_2500m,OpenStreetMap Overpass API
KOH_LOC_016,High School Colony,KOH_02260,2368.21,nearest_centroid_max_2500m,OpenStreetMap Overpass API
KOH_LOC_002,Merima,KOH_02261,2105.56,nearest_centroid_max_2500m,OpenStreetMap Overpass API
KOH_LOC_002,Merima,KOH_02262,1851.57,nearest_centroid_max_2500m,OpenStreetMap Overpass API
KOH_LOC_002,Merima,KOH_02263,1710.77,nearest_centroid_max_2500m,OpenStreetMap Overpass API
KOH_LOC_002,Merima,KOH_02264,1711.61,nearest_centroid_max_2500m,OpenStreetMap Overpass API
KOH_LOC_002,Merima,KOH_02265,1853.65,nearest_centroid_max_2500m,OpenStreetMap Overpass API
KOH_LOC_002,Merima,KOH_02266,2108.78,nearest_centroid_max_2500m,OpenStreetMap Overpass API
KOH_LOC_084,Tsiesema Bawe,KOH_02267,2104.15,nearest_centroid_max_2500m,OpenStreetMap Overpass API
KOH_LOC_084,Tsiesema Bawe,KOH_02268,1782.74,nearest_centroid_max_2500m,OpenStreetMap Overpass API
KOH_LOC_084,Tsiesema Bawe,KOH_02269,1559.65,nearest_centroid_max_2500m,OpenStreetMap Overpass API
KOH_LOC_083,Tsiese Basa,KOH_02270,1468.65,nearest_centroid_max_2500m,OpenStreetMap Overpass API
KOH_LOC_083,Tsiese Basa,KOH_02271,1026.45,nearest_centroid_max_2500m,OpenStreetMap Overpass API
KOH_LOC_083,Tsiese Basa,KOH_02272,673.93,nearest_centroid_max_2500m,OpenStreetMap Overpass API
KOH_LOC_083,Tsiese Basa,KOH_02273,599.01,nearest_centroid_max_2500m,OpenStreetMap Overpass API
KOH_LOC_083,Tsiese Basa,KOH_02274,875.96,nearest_centroid_max_2500m,OpenStreetMap Overpass API
KOH_LOC_083,Tsiese Basa,KOH_02275,1296.08,nearest_centroid_max_2500m,OpenStreetMap Overpass API
KOH_LOC_083,Tsiese Basa,KOH_02276,1759.59,nearest_centroid_max_2500m,OpenStreetMap Overpass API
KOH_LOC_073,Zhadima,KOH_02277,2086.81,nearest_centroid_max_2500m,OpenStreetMap Overpass API
KOH_LOC_073,Zhadima,KOH_02278,1661.89,nearest_centroid_max_2500m,OpenStreetMap Overpass API
KOH_LOC_073,Zhadima,KOH_02279,1293.46,nearest_centroid_max_2500m,OpenStreetMap Overpass API
KOH_LOC_073,Zhadima,KOH_02280,1043.1,nearest_centroid_max_2500m,OpenStreetMap Overpass API
KOH_LOC_073,Zhadima,KOH_02281,1003.48,nearest_centroid_max_2500m,OpenStreetMap Overpass API
KOH_LOC_073,Zhadima,KOH_02282,1195.83,nearest_centroid_max_2500m,OpenStreetMap Overpass API
KOH_LOC_073,Zhadima,KOH_02283,1535.23,nearest_centroid_max_2500m,OpenStreetMap Overpass API
KOH_LOC_073,Zhadima,KOH_02284,1946.31,nearest_centroid_max_2500m,OpenStreetMap Overpass API
KOH_LOC_073,Zhadima,KOH_02285,2392.23,nearest_centroid_max_2500m,OpenStreetMap Overpass API
KOH_LOC_070,Phekerkrie Bawe,KOH_02293,2498.4,nearest_centroid_max_2500m,OpenStreetMap Overpass API
KOH_LOC_070,Phekerkrie Bawe,KOH_02294,2199.13,nearest_centroid_max_2500m,OpenStreetMap Overpass API
KOH_LOC_070,Phekerkrie Bawe,KOH_02295,1983.49,nearest_centroid_max_2500m,OpenStreetMap Overpass API
KOH_LOC_070,Phekerkrie Bawe,KOH_02296,1880.49,nearest_centroid_max_2500m,OpenStreetMap Overpass API
KOH_LOC_070,Phekerkrie Bawe,KOH_02297,1908.45,nearest_centroid_max_2500m,OpenStreetMap Overpass API
KOH_LOC_070,Phekerkrie Bawe,KOH_02298,2062.07,nearest_centroid_max_2500m,OpenStreetMap Overpass API
KOH_LOC_070,Phekerkrie Bawe,KOH_02299,2316.37,nearest_centroid_max_2500m,OpenStreetMap Overpass API
KOH_LOC_026,Minister Hill,KOH_02347,2479.56,nearest_centroid_max_2500m,OpenStreetMap Overpass API
KOH_LOC_026,Minister Hill,KOH_02348,2261.85,nearest_centroid_max_2500m,OpenStreetMap Overpass API
KOH_LOC_011,Phezhu,KOH_02349,2058.95,nearest_centroid_max_2500m,OpenStreetMap Overpass API
KOH_LOC_011,Phezhu,KOH_02350,1561.86,nearest_centroid_max_2500m,OpenStreetMap Overpass API
KOH_LOC_011,Phezhu,KOH_02351,1069.57,nearest_centroid_max_2500m,OpenStreetMap Overpass API
KOH_LOC_011,Phezhu,KOH_02352,593.69,nearest_centroid_max_2500m,OpenStreetMap Overpass API
KOH_LOC_011,Phezhu,KOH_02353,254.53,nearest_centroid_max_2500m,OpenStreetMap Overpass API
KOH_LOC_011,Phezhu,KOH_02354,530.27,nearest_centroid_max_2500m,OpenStreetMap Overpass API
KOH_LOC_011,Phezhu,KOH_02355,1000.73,nearest_centroid_max_2500m,OpenStreetMap Overpass API
KOH_LOC_011,Phezhu,KOH_02356,1491.98,nearest_centroid_max_2500m,OpenStreetMap Overpass API
KOH_LOC_009,Jotsoma,KOH_02357,1952.1,nearest_centroid_max_2500m,OpenStreetMap Overpass API
KOH_LOC_016,High School Colony,KOH_02358,1968.01,nearest_centroid_max_2500m,OpenStreetMap Overpass API
KOH_LOC_016,High School Colony,KOH_02359,1855.27,nearest_centroid_max_2500m,OpenStreetMap Overpass API
KOH_LOC_016,High School Colony,KOH_02360,1874.84,nearest_centroid_max_2500m,OpenStreetMap Overpass API
KOH_LOC_002,Merima,KOH_02361,1729.99,nearest_centroid_max_2500m,OpenStreetMap Overpass API
KOH_LOC_002,Merima,KOH_02362,1409.72,nearest_centroid_max_2500m,OpenStreetMap Overpass API
KOH_LOC_002,Merima,KOH_02363,1218.99,nearest_centroid_max_2500m,OpenStreetMap Overpass API
KOH_LOC_002,Merima,KOH_02364,1220.12,nearest_centroid_max_2500m,OpenStreetMap Overpass API
KOH_LOC_002,Merima,KOH_02365,1412.5,nearest_centroid_max_2500m,OpenStreetMap Overpass API
KOH_LOC_002,Merima,KOH_02366,1733.72,nearest_centroid_max_2500m,OpenStreetMap Overpass API
KOH_LOC_084,Tsiesema Bawe,KOH_02367,1788.57,nearest_centroid_max_2500m,OpenStreetMap Overpass API
KOH_LOC_084,Tsiesema Bawe,KOH_02368,1396.28,nearest_centroid_max_2500m,OpenStreetMap Overpass API
KOH_LOC_084,Tsiesema Bawe,KOH_02369,1097.2,nearest_centroid_max_2500m,OpenStreetMap Overpass API
KOH_LOC_084,Tsiesema Bawe,KOH_02370,980.93,nearest_centroid_max_2500m,OpenStreetMap Overpass API
KOH_LOC_083,Tsiese Basa,KOH_02371,851.76,nearest_centroid_max_2500m,OpenStreetMap Overpass API
KOH_LOC_083,Tsiese Basa,KOH_02372,354.95,nearest_centroid_max_2500m,OpenStreetMap Overpass API
KOH_LOC_083,Tsiese Basa,KOH_02373,174.83,nearest_centroid_max_2500m,OpenStreetMap Overpass API
KOH_LOC_083,Tsiese Basa,KOH_02374,662.61,nearest_centroid_max_2500m,OpenStreetMap Overpass API
KOH_LOC_083,Tsiese Basa,KOH_02375,1162.52,nearest_centroid_max_2500m,OpenStreetMap Overpass API
KOH_LOC_083,Tsiese Basa,KOH_02376,1663.76,nearest_centroid_max_2500m,OpenStreetMap Overpass API
KOH_LOC_083,Tsiese Basa,KOH_02377,2165.28,nearest_centroid_max_2500m,OpenStreetMap Overpass API
KOH_LOC_073,Zhadima,KOH_02378,1999.68,nearest_centroid_max_2500m,OpenStreetMap Overpass API
KOH_LOC_073,Zhadima,KOH_02379,1705.82,nearest_centroid_max_2500m,OpenStreetMap Overpass API
KOH_LOC_073,Zhadima,KOH_02380,1524.72,nearest_centroid_max_2500m,OpenStreetMap Overpass API
KOH_LOC_073,Zhadima,KOH_02381,1497.93,nearest_centroid_max_2500m,OpenStreetMap Overpass API
KOH_LOC_073,Zhadima,KOH_02382,1633.02,nearest_centroid_max_2500m,OpenStreetMap Overpass API
KOH_LOC_073,Zhadima,KOH_02383,1895.68,nearest_centroid_max_2500m,OpenStreetMap Overpass API
KOH_LOC_073,Zhadima,KOH_02384,2241.59,nearest_centroid_max_2500m,OpenStreetMap Overpass API
KOH_LOC_070,Phekerkrie Bawe,KOH_02395,2460.79,nearest_centroid_max_2500m,OpenStreetMap Overpass API
KOH_LOC_070,Phekerkrie Bawe,KOH_02396,2378.52,nearest_centroid_max_2500m,OpenStreetMap Overpass API
KOH_LOC_070,Phekerkrie Bawe,KOH_02397,2400.67,nearest_centroid_max_2500m,OpenStreetMap Overpass API
KOH_LOC_026,Minister Hill,KOH_02446,2411.19,nearest_centroid_max_2500m,OpenStreetMap Overpass API
KOH_LOC_026,Minister Hill,KOH_02447,2068.06,nearest_centroid_max_2500m,OpenStreetMap Overpass API
KOH_LOC_026,Minister Hill,KOH_02448,1801.17,nearest_centroid_max_2500m,OpenStreetMap Overpass API
KOH_LOC_026,Minister Hill,KOH_02449,1647.97,nearest_centroid_max_2500m,OpenStreetMap Overpass API
KOH_LOC_026,Minister Hill,KOH_02450,1640.43,nearest_centroid_max_2500m,OpenStreetMap Overpass API
KOH_LOC_011,Phezhu,KOH_02451,1282.61,nearest_centroid_max_2500m,OpenStreetMap Overpass API
KOH_LOC_011,Phezhu,KOH_02452,923.86,nearest_centroid_max_2500m,OpenStreetMap Overpass API
KOH_LOC_011,Phezhu,KOH_02453,752.13,nearest_centroid_max_2500m,OpenStreetMap Overpass API
KOH_LOC_011,Phezhu,KOH_02454,884.34,nearest_centroid_max_2500m,OpenStreetMap Overpass API
KOH_LOC_011,Phezhu,KOH_02455,1225.69,nearest_centroid_max_2500m,OpenStreetMap Overpass API
KOH_LOC_019,Hospital Colony,KOH_02456,1591.81,nearest_centroid_max_2500m,OpenStreetMap Overpass API
KOH_LOC_016,High School Colony,KOH_02457,1792.51,nearest_centroid_max_2500m,OpenStreetMap Overpass API
KOH_LOC_016,High School Colony,KOH_02458,1509.37,nearest_centroid_max_2500m,OpenStreetMap Overpass API
KOH_LOC_016,High School Colony,KOH_02459,1359.21,nearest_centroid_max_2500m,OpenStreetMap Overpass API
KOH_LOC_016,High School Colony,KOH_02460,1385.81,nearest_centroid_max_2500m,OpenStreetMap Overpass API
KOH_LOC_002,Merima,KOH_02461,1431.96,nearest_centroid_max_2500m,OpenStreetMap Overpass API
KOH_LOC_002,Merima,KOH_02462,1022.23,nearest_centroid_max_2500m,OpenStreetMap Overpass API
KOH_LOC_002,Merima,KOH_02463,737.29,nearest_centroid_max_2500m,OpenStreetMap Overpass API
KOH_LOC_002,Merima,KOH_02464,739.01,nearest_centroid_max_2500m,OpenStreetMap Overpass API
KOH_LOC_002,Merima,KOH_02465,1026.04,nearest_centroid_max_2500m,OpenStreetMap Overpass API
KOH_LOC_002,Merima,KOH_02466,1436.39,nearest_centroid_max_2500m,OpenStreetMap Overpass API
KOH_LOC_084,Tsiesema Bawe,KOH_02467,1571.32,nearest_centroid_max_2500m,OpenStreetMap Overpass API
KOH_LOC_084,Tsiesema Bawe,KOH_02468,1104.31,nearest_centroid_max_2500m,OpenStreetMap Overpass API
KOH_LOC_084,Tsiesema Bawe,KOH_02469,688.29,nearest_centroid_max_2500m,OpenStreetMap Overpass API
KOH_LOC_084,Tsiesema Bawe,KOH_02470,481.78,nearest_centroid_max_2500m,OpenStreetMap Overpass API
KOH_LOC_084,Tsiesema Bawe,KOH_02471,703.13,nearest_centroid_max_2500m,OpenStreetMap Overpass API
KOH_LOC_083,Tsiese Basa,KOH_02472,544.41,nearest_centroid_max_2500m,OpenStreetMap Overpass API
KOH_LOC_083,Tsiese Basa,KOH_02473,448.15,nearest_centroid_max_2500m,OpenStreetMap Overpass API
KOH_LOC_083,Tsiese Basa,KOH_02474,780.57,nearest_centroid_max_2500m,OpenStreetMap Overpass API
KOH_LOC_083,Tsiese Basa,KOH_02475,1233.55,nearest_centroid_max_2500m,OpenStreetMap Overpass API
KOH_LOC_083,Tsiese Basa,KOH_02476,1714.14,nearest_centroid_max_2500m,OpenStreetMap Overpass API
KOH_LOC_083,Tsiese Basa,KOH_02477,2204.21,nearest_centroid_max_2500m,OpenStreetMap Overpass API
KOH_LOC_073,Zhadima,KOH_02478,2394.59,nearest_centroid_max_2500m,OpenStreetMap Overpass API
KOH_LOC_073,Zhadima,KOH_02479,2155.24,nearest_centroid_max_2500m,OpenStreetMap Overpass API
KOH_LOC_073,Zhadima,KOH_02480,2014.92,nearest_centroid_max_2500m,OpenStreetMap Overpass API
KOH_LOC_073,Zhadima,KOH_02481,1994.7,nearest_centroid_max_2500m,OpenStreetMap Overpass API
KOH_LOC_073,Zhadima,KOH_02482,2098.11,nearest_centroid_max_2500m,OpenStreetMap Overpass API
KOH_LOC_073,Zhadima,KOH_02483,2308.43,nearest_centroid_max_2500m,OpenStreetMap Overpass API
KOH_LOC_069,Seiyhama,KOH_02496,2430.63,nearest_centroid_max_2500m,OpenStreetMap Overpass API
KOH_LOC_069,Seiyhama,KOH_02497,2402.05,nearest_centroid_max_2500m,OpenStreetMap Overpass API
KOH_LOC_069,Seiyhama,KOH_02498,2477.05,nearest_centroid_max_2500m,OpenStreetMap Overpass API
KOH_LOC_026,Minister Hill,KOH_02546,2107.35,nearest_centroid_max_2500m,OpenStreetMap Overpass API
KOH_LOC_026,Minister Hill,KOH_02547,1704.11,nearest_centroid_max_2500m,OpenStreetMap Overpass API
KOH_LOC_026,Minister Hill,KOH_02548,1367.98,nearest_centroid_max_2500m,OpenStreetMap Overpass API
KOH_LOC_026,Minister Hill,KOH_02549,1158.72,nearest_centroid_max_2500m,OpenStreetMap Overpass API
KOH_LOC_026,Minister Hill,KOH_02550,1147.99,nearest_centroid_max_2500m,OpenStreetMap Overpass API
KOH_LOC_018,Porter Lane,KOH_02551,1193.36,nearest_centroid_max_2500m,OpenStreetMap Overpass API
KOH_LOC_019,Hospital Colony,KOH_02552,1229.71,nearest_centroid_max_2500m,OpenStreetMap Overpass API
KOH_LOC_019,Hospital Colony,KOH_02553,876.28,nearest_centroid_max_2500m,OpenStreetMap Overpass API
KOH_LOC_019,Hospital Colony,KOH_02554,726.41,nearest_centroid_max_2500m,OpenStreetMap Overpass API
KOH_LOC_019,Hospital Colony,KOH_02555,889.6,nearest_centroid_max_2500m,OpenStreetMap Overpass API
KOH_LOC_019,Hospital Colony,KOH_02556,1248.69,nearest_centroid_max_2500m,OpenStreetMap Overpass API
KOH_LOC_016,High School Colony,KOH_02557,1455.01,nearest_centroid_max_2500m,OpenStreetMap Overpass API
KOH_LOC_016,High School Colony,KOH_02558,1087.27,nearest_centroid_max_2500m,OpenStreetMap Overpass API
KOH_LOC_016,High School Colony,KOH_02559,866.68,nearest_centroid_max_2500m,OpenStreetMap Overpass API
KOH_LOC_016,High School Colony,KOH_02560,907.85,nearest_centroid_max_2500m,OpenStreetMap Overpass API
KOH_LOC_016,High School Colony,KOH_02561,1183.7,nearest_centroid_max_2500m,OpenStreetMap Overpass API
KOH_LOC_002,Merima,KOH_02562,775.42,nearest_centroid_max_2500m,OpenStreetMap Overpass API
KOH_LOC_002,Merima,KOH_02563,315.8,nearest_centroid_max_2500m,OpenStreetMap Overpass API
KOH_LOC_002,Merima,KOH_02564,319.78,nearest_centroid_max_2500m,OpenStreetMap Overpass API
KOH_LOC_002,Merima,KOH_02565,780.19,nearest_centroid_max_2500m,OpenStreetMap Overpass API
KOH_LOC_002,Merima,KOH_02566,1272.53,nearest_centroid_max_2500m,OpenStreetMap Overpass API
KOH_LOC_084,Tsiesema Bawe,KOH_02567,1495.8,nearest_centroid_max_2500m,OpenStreetMap Overpass API
KOH_LOC_084,Tsiesema Bawe,KOH_02568,993.9,nearest_centroid_max_2500m,OpenStreetMap Overpass API
KOH_LOC_084,Tsiesema Bawe,KOH_02569,492.11,nearest_centroid_max_2500m,OpenStreetMap Overpass API
KOH_LOC_084,Tsiesema Bawe,KOH_02570,20.41,nearest_centroid_max_2500m,OpenStreetMap Overpass API
KOH_LOC_084,Tsiesema Bawe,KOH_02571,512.52,nearest_centroid_max_2500m,OpenStreetMap Overpass API
KOH_LOC_083,Tsiese Basa,KOH_02572,982.46,nearest_centroid_max_2500m,OpenStreetMap Overpass API
KOH_LOC_083,Tsiese Basa,KOH_02573,932.54,nearest_centroid_max_2500m,OpenStreetMap Overpass API
KOH_LOC_083,Tsiese Basa,KOH_02574,1130.49,nearest_centroid_max_2500m,OpenStreetMap Overpass API
KOH_LOC_083,Tsiese Basa,KOH_02575,1480.03,nearest_centroid_max_2500m,OpenStreetMap Overpass API
KOH_LOC_083,Tsiese Basa,KOH_02576,1899.13,nearest_centroid_max_2500m,OpenStreetMap Overpass API
KOH_LOC_083,Tsiese Basa,KOH_02577,2351.02,nearest_centroid_max_2500m,OpenStreetMap Overpass API
KOH_LOC_073,Zhadima,KOH_02581,2492.54,nearest_centroid_max_2500m,OpenStreetMap Overpass API
KOH_LOC_069,Seiyhama,KOH_02594,2355.88,nearest_centroid_max_2500m,OpenStreetMap Overpass API
KOH_LOC_069,Seiyhama,KOH_02595,2098.57,nearest_centroid_max_2500m,OpenStreetMap Overpass API
KOH_LOC_069,Seiyhama,KOH_02596,1939.49,nearest_centroid_max_2500m,OpenStreetMap Overpass API
KOH_LOC_069,Seiyhama,KOH_02597,1903.56,nearest_centroid_max_2500m,OpenStreetMap Overpass API
KOH_LOC_069,Seiyhama,KOH_02598,1997.24,nearest_centroid_max_2500m,OpenStreetMap Overpass API
KOH_LOC_069,Seiyhama,KOH_02599,2204.25,nearest_centroid_max_2500m,OpenStreetMap Overpass API
KOH_LOC_069,Seiyhama,KOH_02600,2496.47,nearest_centroid_max_2500m,OpenStreetMap Overpass API
KOH_LOC_062,Phesama,KOH_02644,2478.79,nearest_centroid_max_2500m,OpenStreetMap Overpass API
KOH_LOC_062,Phesama,KOH_02645,2318.24,nearest_centroid_max_2500m,OpenStreetMap Overpass API
KOH_LOC_062,Phesama,KOH_02646,2260.13,nearest_centroid_max_2500m,OpenStreetMap Overpass API
KOH_LOC_026,Minister Hill,KOH_02647,1888.51,nearest_centroid_max_2500m,OpenStreetMap Overpass API
KOH_LOC_026,Minister Hill,KOH_02648,1424.62,nearest_centroid_max_2500m,OpenStreetMap Overpass API
KOH_LOC_026,Minister Hill,KOH_02649,998.45,nearest_centroid_max_2500m,OpenStreetMap Overpass API
KOH_LOC_026,Minister Hill,KOH_02650,684.25,nearest_centroid_max_2500m,OpenStreetMap Overpass API
KOH_LOC_026,Minister Hill,KOH_02651,665.91,nearest_centroid_max_2500m,OpenStreetMap Overpass API
KOH_LOC_018,Porter Lane,KOH_02652,705.9,nearest_centroid_max_2500m,OpenStreetMap Overpass API
KOH_LOC_004,Kohima,KOH_02653,885.75,nearest_centroid_max_2500m,OpenStreetMap Overpass API
KOH_LOC_019,Hospital Colony,KOH_02654,540.29,nearest_centroid_max_2500m,OpenStreetMap Overpass API
KOH_LOC_019,Hospital Colony,KOH_02655,227.4,nearest_centroid_max_2500m,OpenStreetMap Overpass API
KOH_LOC_019,Hospital Colony,KOH_02656,561.62,nearest_centroid_max_2500m,OpenStreetMap Overpass API
KOH_LOC_019,Hospital Colony,KOH_02657,1040.69,nearest_centroid_max_2500m,OpenStreetMap Overpass API
KOH_LOC_016,High School Colony,KOH_02658,1232.66,nearest_centroid_max_2500m,OpenStreetMap Overpass API
KOH_LOC_016,High School Colony,KOH_02659,764.56,nearest_centroid_max_2500m,OpenStreetMap Overpass API
KOH_LOC_016,High School Colony,KOH_02660,391.88,nearest_centroid_max_2500m,OpenStreetMap Overpass API
KOH_LOC_016,High School Colony,KOH_02661,475.99,nearest_centroid_max_2500m,OpenStreetMap Overpass API
KOH_LOC_016,High School Colony,KOH_02662,896.35,nearest_centroid_max_2500m,OpenStreetMap Overpass API
KOH_LOC_002,Merima,KOH_02663,809.89,nearest_centroid_max_2500m,OpenStreetMap Overpass API
KOH_LOC_002,Merima,KOH_02664,392.94,nearest_centroid_max_2500m,OpenStreetMap Overpass API
KOH_LOC_002,Merima,KOH_02665,396.03,nearest_centroid_max_2500m,OpenStreetMap Overpass API
KOH_LOC_002,Merima,KOH_02666,814.44,nearest_centroid_max_2500m,OpenStreetMap Overpass API
KOH_LOC_002,Merima,KOH_02667,1293.69,nearest_centroid_max_2500m,OpenStreetMap Overpass API
KOH_LOC_084,Tsiesema Bawe,KOH_02668,1582.49,nearest_centroid_max_2500m,OpenStreetMap Overpass API
KOH_LOC_084,Tsiesema Bawe,KOH_02669,1120.11,nearest_centroid_max_2500m,OpenStreetMap Overpass API
KOH_LOC_084,Tsiesema Bawe,KOH_02670,713.47,nearest_centroid_max_2500m,OpenStreetMap Overpass API
KOH_LOC_084,Tsiesema Bawe,KOH_02671,516.95,nearest_centroid_max_2500m,OpenStreetMap Overpass API
KOH_LOC_084,Tsiesema Bawe,KOH_02672,727.64,nearest_centroid_max_2500m,OpenStreetMap Overpass API
KOH_LOC_084,Tsiesema Bawe,KOH_02673,1138.28,nearest_centroid_max_2500m,OpenStreetMap Overpass API
KOH_LOC_083,Tsiese Basa,KOH_02674,1427.2,nearest_centroid_max_2500m,OpenStreetMap Overpass API
KOH_LOC_083,Tsiese Basa,KOH_02675,1563.77,nearest_centroid_max_2500m,OpenStreetMap Overpass API
KOH_LOC_083,Tsiese Basa,KOH_02676,1832.42,nearest_centroid_max_2500m,OpenStreetMap Overpass API
KOH_LOC_083,Tsiese Basa,KOH_02677,2184.92,nearest_centroid_max_2500m,OpenStreetMap Overpass API
KOH_LOC_069,Seiyhama,KOH_02694,2356.32,nearest_centroid_max_2500m,OpenStreetMap Overpass API
KOH_LOC_069,Seiyhama,KOH_02695,1975.37,nearest_centroid_max_2500m,OpenStreetMap Overpass API
KOH_LOC_069,Seiyhama,KOH_02696,1660.06,nearest_centroid_max_2500m,OpenStreetMap Overpass API
KOH_LOC_069,Seiyhama,KOH_02697,1453.87,nearest_centroid_max_2500m,OpenStreetMap Overpass API
KOH_LOC_069,Seiyhama,KOH_02698,1405.45,nearest_centroid_max_2500m,OpenStreetMap Overpass API
KOH_LOC_069,Seiyhama,KOH_02699,1530.09,nearest_centroid_max_2500m,OpenStreetMap Overpass API
KOH_LOC_069,Seiyhama,KOH_02700,1791.83,nearest_centroid_max_2500m,OpenStreetMap Overpass API
KOH_LOC_069,Seiyhama,KOH_02701,2141.05,nearest_centroid_max_2500m,OpenStreetMap Overpass API
KOH_LOC_057,Kigwema Town,KOH_02741,2346.98,nearest_centroid_max_2500m,OpenStreetMap Overpass API
KOH_LOC_057,Kigwema Town,KOH_02742,2198.58,nearest_centroid_max_2500m,OpenStreetMap Overpass API
KOH_LOC_057,Kigwema Town,KOH_02743,2159.43,nearest_centroid_max_2500m,OpenStreetMap Overpass API
KOH_LOC_057,Kigwema Town,KOH_02744,2235.29,nearest_centroid_max_2500m,OpenStreetMap Overpass API
KOH_LOC_057,Kigwema Town,KOH_02745,2415.24,nearest_centroid_max_2500m,OpenStreetMap Overpass API
KOH_LOC_062,Phesama,KOH_02746,2326.16,nearest_centroid_max_2500m,OpenStreetMap Overpass API
KOH_LOC_062,Phesama,KOH_02747,2033.99,nearest_centroid_max_2500m,OpenStreetMap Overpass API
KOH_LOC_062,Phesama,KOH_02748,1834.96,nearest_centroid_max_2500m,OpenStreetMap Overpass API
KOH_LOC_062,Phesama,KOH_02749,1760.86,nearest_centroid_max_2500m,OpenStreetMap Overpass API
KOH_LOC_026,Minister Hill,KOH_02750,1786.19,nearest_centroid_max_2500m,OpenStreetMap Overpass API
KOH_LOC_026,Minister Hill,KOH_02751,1286.01,nearest_centroid_max_2500m,OpenStreetMap Overpass API
KOH_LOC_026,Minister Hill,KOH_02752,787.96,nearest_centroid_max_2500m,OpenStreetMap Overpass API
KOH_LOC_026,Minister Hill,KOH_02753,303.53,nearest_centroid_max_2500m,OpenStreetMap Overpass API
KOH_LOC_026,Minister Hill,KOH_02754,259.43,nearest_centroid_max_2500m,OpenStreetMap Overpass API
KOH_LOC_018,Porter Lane,KOH_02755,266.5,nearest_centroid_max_2500m,OpenStreetMap Overpass API
KOH_LOC_004,Kohima,KOH_02756,387.72,nearest_centroid_max_2500m,OpenStreetMap Overpass API
KOH_LOC_019,Hospital Colony,KOH_02757,560.82,nearest_centroid_max_2500m,OpenStreetMap Overpass API
KOH_LOC_019,Hospital Colony,KOH_02758,272.36,nearest_centroid_max_2500m,OpenStreetMap Overpass API
KOH_LOC_019,Hospital Colony,KOH_02759,581.3,nearest_centroid_max_2500m,OpenStreetMap Overpass API
KOH_LOC_022,Naga Bazar,KOH_02760,1011.23,nearest_centroid_max_2500m,OpenStreetMap Overpass API
KOH_LOC_017,Bayavü,KOH_02761,794.68,nearest_centroid_max_2500m,OpenStreetMap Overpass API
KOH_LOC_016,High School Colony,KOH_02762,696.7,nearest_centroid_max_2500m,OpenStreetMap Overpass API
KOH_LOC_016,High School Colony,KOH_02763,233.22,nearest_centroid_max_2500m,OpenStreetMap Overpass API
KOH_LOC_016,High School Colony,KOH_02764,356.82,nearest_centroid_max_2500m,OpenStreetMap Overpass API
KOH_LOC_016,High School Colony,KOH_02765,839.13,nearest_centroid_max_2500m,OpenStreetMap Overpass API
KOH_LOC_002,Merima,KOH_02766,1099.57,nearest_centroid_max_2500m,OpenStreetMap Overpass API
KOH_LOC_002,Merima,KOH_02767,841.12,nearest_centroid_max_2500m,OpenStreetMap Overpass API
KOH_LOC_002,Merima,KOH_02768,842.61,nearest_centroid_max_2500m,OpenStreetMap Overpass API
KOH_LOC_002,Merima,KOH_02769,1102.9,nearest_centroid_max_2500m,OpenStreetMap Overpass API
KOH_LOC_002,Merima,KOH_02770,1492.25,nearest_centroid_max_2500m,OpenStreetMap Overpass API
KOH_LOC_084,Tsiesema Bawe,KOH_02771,1808.3,nearest_centroid_max_2500m,OpenStreetMap Overpass API
KOH_LOC_084,Tsiesema Bawe,KOH_02772,1421.39,nearest_centroid_max_2500m,OpenStreetMap Overpass API
KOH_LOC_084,Tsiesema Bawe,KOH_02773,1128.87,nearest_centroid_max_2500m,OpenStreetMap Overpass API
KOH_LOC_084,Tsiesema Bawe,KOH_02774,1016.22,nearest_centroid_max_2500m,OpenStreetMap Overpass API
KOH_LOC_080,Thizama,KOH_02775,1077.22,nearest_centroid_max_2500m,OpenStreetMap Overpass API
KOH_LOC_080,Thizama,KOH_02776,1320.71,nearest_centroid_max_2500m,OpenStreetMap Overpass API
KOH_LOC_080,Thizama,KOH_02777,1683.02,nearest_centroid_max_2500m,OpenStreetMap Overpass API
KOH_LOC_083,Tsiese Basa,KOH_02778,2027.61,nearest_centroid_max_2500m,OpenStreetMap Overpass API
KOH_LOC_083,Tsiese Basa,KOH_02779,2241.25,nearest_centroid_max_2500m,OpenStreetMap Overpass API
KOH_LOC_074,Nerhema,KOH_02780,2339.08,nearest_centroid_max_2500m,OpenStreetMap Overpass API
KOH_LOC_074,Nerhema,KOH_02781,2141.97,nearest_centroid_max_2500m,OpenStreetMap Overpass API
KOH_LOC_074,Nerhema,KOH_02782,2051.46,nearest_centroid_max_2500m,OpenStreetMap Overpass API
KOH_LOC_074,Nerhema,KOH_02783,2081.56,nearest_centroid_max_2500m,OpenStreetMap Overpass API
KOH_LOC_074,Nerhema,KOH_02784,2227.47,nearest_centroid_max_2500m,OpenStreetMap Overpass API
KOH_LOC_074,Nerhema,KOH_02785,2468.63,nearest_centroid_max_2500m,OpenStreetMap Overpass API
KOH_LOC_069,Seiyhama,KOH_02797,2098.31,nearest_centroid_max_2500m,OpenStreetMap Overpass API
KOH_LOC_069,Seiyhama,KOH_02798,1659.13,nearest_centroid_max_2500m,OpenStreetMap Overpass API
KOH_LOC_069,Seiyhama,KOH_02799,1267.46,nearest_centroid_max_2500m,OpenStreetMap Overpass API
KOH_LOC_069,Seiyhama,KOH_02800,981.84,nearest_centroid_max_2500m,OpenStreetMap Overpass API
KOH_LOC_069,Seiyhama,KOH_02801,908.77,nearest_centroid_max_2500m,OpenStreetMap Overpass API
KOH_LOC_069,Seiyhama,KOH_02802,1091.53,nearest_centroid_max_2500m,OpenStreetMap Overpass API
KOH_LOC_069,Seiyhama,KOH_02803,1435.59,nearest_centroid_max_2500m,OpenStreetMap Overpass API
KOH_LOC_069,Seiyhama,KOH_02804,1853.19,nearest_centroid_max_2500m,OpenStreetMap Overpass API
KOH_LOC_069,Seiyhama,KOH_02805,2304.7,nearest_centroid_max_2500m,OpenStreetMap Overpass API
KOH_LOC_065,Sendenyu,KOH_02808,2361.65,nearest_centroid_max_2500m,OpenStreetMap Overpass API
KOH_LOC_065,Sendenyu,KOH_02809,2170.79,nearest_centroid_max_2500m,OpenStreetMap Overpass API
KOH_LOC_065,Sendenyu,KOH_02810,2085.94,nearest_centroid_max_2500m,OpenStreetMap Overpass API
KOH_LOC_065,Sendenyu,KOH_02811,2119.88,nearest_centroid_max_2500m,OpenStreetMap Overpass API
KOH_LOC_065,Sendenyu,KOH_02812,2267.32,nearest_centroid_max_2500m,OpenStreetMap Overpass API
KOH_LOC_034,Jakhama HQ,KOH_02844,2410.54,nearest_centroid_max_2500m,OpenStreetMap Overpass API
KOH_LOC_034,Jakhama HQ,KOH_02845,2342.56,nearest_centroid_max_2500m,OpenStreetMap Overpass API
KOH_LOC_034,Jakhama HQ,KOH_02846,2380.95,nearest_centroid_max_2500m,OpenStreetMap Overpass API
KOH_LOC_057,Kigwema Town,KOH_02847,2186.71,nearest_centroid_max_2500m,OpenStreetMap Overpass API
KOH_LOC_057,Kigwema Town,KOH_02848,1898.2,nearest_centroid_max_2500m,OpenStreetMap Overpass API
KOH_LOC_057,Kigwema Town,KOH_02849,1711.28,nearest_centroid_max_2500m,OpenStreetMap Overpass API
KOH_LOC_057,Kigwema Town,KOH_02850,1660.59,nearest_centroid_max_2500m,OpenStreetMap Overpass API
KOH_LOC_057,Kigwema Town,KOH_02851,1758.09,nearest_centroid_max_2500m,OpenStreetMap Overpass API
KOH_LOC_057,Kigwema Town,KOH_02852,1982.01,nearest_centroid_max_2500m,OpenStreetMap Overpass API
KOH_LOC_062,Phesama,KOH_02853,1975.46,nearest_centroid_max_2500m,OpenStreetMap Overpass API
KOH_LOC_062,Phesama,KOH_02854,1621.24,nearest_centroid_max_2500m,OpenStreetMap Overpass API
KOH_LOC_062,Phesama,KOH_02855,1363.07,nearest_centroid_max_2500m,OpenStreetMap Overpass API
KOH_LOC_062,Phesama,KOH_02856,1261.7,nearest_centroid_max_2500m,OpenStreetMap Overpass API
KOH_LOC_062,Phesama,KOH_02857,1352.58,nearest_centroid_max_2500m,OpenStreetMap Overpass API
KOH_LOC_026,Minister Hill,KOH_02858,1332.76,nearest_centroid_max_2500m,OpenStreetMap Overpass API
KOH_LOC_026,Minister Hill,KOH_02859,862.28,nearest_centroid_max_2500m,OpenStreetMap Overpass API
KOH_LOC_026,Minister Hill,KOH_02860,463.31,nearest_centroid_max_2500m,OpenStreetMap Overpass API
KOH_LOC_026,Minister Hill,KOH_02861,435.68,nearest_centroid_max_2500m,OpenStreetMap Overpass API
KOH_LOC_018,Porter Lane,KOH_02862,377.1,nearest_centroid_max_2500m,OpenStreetMap Overpass API
KOH_LOC_004,Kohima,KOH_02863,120.9,nearest_centroid_max_2500m,OpenStreetMap Overpass API
KOH_LOC_023,Midland Colony,KOH_02864,118.27,nearest_centroid_max_2500m,OpenStreetMap Overpass API
KOH_LOC_021,Daklane,KOH_02865,316.73,nearest_centroid_max_2500m,OpenStreetMap Overpass API
KOH_LOC_022,Naga Bazar,KOH_02866,424.07,nearest_centroid_max_2500m,OpenStreetMap Overpass API
KOH_LOC_022,Naga Bazar,KOH_02867,597.07,nearest_centroid_max_2500m,OpenStreetMap Overpass API
KOH_LOC_017,Bayavü,KOH_02868,375.62,nearest_centroid_max_2500m,OpenStreetMap Overpass API
KOH_LOC_017,Bayavü,KOH_02869,322.92,nearest_centroid_max_2500m,OpenStreetMap Overpass API
KOH_LOC_016,High School Colony,KOH_02870,673.66,nearest_centroid_max_2500m,OpenStreetMap Overpass API
KOH_LOC_016,High School Colony,KOH_02871,725.69,nearest_centroid_max_2500m,OpenStreetMap Overpass API
KOH_LOC_016,High School Colony,KOH_02872,1050.49,nearest_centroid_max_2500m,OpenStreetMap Overpass API
KOH_LOC_016,High School Colony,KOH_02873,1477.95,nearest_centroid_max_2500m,OpenStreetMap Overpass API
KOH_LOC_002,Merima,KOH_02874,1326.32,nearest_centroid_max_2500m,OpenStreetMap Overpass API
KOH_LOC_002,Merima,KOH_02875,1327.25,nearest_centroid_max_2500m,OpenStreetMap Overpass API
KOH_LOC_002,Merima,KOH_02876,1506.0,nearest_centroid_max_2500m,OpenStreetMap Overpass API
KOH_LOC_002,Merima,KOH_02877,1810.55,nearest_centroid_max_2500m,OpenStreetMap Overpass API
KOH_LOC_080,Thizama,KOH_02878,1757.78,nearest_centroid_max_2500m,OpenStreetMap Overpass API
KOH_LOC_080,Thizama,KOH_02879,1287.5,nearest_centroid_max_2500m,OpenStreetMap Overpass API
KOH_LOC_080,Thizama,KOH_02880,854.34,nearest_centroid_max_2500m,OpenStreetMap Overpass API
KOH_LOC_080,Thizama,KOH_02881,553.12,nearest_centroid_max_2500m,OpenStreetMap Overpass API
KOH_LOC_080,Thizama,KOH_02882,621.21,nearest_centroid_max_2500m,OpenStreetMap Overpass API
KOH_LOC_080,Thizama,KOH_02883,984.92,nearest_centroid_max_2500m,OpenStreetMap Overpass API
KOH_LOC_080,Thizama,KOH_02884,1434.56,nearest_centroid_max_2500m,OpenStreetMap Overpass API
KOH_LOC_080,Thizama,KOH_02885,1910.43,nearest_centroid_max_2500m,OpenStreetMap Overpass API
KOH_LOC_074,Nerhema,KOH_02886,2250.23,nearest_centroid_max_2500m,OpenStreetMap Overpass API
KOH_LOC_074,Nerhema,KOH_02887,1917.33,nearest_centroid_max_2500m,OpenStreetMap Overpass API
KOH_LOC_074,Nerhema,KOH_02888,1671.16,nearest_centroid_max_2500m,OpenStreetMap Overpass API
KOH_LOC_074,Nerhema,KOH_02889,1553.47,nearest_centroid_max_2500m,OpenStreetMap Overpass API
KOH_LOC_074,Nerhema,KOH_02890,1593.01,nearest_centroid_max_2500m,OpenStreetMap Overpass API
KOH_LOC_074,Nerhema,KOH_02891,1779.39,nearest_centroid_max_2500m,OpenStreetMap Overpass API
KOH_LOC_074,Nerhema,KOH_02892,2073.37,nearest_centroid_max_2500m,OpenStreetMap Overpass API
KOH_LOC_074,Nerhema,KOH_02893,2436.22,nearest_centroid_max_2500m,OpenStreetMap Overpass API
KOH_LOC_069,Seiyhama,KOH_02903,2430.25,nearest_centroid_max_2500m,OpenStreetMap Overpass API
KOH_LOC_069,Seiyhama,KOH_02904,1937.01,nearest_centroid_max_2500m,OpenStreetMap Overpass API
KOH_LOC_069,Seiyhama,KOH_02905,1449.77,nearest_centroid_max_2500m,OpenStreetMap Overpass API
KOH_LOC_069,Seiyhama,KOH_02906,977.41,nearest_centroid_max_2500m,OpenStreetMap Overpass API
KOH_LOC_069,Seiyhama,KOH_02907,559.53,nearest_centroid_max_2500m,OpenStreetMap Overpass API
KOH_LOC_069,Seiyhama,KOH_02908,418.0,nearest_centroid_max_2500m,OpenStreetMap Overpass API
KOH_LOC_069,Seiyhama,KOH_02909,735.04,nearest_centroid_max_2500m,OpenStreetMap Overpass API
KOH_LOC_069,Seiyhama,KOH_02910,1187.33,nearest_centroid_max_2500m,OpenStreetMap Overpass API
KOH_LOC_069,Seiyhama,KOH_02911,1668.27,nearest_centroid_max_2500m,OpenStreetMap Overpass API
KOH_LOC_069,Seiyhama,KOH_02912,2158.91,nearest_centroid_max_2500m,OpenStreetMap Overpass API
KOH_LOC_065,Sendenyu,KOH_02914,2261.78,nearest_centroid_max_2500m,OpenStreetMap Overpass API
KOH_LOC_065,Sendenyu,KOH_02915,1935.64,nearest_centroid_max_2500m,OpenStreetMap Overpass API
KOH_LOC_065,Sendenyu,KOH_02916,1697.54,nearest_centroid_max_2500m,OpenStreetMap Overpass API
KOH_LOC_065,Sendenyu,KOH_02917,1587.61,nearest_centroid_max_2500m,OpenStreetMap Overpass API
KOH_LOC_065,Sendenyu,KOH_02918,1631.95,nearest_centroid_max_2500m,OpenStreetMap Overpass API
KOH_LOC_065,Sendenyu,KOH_02919,1819.38,nearest_centroid_max_2500m,OpenStreetMap Overpass API
KOH_LOC_065,Sendenyu,KOH_02920,2112.08,nearest_centroid_max_2500m,OpenStreetMap Overpass API
KOH_LOC_065,Sendenyu,KOH_02921,2472.95,nearest_centroid_max_2500m,OpenStreetMap Overpass API
KOH_LOC_034,Jakhama HQ,KOH_02949,2424.73,nearest_centroid_max_2500m,OpenStreetMap Overpass API
KOH_LOC_034,Jakhama HQ,KOH_02950,2132.79,nearest_centroid_max_2500m,OpenStreetMap Overpass API
KOH_LOC_034,Jakhama HQ,KOH_02951,1929.2,nearest_centroid_max_2500m,OpenStreetMap Overpass API
KOH_LOC_034,Jakhama HQ,KOH_02952,1843.66,nearest_centroid_max_2500m,OpenStreetMap Overpass API
KOH_LOC_034,Jakhama HQ,KOH_02953,1892.09,nearest_centroid_max_2500m,OpenStreetMap Overpass API
KOH_LOC_057,Kigwema Town,KOH_02954,1837.14,nearest_centroid_max_2500m,OpenStreetMap Overpass API
KOH_LOC_057,Kigwema Town,KOH_02955,1481.98,nearest_centroid_max_2500m,OpenStreetMap Overpass API
KOH_LOC_057,Kigwema Town,KOH_02956,1233.47,nearest_centroid_max_2500m,OpenStreetMap Overpass API
KOH_LOC_057,Kigwema Town,KOH_02957,1162.23,nearest_centroid_max_2500m,OpenStreetMap Overpass API
KOH_LOC_057,Kigwema Town,KOH_02958,1297.66,nearest_centroid_max_2500m,OpenStreetMap Overpass API
KOH_LOC_057,Kigwema Town,KOH_02959,1587.82,nearest_centroid_max_2500m,OpenStreetMap Overpass API
KOH_LOC_062,Phesama,KOH_02960,1700.66,nearest_centroid_max_2500m,OpenStreetMap Overpass API
KOH_LOC_062,Phesama,KOH_02961,1271.92,nearest_centroid_max_2500m,OpenStreetMap Overpass API
KOH_LOC_062,Phesama,KOH_02962,920.7,nearest_centroid_max_2500m,OpenStreetMap Overpass API
KOH_LOC_062,Phesama,KOH_02963,762.47,nearest_centroid_max_2500m,OpenStreetMap Overpass API
KOH_LOC_062,Phesama,KOH_02964,905.02,nearest_centroid_max_2500m,OpenStreetMap Overpass API
KOH_LOC_062,Phesama,KOH_02965,1249.33,nearest_centroid_max_2500m,OpenStreetMap Overpass API
KOH_LOC_012,Lerie,KOH_02966,987.92,nearest_centroid_max_2500m,OpenStreetMap Overpass API
KOH_LOC_012,Lerie,KOH_02967,488.17,nearest_centroid_max_2500m,OpenStreetMap Overpass API
KOH_LOC_012,Lerie,KOH_02968,69.19,nearest_centroid_max_2500m,OpenStreetMap Overpass API
KOH_LOC_024,AG Colony,KOH_02969,49.99,nearest_centroid_max_2500m,OpenStreetMap Overpass API
KOH_LOC_025,Chandmari,KOH_02970,324.89,nearest_centroid_max_2500m,OpenStreetMap Overpass API
KOH_LOC_023,Midland Colony,KOH_02971,383.29,nearest_centroid_max_2500m,OpenStreetMap Overpass API
KOH_LOC_021,Daklane,KOH_02972,253.98,nearest_centroid_max_2500m,OpenStreetMap Overpass API
KOH_LOC_022,Naga Bazar,KOH_02973,111.08,nearest_centroid_max_2500m,OpenStreetMap Overpass API
KOH_LOC_022,Naga Bazar,KOH_02974,434.81,nearest_centroid_max_2500m,OpenStreetMap Overpass API
KOH_LOC_017,Bayavü,KOH_02975,386.23,nearest_centroid_max_2500m,OpenStreetMap Overpass API
KOH_LOC_017,Bayavü,KOH_02976,335.07,nearest_centroid_max_2500m,OpenStreetMap Overpass API
KOH_LOC_017,Bayavü,KOH_02977,761.21,nearest_centroid_max_2500m,OpenStreetMap Overpass API
KOH_LOC_016,High School Colony,KOH_02978,1193.53,nearest_centroid_max_2500m,OpenStreetMap Overpass API
KOH_LOC_016,High School Colony,KOH_02979,1414.69,nearest_centroid_max_2500m,OpenStreetMap Overpass API
KOH_LOC_016,High School Colony,KOH_02980,1755.52,nearest_centroid_max_2500m,OpenStreetMap Overpass API
KOH_LOC_002,Merima,KOH_02981,1819.11,nearest_centroid_max_2500m,OpenStreetMap Overpass API
KOH_LOC_002,Merima,KOH_02982,1819.78,nearest_centroid_max_2500m,OpenStreetMap Overpass API
KOH_LOC_002,Merima,KOH_02983,1953.95,nearest_centroid_max_2500m,OpenStreetMap Overpass API
KOH_LOC_080,Thizama,KOH_02984,2179.44,nearest_centroid_max_2500m,OpenStreetMap Overpass API
KOH_LOC_080,Thizama,KOH_02985,1677.42,nearest_centroid_max_2500m,OpenStreetMap Overpass API
KOH_LOC_080,Thizama,KOH_02986,1175.56,nearest_centroid_max_2500m,OpenStreetMap Overpass API
KOH_LOC_080,Thizama,KOH_02987,673.84,nearest_centroid_max_2500m,OpenStreetMap Overpass API
KOH_LOC_080,Thizama,KOH_02988,173.43,nearest_centroid_max_2500m,OpenStreetMap Overpass API
KOH_LOC_080,Thizama,KOH_02989,331.78,nearest_centroid_max_2500m,OpenStreetMap Overpass API
KOH_LOC_080,Thizama,KOH_02990,833.08,nearest_centroid_max_2500m,OpenStreetMap Overpass API
KOH_LOC_080,Thizama,KOH_02991,1334.87,nearest_centroid_max_2500m,OpenStreetMap Overpass API
KOH_LOC_080,Thizama,KOH_02992,1836.75,nearest_centroid_max_2500m,OpenStreetMap Overpass API
KOH_LOC_074,Nerhema,KOH_02993,1940.81,nearest_centroid_max_2500m,OpenStreetMap Overpass API
KOH_LOC_074,Nerhema,KOH_02994,1542.55,nearest_centroid_max_2500m,OpenStreetMap Overpass API
KOH_LOC_074,Nerhema,KOH_02995,1223.13,nearest_centroid_max_2500m,OpenStreetMap Overpass API
KOH_LOC_074,Nerhema,KOH_02996,1056.68,nearest_centroid_max_2500m,OpenStreetMap Overpass API
KOH_LOC_074,Nerhema,KOH_02997,1114.0,nearest_centroid_max_2500m,OpenStreetMap Overpass API
KOH_LOC_074,Nerhema,KOH_02998,1367.31,nearest_centroid_max_2500m,OpenStreetMap Overpass API
KOH_LOC_074,Nerhema,KOH_02999,1732.59,nearest_centroid_max_2500m,OpenStreetMap Overpass API
KOH_LOC_075,Chiephobozou,KOH_03000,2116.14,nearest_centroid_max_2500m,OpenStreetMap Overpass API
KOH_LOC_075,Chiephobozou,KOH_03001,2150.76,nearest_centroid_max_2500m,OpenStreetMap Overpass API
KOH_LOC_075,Chiephobozou,KOH_03002,2297.26,nearest_centroid_max_2500m,OpenStreetMap Overpass API
KOH_LOC_069,Seiyhama,KOH_03010,2398.7,nearest_centroid_max_2500m,OpenStreetMap Overpass API
KOH_LOC_069,Seiyhama,KOH_03011,1897.27,nearest_centroid_max_2500m,OpenStreetMap Overpass API
KOH_LOC_069,Seiyhama,KOH_03012,1396.21,nearest_centroid_max_2500m,OpenStreetMap Overpass API
KOH_LOC_069,Seiyhama,KOH_03013,896.14,nearest_centroid_max_2500m,OpenStreetMap Overpass API
KOH_LOC_069,Seiyhama,KOH_03014,400.7,nearest_centroid_max_2500m,OpenStreetMap Overpass API
KOH_LOC_069,Seiyhama,KOH_03015,148.89,nearest_centroid_max_2500m,OpenStreetMap Overpass API
KOH_LOC_069,Seiyhama,KOH_03016,622.64,nearest_centroid_max_2500m,OpenStreetMap Overpass API
KOH_LOC_069,Seiyhama,KOH_03017,1121.22,nearest_centroid_max_2500m,OpenStreetMap Overpass API
KOH_LOC_069,Seiyhama,KOH_03018,1621.87,nearest_centroid_max_2500m,OpenStreetMap Overpass API
KOH_LOC_069,Seiyhama,KOH_03019,2123.14,nearest_centroid_max_2500m,OpenStreetMap Overpass API
KOH_LOC_066,Tsonsunyu,KOH_03020,2258.72,nearest_centroid_max_2500m,OpenStreetMap Overpass API
KOH_LOC_065,Sendenyu,KOH_03021,1945.17,nearest_centroid_max_2500m,OpenStreetMap Overpass API
KOH_LOC_065,Sendenyu,KOH_03022,1553.86,nearest_centroid_max_2500m,OpenStreetMap Overpass API
KOH_LOC_065,Sendenyu,KOH_03023,1244.77,nearest_centroid_max_2500m,OpenStreetMap Overpass API
KOH_LOC_065,Sendenyu,KOH_03024,1090.1,nearest_centroid_max_2500m,OpenStreetMap Overpass API
KOH_LOC_065,Sendenyu,KOH_03025,1153.73,nearest_centroid_max_2500m,OpenStreetMap Overpass API
KOH_LOC_065,Sendenyu,KOH_03026,1406.25,nearest_centroid_max_2500m,OpenStreetMap Overpass API
KOH_LOC_065,Sendenyu,KOH_03027,1768.75,nearest_centroid_max_2500m,OpenStreetMap Overpass API
KOH_LOC_065,Sendenyu,KOH_03028,2187.03,nearest_centroid_max_2500m,OpenStreetMap Overpass API
KOH_LOC_054,Khuzama,KOH_03050,2414.86,nearest_centroid_max_2500m,OpenStreetMap Overpass API
KOH_LOC_054,Khuzama,KOH_03051,2348.89,nearest_centroid_max_2500m,OpenStreetMap Overpass API
KOH_LOC_054,Khuzama,KOH_03052,2388.85,nearest_centroid_max_2500m,OpenStreetMap Overpass API
KOH_LOC_055,Sweba,KOH_03057,2411.93,nearest_centroid_max_2500m,OpenStreetMap Overpass API
KOH_LOC_034,Jakhama HQ,KOH_03058,2071.07,nearest_centroid_max_2500m,OpenStreetMap Overpass API
KOH_LOC_034,Jakhama HQ,KOH_03059,1720.02,nearest_centroid_max_2500m,OpenStreetMap Overpass API
KOH_LOC_034,Jakhama HQ,KOH_03060,1460.01,nearest_centroid_max_2500m,OpenStreetMap Overpass API
KOH_LOC_034,Jakhama HQ,KOH_03061,1344.87,nearest_centroid_max_2500m,OpenStreetMap Overpass API
KOH_LOC_034,Jakhama HQ,KOH_03062,1410.55,nearest_centroid_max_2500m,OpenStreetMap Overpass API
KOH_LOC_057,Kigwema Town,KOH_03063,1570.58,nearest_centroid_max_2500m,OpenStreetMap Overpass API
KOH_LOC_057,Kigwema Town,KOH_03064,1134.9,nearest_centroid_max_2500m,OpenStreetMap Overpass API
KOH_LOC_057,Kigwema Town,KOH_03065,783.06,nearest_centroid_max_2500m,OpenStreetMap Overpass API
KOH_LOC_057,Kigwema Town,KOH_03066,665.06,nearest_centroid_max_2500m,OpenStreetMap Overpass API
KOH_LOC_057,Kigwema Town,KOH_03067,880.58,nearest_centroid_max_2500m,OpenStreetMap Overpass API
KOH_LOC_057,Kigwema Town,KOH_03068,1269.87,nearest_centroid_max_2500m,OpenStreetMap Overpass API
KOH_LOC_062,Phesama,KOH_03069,1542.78,nearest_centroid_max_2500m,OpenStreetMap Overpass API
KOH_LOC_062,Phesama,KOH_03070,1051.66,nearest_centroid_max_2500m,OpenStreetMap Overpass API
KOH_LOC_062,Phesama,KOH_03071,579.44,nearest_centroid_max_2500m,OpenStreetMap Overpass API
KOH_LOC_062,Phesama,KOH_03072,263.44,nearest_centroid_max_2500m,OpenStreetMap Overpass API
KOH_LOC_062,Phesama,KOH_03073,554.2,nearest_centroid_max_2500m,OpenStreetMap Overpass API
KOH_LOC_062,Phesama,KOH_03074,1024.07,nearest_centroid_max_2500m,OpenStreetMap Overpass API
KOH_LOC_012,Lerie,KOH_03075,1076.46,nearest_centroid_max_2500m,OpenStreetMap Overpass API
KOH_LOC_012,Lerie,KOH_03076,648.88,nearest_centroid_max_2500m,OpenStreetMap Overpass API
KOH_LOC_012,Lerie,KOH_03077,432.96,nearest_centroid_max_2500m,OpenStreetMap Overpass API
KOH_LOC_024,AG Colony,KOH_03078,497.14,nearest_centroid_max_2500m,OpenStreetMap Overpass API
KOH_LOC_024,AG Colony,KOH_03079,741.05,nearest_centroid_max_2500m,OpenStreetMap Overpass API
KOH_LOC_023,Midland Colony,KOH_03080,882.31,nearest_centroid_max_2500m,OpenStreetMap Overpass API
KOH_LOC_021,Daklane,KOH_03081,726.12,nearest_centroid_max_2500m,OpenStreetMap Overpass API
KOH_LOC_022,Naga Bazar,KOH_03082,585.93,nearest_centroid_max_2500m,OpenStreetMap Overpass API
KOH_LOC_086,T-Khel,KOH_03083,300.27,nearest_centroid_max_2500m,OpenStreetMap Overpass API
KOH_LOC_086,T-Khel,KOH_03084,517.9,nearest_centroid_max_2500m,OpenStreetMap Overpass API
KOH_LOC_017,Bayavü,KOH_03085,786.61,nearest_centroid_max_2500m,OpenStreetMap Overpass API
KOH_LOC_017,Bayavü,KOH_03086,1042.04,nearest_centroid_max_2500m,OpenStreetMap Overpass API
KOH_LOC_017,Bayavü,KOH_03087,1434.16,nearest_centroid_max_2500m,OpenStreetMap Overpass API
KOH_LOC_016,High School Colony,KOH_03088,1843.21,nearest_centroid_max_2500m,OpenStreetMap Overpass API
KOH_LOC_016,High School Colony,KOH_03089,2116.14,nearest_centroid_max_2500m,OpenStreetMap Overpass API
KOH_LOC_002,Merima,KOH_03090,2314.68,nearest_centroid_max_2500m,OpenStreetMap Overpass API
KOH_LOC_002,Merima,KOH_03091,2315.18,nearest_centroid_max_2500m,OpenStreetMap Overpass API
KOH_LOC_002,Merima,KOH_03092,2422.04,nearest_centroid_max_2500m,OpenStreetMap Overpass API
KOH_LOC_080,Thizama,KOH_03093,2229.96,nearest_centroid_max_2500m,OpenStreetMap Overpass API
KOH_LOC_080,Thizama,KOH_03094,1742.55,nearest_centroid_max_2500m,OpenStreetMap Overpass API
KOH_LOC_080,Thizama,KOH_03095,1266.77,nearest_centroid_max_2500m,OpenStreetMap Overpass API
KOH_LOC_080,Thizama,KOH_03096,822.65,nearest_centroid_max_2500m,OpenStreetMap Overpass API
KOH_LOC_080,Thizama,KOH_03097,502.72,nearest_centroid_max_2500m,OpenStreetMap Overpass API
KOH_LOC_080,Thizama,KOH_03098,576.78,nearest_centroid_max_2500m,OpenStreetMap Overpass API
KOH_LOC_080,Thizama,KOH_03099,957.38,nearest_centroid_max_2500m,OpenStreetMap Overpass API
KOH_LOC_080,Thizama,KOH_03100,1415.76,nearest_centroid_max_2500m,OpenStreetMap Overpass API
KOH_LOC_080,Thizama,KOH_03101,1896.34,nearest_centroid_max_2500m,OpenStreetMap Overpass API
KOH_LOC_074,Nerhema,KOH_03102,1723.1,nearest_centroid_max_2500m,OpenStreetMap Overpass API
KOH_LOC_074,Nerhema,KOH_03103,1257.54,nearest_centroid_max_2500m,OpenStreetMap Overpass API
KOH_LOC_074,Nerhema,KOH_03104,835.39,nearest_centroid_max_2500m,OpenStreetMap Overpass API
KOH_LOC_074,Nerhema,KOH_03105,564.25,nearest_centroid_max_2500m,OpenStreetMap Overpass API
KOH_LOC_074,Nerhema,KOH_03106,665.42,nearest_centroid_max_2500m,OpenStreetMap Overpass API
KOH_LOC_074,Nerhema,KOH_03107,1034.94,nearest_centroid_max_2500m,OpenStreetMap Overpass API
KOH_LOC_074,Nerhema,KOH_03108,1484.47,nearest_centroid_max_2500m,OpenStreetMap Overpass API
KOH_LOC_075,Chiephobozou,KOH_03109,1617.74,nearest_centroid_max_2500m,OpenStreetMap Overpass API
KOH_LOC_075,Chiephobozou,KOH_03110,1662.68,nearest_centroid_max_2500m,OpenStreetMap Overpass API
KOH_LOC_075,Chiephobozou,KOH_03111,1848.29,nearest_centroid_max_2500m,OpenStreetMap Overpass API
KOH_LOC_075,Chiephobozou,KOH_03112,2138.16,nearest_centroid_max_2500m,OpenStreetMap Overpass API
KOH_LOC_075,Chiephobozou,KOH_03113,2496.33,nearest_centroid_max_2500m,OpenStreetMap Overpass API
KOH_LOC_069,Seiyhama,KOH_03119,2469.78,nearest_centroid_max_2500m,OpenStreetMap Overpass API
KOH_LOC_069,Seiyhama,KOH_03120,1986.35,nearest_centroid_max_2500m,OpenStreetMap Overpass API
KOH_LOC_069,Seiyhama,KOH_03121,1515.06,nearest_centroid_max_2500m,OpenStreetMap Overpass API
KOH_LOC_069,Seiyhama,KOH_03122,1071.93,nearest_centroid_max_2500m,OpenStreetMap Overpass API
KOH_LOC_069,Seiyhama,KOH_03123,711.73,nearest_centroid_max_2500m,OpenStreetMap Overpass API
KOH_LOC_069,Seiyhama,KOH_03124,606.74,nearest_centroid_max_2500m,OpenStreetMap Overpass API
KOH_LOC_069,Seiyhama,KOH_03125,856.5,nearest_centroid_max_2500m,OpenStreetMap Overpass API
KOH_LOC_069,Seiyhama,KOH_03126,1266.08,nearest_centroid_max_2500m,OpenStreetMap Overpass API
KOH_LOC_069,Seiyhama,KOH_03127,1725.21,nearest_centroid_max_2500m,OpenStreetMap Overpass API
KOH_LOC_067,Tsiemekhuma,KOH_03128,1866.62,nearest_centroid_max_2500m,OpenStreetMap Overpass API
KOH_LOC_067,Tsiemekhuma,KOH_03129,1864.68,nearest_centroid_max_2500m,OpenStreetMap Overpass API
KOH_LOC_066,Tsonsunyu,KOH_03130,1563.05,nearest_centroid_max_2500m,OpenStreetMap Overpass API
KOH_LOC_065,Sendenyu,KOH_03131,1257.34,nearest_centroid_max_2500m,OpenStreetMap Overpass API
KOH_LOC_065,Sendenyu,KOH_03132,846.0,nearest_centroid_max_2500m,OpenStreetMap Overpass API
KOH_LOC_065,Sendenyu,KOH_03133,595.45,nearest_centroid_max_2500m,OpenStreetMap Overpass API
KOH_LOC_065,Sendenyu,KOH_03134,705.13,nearest_centroid_max_2500m,OpenStreetMap Overpass API
KOH_LOC_065,Sendenyu,KOH_03135,1069.52,nearest_centroid_max_2500m,OpenStreetMap Overpass API
KOH_LOC_065,Sendenyu,KOH_03136,1514.71,nearest_centroid_max_2500m,OpenStreetMap Overpass API
KOH_LOC_065,Sendenyu,KOH_03137,1987.17,nearest_centroid_max_2500m,OpenStreetMap Overpass API
KOH_LOC_065,Sendenyu,KOH_03138,2471.26,nearest_centroid_max_2500m,OpenStreetMap Overpass API
KOH_LOC_046,Mao Gate,KOH_03157,2268.71,nearest_centroid_max_2500m,OpenStreetMap Overpass API
KOH_LOC_054,Khuzama,KOH_03158,2134.28,nearest_centroid_max_2500m,OpenStreetMap Overpass API
KOH_LOC_054,Khuzama,KOH_03159,1933.02,nearest_centroid_max_2500m,OpenStreetMap Overpass API
KOH_LOC_054,Khuzama,KOH_03160,1849.84,nearest_centroid_max_2500m,OpenStreetMap Overpass API
KOH_LOC_054,Khuzama,KOH_03161,1900.33,nearest_centroid_max_2500m,OpenStreetMap Overpass API
KOH_LOC_054,Khuzama,KOH_03162,2074.73,nearest_centroid_max_2500m,OpenStreetMap Overpass API
KOH_LOC_054,Khuzama,KOH_03163,2345.72,nearest_centroid_max_2500m,OpenStreetMap Overpass API
KOH_LOC_055,Sweba,KOH_03165,2187.51,nearest_centroid_max_2500m,OpenStreetMap Overpass API
KOH_LOC_055,Sweba,KOH_03166,1943.78,nearest_centroid_max_2500m,OpenStreetMap Overpass API
KOH_LOC_034,Jakhama HQ,KOH_03167,1788.24,nearest_centroid_max_2500m,OpenStreetMap Overpass API
KOH_LOC_034,Jakhama HQ,KOH_03168,1366.35,nearest_centroid_max_2500m,OpenStreetMap Overpass API
KOH_LOC_034,Jakhama HQ,KOH_03169,1019.71,nearest_centroid_max_2500m,OpenStreetMap Overpass API
KOH_LOC_034,Jakhama HQ,KOH_03170,846.68,nearest_centroid_max_2500m,OpenStreetMap Overpass API
KOH_LOC_034,Jakhama HQ,KOH_03171,947.54,nearest_centroid_max_2500m,OpenStreetMap Overpass API
KOH_LOC_034,Jakhama HQ,KOH_03172,1258.21,nearest_centroid_max_2500m,OpenStreetMap Overpass API
KOH_LOC_057,Kigwema Town,KOH_03173,937.11,nearest_centroid_max_2500m,OpenStreetMap Overpass API
KOH_LOC_057,Kigwema Town,KOH_03174,450.93,nearest_centroid_max_2500m,OpenStreetMap Overpass API
KOH_LOC_057,Kigwema Town,KOH_03175,180.08,nearest_centroid_max_2500m,OpenStreetMap Overpass API
KOH_LOC_057,Kigwema Town,KOH_03176,604.59,nearest_centroid_max_2500m,OpenStreetMap Overpass API
KOH_LOC_057,Kigwema Town,KOH_03177,1096.6,nearest_centroid_max_2500m,OpenStreetMap Overpass API
KOH_LOC_062,Phesama,KOH_03178,1538.45,nearest_centroid_max_2500m,OpenStreetMap Overpass API
KOH_LOC_062,Phesama,KOH_03179,1045.29,nearest_centroid_max_2500m,OpenStreetMap Overpass API
KOH_LOC_062,Phesama,KOH_03180,567.75,nearest_centroid_max_2500m,OpenStreetMap Overpass API
KOH_LOC_062,Phesama,KOH_03181,236.56,nearest_centroid_max_2500m,OpenStreetMap Overpass API
KOH_LOC_062,Phesama,KOH_03182,541.85,nearest_centroid_max_2500m,OpenStreetMap Overpass API
KOH_LOC_062,Phesama,KOH_03183,1017.43,nearest_centroid_max_2500m,OpenStreetMap Overpass API
KOH_LOC_061,Pfuchama,KOH_03184,1191.57,nearest_centroid_max_2500m,OpenStreetMap Overpass API
KOH_LOC_012,Lerie,KOH_03185,1049.84,nearest_centroid_max_2500m,OpenStreetMap Overpass API
KOH_LOC_012,Lerie,KOH_03186,932.05,nearest_centroid_max_2500m,OpenStreetMap Overpass API
KOH_LOC_024,AG Colony,KOH_03187,995.16,nearest_centroid_max_2500m,OpenStreetMap Overpass API
KOH_LOC_024,AG Colony,KOH_03188,1136.78,nearest_centroid_max_2500m,OpenStreetMap Overpass API
KOH_LOC_021,Daklane,KOH_03189,1370.48,nearest_centroid_max_2500m,OpenStreetMap Overpass API
KOH_LOC_086,T-Khel,KOH_03190,1097.58,nearest_centroid_max_2500m,OpenStreetMap Overpass API
KOH_LOC_086,T-Khel,KOH_03191,612.19,nearest_centroid_max_2500m,OpenStreetMap Overpass API
KOH_LOC_086,T-Khel,KOH_03192,220.81,nearest_centroid_max_2500m,OpenStreetMap Overpass API
KOH_LOC_086,T-Khel,KOH_03193,476.21,nearest_centroid_max_2500m,OpenStreetMap Overpass API
KOH_LOC_086,T-Khel,KOH_03194,953.26,nearest_centroid_max_2500m,OpenStreetMap Overpass API
KOH_LOC_017,Bayavü,KOH_03195,1445.97,nearest_centroid_max_2500m,OpenStreetMap Overpass API
KOH_LOC_017,Bayavü,KOH_03196,1749.82,nearest_centroid_max_2500m,OpenStreetMap Overpass API
KOH_LOC_017,Bayavü,KOH_03197,2129.95,nearest_centroid_max_2500m,OpenStreetMap Overpass API
KOH_LOC_039,Rusoma Village,KOH_03199,2470.01,nearest_centroid_max_2500m,OpenStreetMap Overpass API
KOH_LOC_039,Rusoma Village,KOH_03200,2199.23,nearest_centroid_max_2500m,OpenStreetMap Overpass API
KOH_LOC_039,Rusoma Village,KOH_03201,2019.12,nearest_centroid_max_2500m,OpenStreetMap Overpass API
KOH_LOC_039,Rusoma Village,KOH_03202,1954.75,nearest_centroid_max_2500m,OpenStreetMap Overpass API
KOH_LOC_080,Thizama,KOH_03203,1938.56,nearest_centroid_max_2500m,OpenStreetMap Overpass API
KOH_LOC_080,Thizama,KOH_03204,1525.09,nearest_centroid_max_2500m,OpenStreetMap Overpass API
KOH_LOC_080,Thizama,KOH_03205,1182.33,nearest_centroid_max_2500m,OpenStreetMap Overpass API
KOH_LOC_080,Thizama,KOH_03206,986.81,nearest_centroid_max_2500m,OpenStreetMap Overpass API
KOH_LOC_080,Thizama,KOH_03207,1026.46,nearest_centroid_max_2500m,OpenStreetMap Overpass API
KOH_LOC_080,Thizama,KOH_03208,1279.73,nearest_centroid_max_2500m,OpenStreetMap Overpass API
KOH_LOC_080,Thizama,KOH_03209,1650.89,nearest_centroid_max_2500m,OpenStreetMap Overpass API
KOH_LOC_080,Thizama,KOH_03210,2077.76,nearest_centroid_max_2500m,OpenStreetMap Overpass API
KOH_LOC_074,Nerhema,KOH_03211,1633.83,nearest_centroid_max_2500m,OpenStreetMap Overpass API
KOH_LOC_074,Nerhema,KOH_03212,1132.23,nearest_centroid_max_2500m,OpenStreetMap Overpass API
KOH_LOC_074,Nerhema,KOH_03213,631.06,nearest_centroid_max_2500m,OpenStreetMap Overpass API
KOH_LOC_074,Nerhema,KOH_03214,136.75,nearest_centroid_max_2500m,OpenStreetMap Overpass API
KOH_LOC_074,Nerhema,KOH_03215,378.26,nearest_centroid_max_2500m,OpenStreetMap Overpass API
KOH_LOC_074,Nerhema,KOH_03216,878.28,nearest_centroid_max_2500m,OpenStreetMap Overpass API
KOH_LOC_075,Chiephobozou,KOH_03217,1269.08,nearest_centroid_max_2500m,OpenStreetMap Overpass API
KOH_LOC_075,Chiephobozou,KOH_03218,1119.95,nearest_centroid_max_2500m,OpenStreetMap Overpass API
KOH_LOC_075,Chiephobozou,KOH_03219,1184.08,nearest_centroid_max_2500m,OpenStreetMap Overpass API
KOH_LOC_075,Chiephobozou,KOH_03220,1433.0,nearest_centroid_max_2500m,OpenStreetMap Overpass API
KOH_LOC_075,Chiephobozou,KOH_03221,1791.38,nearest_centroid_max_2500m,OpenStreetMap Overpass API
KOH_LOC_035,Chiephobozou,KOH_03222,2016.39,nearest_centroid_max_2500m,OpenStreetMap Overpass API
KOH_LOC_035,Chiephobozou,KOH_03223,2075.01,nearest_centroid_max_2500m,OpenStreetMap Overpass API
KOH_LOC_035,Chiephobozou,KOH_03224,2247.01,nearest_centroid_max_2500m,OpenStreetMap Overpass API
KOH_LOC_069,Seiyhama,KOH_03229,2188.62,nearest_centroid_max_2500m,OpenStreetMap Overpass API
KOH_LOC_069,Seiyhama,KOH_03230,1771.98,nearest_centroid_max_2500m,OpenStreetMap Overpass API
KOH_LOC_069,Seiyhama,KOH_03231,1411.89,nearest_centroid_max_2500m,OpenStreetMap Overpass API
KOH_LOC_069,Seiyhama,KOH_03232,1162.37,nearest_centroid_max_2500m,OpenStreetMap Overpass API
KOH_LOC_069,Seiyhama,KOH_03233,1101.12,nearest_centroid_max_2500m,OpenStreetMap Overpass API
KOH_LOC_069,Seiyhama,KOH_03234,1256.17,nearest_centroid_max_2500m,OpenStreetMap Overpass API
KOH_LOC_069,Seiyhama,KOH_03235,1564.33,nearest_centroid_max_2500m,OpenStreetMap Overpass API
KOH_LOC_067,Tsiemekhuma,KOH_03236,1548.68,nearest_centroid_max_2500m,OpenStreetMap Overpass API
KOH_LOC_067,Tsiemekhuma,KOH_03237,1373.92,nearest_centroid_max_2500m,OpenStreetMap Overpass API
KOH_LOC_067,Tsiemekhuma,KOH_03238,1371.33,nearest_centroid_max_2500m,OpenStreetMap Overpass API
KOH_LOC_066,Tsonsunyu,KOH_03239,1171.85,nearest_centroid_max_2500m,OpenStreetMap Overpass API
KOH_LOC_066,Tsonsunyu,KOH_03240,886.91,nearest_centroid_max_2500m,OpenStreetMap Overpass API
KOH_LOC_065,Sendenyu,KOH_03241,616.92,nearest_centroid_max_2500m,OpenStreetMap Overpass API
KOH_LOC_065,Sendenyu,KOH_03242,138.84,nearest_centroid_max_2500m,OpenStreetMap Overpass API
KOH_LOC_065,Sendenyu,KOH_03243,402.36,nearest_centroid_max_2500m,OpenStreetMap Overpass API
KOH_LOC_065,Sendenyu,KOH_03244,899.22,nearest_centroid_max_2500m,OpenStreetMap Overpass API
KOH_LOC_065,Sendenyu,KOH_03245,1399.69,nearest_centroid_max_2500m,OpenStreetMap Overpass API
KOH_LOC_065,Sendenyu,KOH_03246,1900.94,nearest_centroid_max_2500m,OpenStreetMap Overpass API
KOH_LOC_065,Sendenyu,KOH_03247,2402.49,nearest_centroid_max_2500m,OpenStreetMap Overpass API
KOH_LOC_046,Mao Gate,KOH_03266,1822.15,nearest_centroid_max_2500m,OpenStreetMap Overpass API
KOH_LOC_054,Khuzama,KOH_03267,1719.96,nearest_centroid_max_2500m,OpenStreetMap Overpass API
KOH_LOC_054,Khuzama,KOH_03268,1462.77,nearest_centroid_max_2500m,OpenStreetMap Overpass API
KOH_LOC_054,Khuzama,KOH_03269,1350.95,nearest_centroid_max_2500m,OpenStreetMap Overpass API
KOH_LOC_054,Khuzama,KOH_03270,1419.31,nearest_centroid_max_2500m,OpenStreetMap Overpass API
KOH_LOC_054,Khuzama,KOH_03271,1645.52,nearest_centroid_max_2500m,OpenStreetMap Overpass API
KOH_LOC_054,Khuzama,KOH_03272,1976.18,nearest_centroid_max_2500m,OpenStreetMap Overpass API
KOH_LOC_055,Sweba,KOH_03273,2180.65,nearest_centroid_max_2500m,OpenStreetMap Overpass API
KOH_LOC_055,Sweba,KOH_03274,1801.27,nearest_centroid_max_2500m,OpenStreetMap Overpass API
KOH_LOC_055,Sweba,KOH_03275,1495.89,nearest_centroid_max_2500m,OpenStreetMap Overpass API
KOH_LOC_055,Sweba,KOH_03276,1317.19,nearest_centroid_max_2500m,OpenStreetMap Overpass API
KOH_LOC_034,Jakhama HQ,KOH_03277,1128.62,nearest_centroid_max_2500m,OpenStreetMap Overpass API
KOH_LOC_034,Jakhama HQ,KOH_03278,668.33,nearest_centroid_max_2500m,OpenStreetMap Overpass API
KOH_LOC_034,Jakhama HQ,KOH_03279,351.72,nearest_centroid_max_2500m,OpenStreetMap Overpass API
KOH_LOC_034,Jakhama HQ,KOH_03280,551.96,nearest_centroid_max_2500m,OpenStreetMap Overpass API
KOH_LOC_034,Jakhama HQ,KOH_03281,994.85,nearest_centroid_max_2500m,OpenStreetMap Overpass API
KOH_LOC_057,Kigwema Town,KOH_03282,983.28,nearest_centroid_max_2500m,OpenStreetMap Overpass API
KOH_LOC_057,Kigwema Town,KOH_03283,540.34,nearest_centroid_max_2500m,OpenStreetMap Overpass API
KOH_LOC_057,Kigwema Town,KOH_03284,347.88,nearest_centroid_max_2500m,OpenStreetMap Overpass API
KOH_LOC_013,Kigwema,KOH_03285,522.47,nearest_centroid_max_2500m,OpenStreetMap Overpass API
KOH_LOC_013,Kigwema,KOH_03286,902.26,nearest_centroid_max_2500m,OpenStreetMap Overpass API
KOH_LOC_013,Kigwema,KOH_03287,1363.48,nearest_centroid_max_2500m,OpenStreetMap Overpass API
KOH_LOC_062,Phesama,KOH_03288,1256.11,nearest_centroid_max_2500m,OpenStreetMap Overpass API
KOH_LOC_062,Phesama,KOH_03289,898.59,nearest_centroid_max_2500m,OpenStreetMap Overpass API
KOH_LOC_062,Phesama,KOH_03290,735.55,nearest_centroid_max_2500m,OpenStreetMap Overpass API
KOH_LOC_062,Phesama,KOH_03291,882.39,nearest_centroid_max_2500m,OpenStreetMap Overpass API
KOH_LOC_061,Pfuchama,KOH_03292,873.57,nearest_centroid_max_2500m,OpenStreetMap Overpass API
KOH_LOC_061,Pfuchama,KOH_03293,692.54,nearest_centroid_max_2500m,OpenStreetMap Overpass API
KOH_LOC_061,Pfuchama,KOH_03294,836.82,nearest_centroid_max_2500m,OpenStreetMap Overpass API
KOH_LOC_061,Pfuchama,KOH_03295,1193.67,nearest_centroid_max_2500m,OpenStreetMap Overpass API
KOH_LOC_024,AG Colony,KOH_03296,1493.91,nearest_centroid_max_2500m,OpenStreetMap Overpass API
KOH_LOC_024,AG Colony,KOH_03297,1591.79,nearest_centroid_max_2500m,OpenStreetMap Overpass API
KOH_LOC_086,T-Khel,KOH_03298,1730.81,nearest_centroid_max_2500m,OpenStreetMap Overpass API
KOH_LOC_086,T-Khel,KOH_03299,1289.11,nearest_centroid_max_2500m,OpenStreetMap Overpass API
KOH_LOC_086,T-Khel,KOH_03300,912.13,nearest_centroid_max_2500m,OpenStreetMap Overpass API
KOH_LOC_086,T-Khel,KOH_03301,711.28,nearest_centroid_max_2500m,OpenStreetMap Overpass API
KOH_LOC_086,T-Khel,KOH_03302,826.96,nearest_centroid_max_2500m,OpenStreetMap Overpass API
KOH_LOC_086,T-Khel,KOH_03303,1168.71,nearest_centroid_max_2500m,OpenStreetMap Overpass API
KOH_LOC_086,T-Khel,KOH_03304,1597.39,nearest_centroid_max_2500m,OpenStreetMap Overpass API
KOH_LOC_086,T-Khel,KOH_03305,2059.46,nearest_centroid_max_2500m,OpenStreetMap Overpass API
KOH_LOC_017,Bayavü,KOH_03306,2457.7,nearest_centroid_max_2500m,OpenStreetMap Overpass API
KOH_LOC_039,Rusoma Village,KOH_03307,2483.16,nearest_centroid_max_2500m,OpenStreetMap Overpass API
KOH_LOC_039,Rusoma Village,KOH_03308,2097.24,nearest_centroid_max_2500m,OpenStreetMap Overpass API
KOH_LOC_039,Rusoma Village,KOH_03309,1770.42,nearest_centroid_max_2500m,OpenStreetMap Overpass API
KOH_LOC_039,Rusoma Village,KOH_03310,1540.93,nearest_centroid_max_2500m,OpenStreetMap Overpass API
KOH_LOC_039,Rusoma Village,KOH_03311,1455.46,nearest_centroid_max_2500m,OpenStreetMap Overpass API
KOH_LOC_039,Rusoma Village,KOH_03312,1538.34,nearest_centroid_max_2500m,OpenStreetMap Overpass API
KOH_LOC_039,Rusoma Village,KOH_03313,1765.93,nearest_centroid_max_2500m,OpenStreetMap Overpass API
KOH_LOC_080,Thizama,KOH_03314,1617.86,nearest_centroid_max_2500m,OpenStreetMap Overpass API
KOH_LOC_080,Thizama,KOH_03315,1480.98,nearest_centroid_max_2500m,OpenStreetMap Overpass API
KOH_LOC_080,Thizama,KOH_03316,1507.75,nearest_centroid_max_2500m,OpenStreetMap Overpass API
KOH_LOC_080,Thizama,KOH_03317,1690.25,nearest_centroid_max_2500m,OpenStreetMap Overpass API
KOH_LOC_080,Thizama,KOH_03318,1986.15,nearest_centroid_max_2500m,OpenStreetMap Overpass API
KOH_LOC_074,Nerhema,KOH_03319,2181.64,nearest_centroid_max_2500m,OpenStreetMap Overpass API
KOH_LOC_074,Nerhema,KOH_03320,1693.58,nearest_centroid_max_2500m,OpenStreetMap Overpass API
KOH_LOC_074,Nerhema,KOH_03321,1216.84,nearest_centroid_max_2500m,OpenStreetMap Overpass API
KOH_LOC_074,Nerhema,KOH_03322,772.77,nearest_centroid_max_2500m,OpenStreetMap Overpass API
KOH_LOC_074,Nerhema,KOH_03323,466.35,nearest_centroid_max_2500m,OpenStreetMap Overpass API
KOH_LOC_074,Nerhema,KOH_03324,584.7,nearest_centroid_max_2500m,OpenStreetMap Overpass API
KOH_LOC_074,Nerhema,KOH_03325,984.99,nearest_centroid_max_2500m,OpenStreetMap Overpass API
KOH_LOC_075,Chiephobozou,KOH_03326,863.98,nearest_centroid_max_2500m,OpenStreetMap Overpass API
KOH_LOC_075,Chiephobozou,KOH_03327,624.55,nearest_centroid_max_2500m,OpenStreetMap Overpass API
KOH_LOC_075,Chiephobozou,KOH_03328,733.28,nearest_centroid_max_2500m,OpenStreetMap Overpass API
KOH_LOC_075,Chiephobozou,KOH_03329,1090.56,nearest_centroid_max_2500m,OpenStreetMap Overpass API
KOH_LOC_075,Chiephobozou,KOH_03330,1531.3,nearest_centroid_max_2500m,OpenStreetMap Overpass API
KOH_LOC_035,Chiephobozou,KOH_03331,1517.19,nearest_centroid_max_2500m,OpenStreetMap Overpass API
KOH_LOC_035,Chiephobozou,KOH_03332,1594.16,nearest_centroid_max_2500m,OpenStreetMap Overpass API
KOH_LOC_035,Chiephobozou,KOH_03333,1812.47,nearest_centroid_max_2500m,OpenStreetMap Overpass API
KOH_LOC_035,Chiephobozou,KOH_03334,2128.93,nearest_centroid_max_2500m,OpenStreetMap Overpass API
KOH_LOC_069,Seiyhama,KOH_03338,2476.58,nearest_centroid_max_2500m,OpenStreetMap Overpass API
KOH_LOC_069,Seiyhama,KOH_03339,2117.27,nearest_centroid_max_2500m,OpenStreetMap Overpass API
KOH_LOC_069,Seiyhama,KOH_03340,1826.61,nearest_centroid_max_2500m,OpenStreetMap Overpass API
KOH_LOC_069,Seiyhama,KOH_03341,1641.36,nearest_centroid_max_2500m,OpenStreetMap Overpass API
KOH_LOC_068,Tsiemekhuma Basa,KOH_03342,1529.6,nearest_centroid_max_2500m,OpenStreetMap Overpass API
KOH_LOC_068,Tsiemekhuma Basa,KOH_03343,1406.83,nearest_centroid_max_2500m,OpenStreetMap Overpass API
KOH_LOC_068,Tsiemekhuma Basa,KOH_03344,1456.82,nearest_centroid_max_2500m,OpenStreetMap Overpass API
KOH_LOC_067,Tsiemekhuma,KOH_03345,1140.35,nearest_centroid_max_2500m,OpenStreetMap Overpass API
KOH_LOC_067,Tsiemekhuma,KOH_03346,888.46,nearest_centroid_max_2500m,OpenStreetMap Overpass API
KOH_LOC_067,Tsiemekhuma,KOH_03347,884.54,nearest_centroid_max_2500m,OpenStreetMap Overpass API
KOH_LOC_066,Tsonsunyu,KOH_03348,895.63,nearest_centroid_max_2500m,OpenStreetMap Overpass API
KOH_LOC_066,Tsonsunyu,KOH_03349,464.02,nearest_centroid_max_2500m,OpenStreetMap Overpass API
KOH_LOC_066,Tsonsunyu,KOH_03350,363.89,nearest_centroid_max_2500m,OpenStreetMap Overpass API
KOH_LOC_065,Sendenyu,KOH_03351,427.24,nearest_centroid_max_2500m,OpenStreetMap Overpass API
KOH_LOC_065,Sendenyu,KOH_03352,570.25,nearest_centroid_max_2500m,OpenStreetMap Overpass API
KOH_LOC_065,Sendenyu,KOH_03353,985.72,nearest_centroid_max_2500m,OpenStreetMap Overpass API
KOH_LOC_065,Sendenyu,KOH_03354,1456.75,nearest_centroid_max_2500m,OpenStreetMap Overpass API
KOH_LOC_065,Sendenyu,KOH_03355,1943.32,nearest_centroid_max_2500m,OpenStreetMap Overpass API
KOH_LOC_065,Sendenyu,KOH_03356,2436.14,nearest_centroid_max_2500m,OpenStreetMap Overpass API
KOH_LOC_046,Mao Gate,KOH_03375,1410.65,nearest_centroid_max_2500m,OpenStreetMap Overpass API
KOH_LOC_054,Khuzama,KOH_03376,1363.87,nearest_centroid_max_2500m,OpenStreetMap Overpass API
KOH_LOC_054,Khuzama,KOH_03377,1020.59,nearest_centroid_max_2500m,OpenStreetMap Overpass API
KOH_LOC_054,Khuzama,KOH_03378,852.62,nearest_centroid_max_2500m,OpenStreetMap Overpass API
KOH_LOC_054,Khuzama,KOH_03379,957.17,nearest_centroid_max_2500m,OpenStreetMap Overpass API
KOH_LOC_054,Khuzama,KOH_03380,1268.65,nearest_centroid_max_2500m,OpenStreetMap Overpass API
KOH_LOC_054,Khuzama,KOH_03381,1675.32,nearest_centroid_max_2500m,OpenStreetMap Overpass API
KOH_LOC_055,Sweba,KOH_03382,1926.99,nearest_centroid_max_2500m,OpenStreetMap Overpass API
KOH_LOC_055,Sweba,KOH_03383,1484.08,nearest_centroid_max_2500m,OpenStreetMap Overpass API
KOH_LOC_055,Sweba,KOH_03384,1093.51,nearest_centroid_max_2500m,OpenStreetMap Overpass API
KOH_LOC_055,Sweba,KOH_03385,832.41,nearest_centroid_max_2500m,OpenStreetMap Overpass API
KOH_LOC_055,Sweba,KOH_03386,833.14,nearest_centroid_max_2500m,OpenStreetMap Overpass API
KOH_LOC_034,Jakhama HQ,KOH_03387,593.36,nearest_centroid_max_2500m,OpenStreetMap Overpass API
KOH_LOC_034,Jakhama HQ,KOH_03388,170.16,nearest_centroid_max_2500m,OpenStreetMap Overpass API
KOH_LOC_034,Jakhama HQ,KOH_03389,458.12,nearest_centroid_max_2500m,OpenStreetMap Overpass API
KOH_LOC_056,Jakhama,KOH_03390,926.22,nearest_centroid_max_2500m,OpenStreetMap Overpass API
KOH_LOC_013,Kigwema,KOH_03391,1219.63,nearest_centroid_max_2500m,OpenStreetMap Overpass API
KOH_LOC_013,Kigwema,KOH_03392,718.82,nearest_centroid_max_2500m,OpenStreetMap Overpass API
KOH_LOC_013,Kigwema,KOH_03393,223.24,nearest_centroid_max_2500m,OpenStreetMap Overpass API
KOH_LOC_013,Kigwema,KOH_03394,294.87,nearest_centroid_max_2500m,OpenStreetMap Overpass API
KOH_LOC_013,Kigwema,KOH_03395,792.47,nearest_centroid_max_2500m,OpenStreetMap Overpass API
KOH_LOC_013,Kigwema,KOH_03396,1293.44,nearest_centroid_max_2500m,OpenStreetMap Overpass API
KOH_LOC_062,Phesama,KOH_03397,1600.5,nearest_centroid_max_2500m,OpenStreetMap Overpass API
KOH_LOC_062,Phesama,KOH_03398,1338.26,nearest_centroid_max_2500m,OpenStreetMap Overpass API
KOH_LOC_062,Phesama,KOH_03399,1234.78,nearest_centroid_max_2500m,OpenStreetMap Overpass API
KOH_LOC_061,Pfuchama,KOH_03400,1053.1,nearest_centroid_max_2500m,OpenStreetMap Overpass API
KOH_LOC_061,Pfuchama,KOH_03401,567.01,nearest_centroid_max_2500m,OpenStreetMap Overpass API
KOH_LOC_061,Pfuchama,KOH_03402,195.14,nearest_centroid_max_2500m,OpenStreetMap Overpass API
KOH_LOC_061,Pfuchama,KOH_03403,508.53,nearest_centroid_max_2500m,OpenStreetMap Overpass API
KOH_LOC_061,Pfuchama,KOH_03404,991.47,nearest_centroid_max_2500m,OpenStreetMap Overpass API
KOH_LOC_061,Pfuchama,KOH_03405,1487.17,nearest_centroid_max_2500m,OpenStreetMap Overpass API
KOH_LOC_061,Pfuchama,KOH_03406,1985.96,nearest_centroid_max_2500m,OpenStreetMap Overpass API
KOH_LOC_086,T-Khel,KOH_03407,1987.87,nearest_centroid_max_2500m,OpenStreetMap Overpass API
KOH_LOC_086,T-Khel,KOH_03408,1617.96,nearest_centroid_max_2500m,OpenStreetMap Overpass API
KOH_LOC_086,T-Khel,KOH_03409,1336.98,nearest_centroid_max_2500m,OpenStreetMap Overpass API
KOH_LOC_086,T-Khel,KOH_03410,1208.97,nearest_centroid_max_2500m,OpenStreetMap Overpass API
KOH_LOC_086,T-Khel,KOH_03411,1280.39,nearest_centroid_max_2500m,OpenStreetMap Overpass API
KOH_LOC_086,T-Khel,KOH_03412,1523.59,nearest_centroid_max_2500m,OpenStreetMap Overpass API
KOH_LOC_086,T-Khel,KOH_03413,1872.76,nearest_centroid_max_2500m,OpenStreetMap Overpass API
KOH_LOC_086,T-Khel,KOH_03414,2279.71,nearest_centroid_max_2500m,OpenStreetMap Overpass API
KOH_LOC_039,Rusoma Village,KOH_03416,2227.64,nearest_centroid_max_2500m,OpenStreetMap Overpass API
KOH_LOC_039,Rusoma Village,KOH_03417,1787.26,nearest_centroid_max_2500m,OpenStreetMap Overpass API
KOH_LOC_039,Rusoma Village,KOH_03418,1389.38,nearest_centroid_max_2500m,OpenStreetMap Overpass API
KOH_LOC_039,Rusoma Village,KOH_03419,1081.84,nearest_centroid_max_2500m,OpenStreetMap Overpass API
KOH_LOC_039,Rusoma Village,KOH_03420,956.28,nearest_centroid_max_2500m,OpenStreetMap Overpass API
KOH_LOC_039,Rusoma Village,KOH_03421,1078.14,nearest_centroid_max_2500m,OpenStreetMap Overpass API
KOH_LOC_039,Rusoma Village,KOH_03422,1383.62,nearest_centroid_max_2500m,OpenStreetMap Overpass API
KOH_LOC_039,Rusoma Village,KOH_03423,1780.5,nearest_centroid_max_2500m,OpenStreetMap Overpass API
KOH_LOC_080,Thizama,KOH_03424,1977.79,nearest_centroid_max_2500m,OpenStreetMap Overpass API
KOH_LOC_080,Thizama,KOH_03425,1997.78,nearest_centroid_max_2500m,OpenStreetMap Overpass API
KOH_LOC_080,Thizama,KOH_03426,2138.96,nearest_centroid_max_2500m,OpenStreetMap Overpass API
KOH_LOC_080,Thizama,KOH_03427,2379.7,nearest_centroid_max_2500m,OpenStreetMap Overpass API
KOH_LOC_074,Nerhema,KOH_03428,2336.06,nearest_centroid_max_2500m,OpenStreetMap Overpass API
KOH_LOC_074,Nerhema,KOH_03429,1888.32,nearest_centroid_max_2500m,OpenStreetMap Overpass API
KOH_LOC_074,Nerhema,KOH_03430,1475.89,nearest_centroid_max_2500m,OpenStreetMap Overpass API
KOH_LOC_074,Nerhema,KOH_03431,1137.76,nearest_centroid_max_2500m,OpenStreetMap Overpass API
KOH_LOC_074,Nerhema,KOH_03432,956.42,nearest_centroid_max_2500m,OpenStreetMap Overpass API
KOH_LOC_074,Nerhema,KOH_03433,1019.35,nearest_centroid_max_2500m,OpenStreetMap Overpass API
KOH_LOC_075,Chiephobozou,KOH_03434,1114.1,nearest_centroid_max_2500m,OpenStreetMap Overpass API
KOH_LOC_075,Chiephobozou,KOH_03435,617.14,nearest_centroid_max_2500m,OpenStreetMap Overpass API
KOH_LOC_075,Chiephobozou,KOH_03436,156.26,nearest_centroid_max_2500m,OpenStreetMap Overpass API
KOH_LOC_075,Chiephobozou,KOH_03437,414.72,nearest_centroid_max_2500m,OpenStreetMap Overpass API
KOH_LOC_075,Chiephobozou,KOH_03438,907.46,nearest_centroid_max_2500m,OpenStreetMap Overpass API
KOH_LOC_076,Ciechama,KOH_03439,1063.1,nearest_centroid_max_2500m,OpenStreetMap Overpass API
KOH_LOC_035,Chiephobozou,KOH_03440,1018.01,nearest_centroid_max_2500m,OpenStreetMap Overpass API
KOH_LOC_035,Chiephobozou,KOH_03441,1129.52,nearest_centroid_max_2500m,OpenStreetMap Overpass API
KOH_LOC_035,Chiephobozou,KOH_03442,1421.06,nearest_centroid_max_2500m,OpenStreetMap Overpass API
KOH_LOC_035,Chiephobozou,KOH_03443,1807.43,nearest_centroid_max_2500m,OpenStreetMap Overpass API
KOH_LOC_035,Chiephobozou,KOH_03444,2240.12,nearest_centroid_max_2500m,OpenStreetMap Overpass API
KOH_LOC_068,Tsiemekhuma Basa,KOH_03448,2301.07,nearest_centroid_max_2500m,OpenStreetMap Overpass API
KOH_LOC_068,Tsiemekhuma Basa,KOH_03449,1849.85,nearest_centroid_max_2500m,OpenStreetMap Overpass API
KOH_LOC_068,Tsiemekhuma Basa,KOH_03450,1432.94,nearest_centroid_max_2500m,OpenStreetMap Overpass API
KOH_LOC_068,Tsiemekhuma Basa,KOH_03451,1090.24,nearest_centroid_max_2500m,OpenStreetMap Overpass API
KOH_LOC_068,Tsiemekhuma Basa,KOH_03452,909.85,nearest_centroid_max_2500m,OpenStreetMap Overpass API
KOH_LOC_068,Tsiemekhuma Basa,KOH_03453,985.37,nearest_centroid_max_2500m,OpenStreetMap Overpass API
KOH_LOC_067,Tsiemekhuma,KOH_03454,837.16,nearest_centroid_max_2500m,OpenStreetMap Overpass API
KOH_LOC_067,Tsiemekhuma,KOH_03455,435.63,nearest_centroid_max_2500m,OpenStreetMap Overpass API
KOH_LOC_067,Tsiemekhuma,KOH_03456,427.34,nearest_centroid_max_2500m,OpenStreetMap Overpass API
KOH_LOC_067,Tsiemekhuma,KOH_03457,824.35,nearest_centroid_max_2500m,OpenStreetMap Overpass API
KOH_LOC_066,Tsonsunyu,KOH_03458,377.45,nearest_centroid_max_2500m,OpenStreetMap Overpass API
KOH_LOC_066,Tsonsunyu,KOH_03459,244.12,nearest_centroid_max_2500m,OpenStreetMap Overpass API
KOH_LOC_066,Tsonsunyu,KOH_03460,693.27,nearest_centroid_max_2500m,OpenStreetMap Overpass API
KOH_LOC_065,Sendenyu,KOH_03461,993.39,nearest_centroid_max_2500m,OpenStreetMap Overpass API
KOH_LOC_065,Sendenyu,KOH_03462,1278.01,nearest_centroid_max_2500m,OpenStreetMap Overpass API
KOH_LOC_065,Sendenyu,KOH_03463,1668.44,nearest_centroid_max_2500m,OpenStreetMap Overpass API
KOH_LOC_065,Sendenyu,KOH_03464,2106.65,nearest_centroid_max_2500m,OpenStreetMap Overpass API
KOH_LOC_046,Mao Gate,KOH_03484,1076.38,nearest_centroid_max_2500m,OpenStreetMap Overpass API
KOH_LOC_054,Khuzama,KOH_03485,1122.78,nearest_centroid_max_2500m,OpenStreetMap Overpass API
KOH_LOC_054,Khuzama,KOH_03486,664.67,nearest_centroid_max_2500m,OpenStreetMap Overpass API
KOH_LOC_054,Khuzama,KOH_03487,356.57,nearest_centroid_max_2500m,OpenStreetMap Overpass API
KOH_LOC_054,Khuzama,KOH_03488,562.44,nearest_centroid_max_2500m,OpenStreetMap Overpass API
KOH_LOC_054,Khuzama,KOH_03489,1004.85,nearest_centroid_max_2500m,OpenStreetMap Overpass API
KOH_LOC_054,Khuzama,KOH_03490,1485.57,nearest_centroid_max_2500m,OpenStreetMap Overpass API
KOH_LOC_055,Sweba,KOH_03491,1780.46,nearest_centroid_max_2500m,OpenStreetMap Overpass API
KOH_LOC_055,Sweba,KOH_03492,1288.02,nearest_centroid_max_2500m,OpenStreetMap Overpass API
KOH_LOC_055,Sweba,KOH_03493,807.58,nearest_centroid_max_2500m,OpenStreetMap Overpass API
KOH_LOC_055,Sweba,KOH_03494,386.48,nearest_centroid_max_2500m,OpenStreetMap Overpass API
KOH_LOC_055,Sweba,KOH_03495,387.95,nearest_centroid_max_2500m,OpenStreetMap Overpass API
KOH_LOC_055,Sweba,KOH_03496,809.66,nearest_centroid_max_2500m,OpenStreetMap Overpass API
KOH_LOC_056,Jakhama,KOH_03497,578.87,nearest_centroid_max_2500m,OpenStreetMap Overpass API
KOH_LOC_056,Jakhama,KOH_03498,281.52,nearest_centroid_max_2500m,OpenStreetMap Overpass API
KOH_LOC_056,Jakhama,KOH_03499,572.27,nearest_centroid_max_2500m,OpenStreetMap Overpass API
KOH_LOC_056,Jakhama,KOH_03500,1039.04,nearest_centroid_max_2500m,OpenStreetMap Overpass API
KOH_LOC_013,Kigwema,KOH_03501,910.57,nearest_centroid_max_2500m,OpenStreetMap Overpass API
KOH_LOC_013,Kigwema,KOH_03502,601.93,nearest_centroid_max_2500m,OpenStreetMap Overpass API
KOH_LOC_013,Kigwema,KOH_03503,631.91,nearest_centroid_max_2500m,OpenStreetMap Overpass API
KOH_LOC_013,Kigwema,KOH_03504,969.7,nearest_centroid_max_2500m,OpenStreetMap Overpass API
KOH_LOC_058,Mima,KOH_03505,1306.14,nearest_centroid_max_2500m,OpenStreetMap Overpass API
KOH_LOC_058,Mima,KOH_03506,1629.94,nearest_centroid_max_2500m,OpenStreetMap Overpass API
KOH_LOC_062,Phesama,KOH_03507,1809.22,nearest_centroid_max_2500m,OpenStreetMap Overpass API
KOH_LOC_061,Pfuchama,KOH_03508,1567.66,nearest_centroid_max_2500m,OpenStreetMap Overpass API
KOH_LOC_061,Pfuchama,KOH_03509,1079.78,nearest_centroid_max_2500m,OpenStreetMap Overpass API
KOH_LOC_061,Pfuchama,KOH_03510,615.21,nearest_centroid_max_2500m,OpenStreetMap Overpass API
KOH_LOC_061,Pfuchama,KOH_03511,308.23,nearest_centroid_max_2500m,OpenStreetMap Overpass API
KOH_LOC_061,Pfuchama,KOH_03512,561.73,nearest_centroid_max_2500m,OpenStreetMap Overpass API
KOH_LOC_061,Pfuchama,KOH_03513,1019.77,nearest_centroid_max_2500m,OpenStreetMap Overpass API
KOH_LOC_061,Pfuchama,KOH_03514,1506.09,nearest_centroid_max_2500m,OpenStreetMap Overpass API
KOH_LOC_061,Pfuchama,KOH_03515,2000.15,nearest_centroid_max_2500m,OpenStreetMap Overpass API
KOH_LOC_015,Chedema,KOH_03516,2144.66,nearest_centroid_max_2500m,OpenStreetMap Overpass API
KOH_LOC_015,Chedema,KOH_03517,1756.07,nearest_centroid_max_2500m,OpenStreetMap Overpass API
KOH_LOC_015,Chedema,KOH_03518,1439.43,nearest_centroid_max_2500m,OpenStreetMap Overpass API
KOH_LOC_015,Chedema,KOH_03519,1250.7,nearest_centroid_max_2500m,OpenStreetMap Overpass API
KOH_LOC_015,Chedema,KOH_03520,1249.12,nearest_centroid_max_2500m,OpenStreetMap Overpass API
KOH_LOC_015,Chedema,KOH_03521,1435.37,nearest_centroid_max_2500m,OpenStreetMap Overpass API
KOH_LOC_015,Chedema,KOH_03522,1750.56,nearest_centroid_max_2500m,OpenStreetMap Overpass API
KOH_LOC_015,Chedema,KOH_03523,2138.29,nearest_centroid_max_2500m,OpenStreetMap Overpass API
KOH_LOC_039,Rusoma Village,KOH_03525,2063.18,nearest_centroid_max_2500m,OpenStreetMap Overpass API
KOH_LOC_039,Rusoma Village,KOH_03526,1577.64,nearest_centroid_max_2500m,OpenStreetMap Overpass API
KOH_LOC_039,Rusoma Village,KOH_03527,1106.8,nearest_centroid_max_2500m,OpenStreetMap Overpass API
KOH_LOC_039,Rusoma Village,KOH_03528,681.89,nearest_centroid_max_2500m,OpenStreetMap Overpass API
KOH_LOC_039,Rusoma Village,KOH_03529,457.0,nearest_centroid_max_2500m,OpenStreetMap Overpass API
KOH_LOC_039,Rusoma Village,KOH_03530,675.83,nearest_centroid_max_2500m,OpenStreetMap Overpass API
KOH_LOC_039,Rusoma Village,KOH_03531,1099.39,nearest_centroid_max_2500m,OpenStreetMap Overpass API
KOH_LOC_039,Rusoma Village,KOH_03532,1569.83,nearest_centroid_max_2500m,OpenStreetMap Overpass API
KOH_LOC_039,Rusoma Village,KOH_03533,2055.24,nearest_centroid_max_2500m,OpenStreetMap Overpass API
KOH_LOC_080,Thizama,KOH_03534,2491.57,nearest_centroid_max_2500m,OpenStreetMap Overpass API
KOH_LOC_074,Nerhema,KOH_03538,2182.12,nearest_centroid_max_2500m,OpenStreetMap Overpass API
KOH_LOC_074,Nerhema,KOH_03539,1836.79,nearest_centroid_max_2500m,OpenStreetMap Overpass API
KOH_LOC_074,Nerhema,KOH_03540,1578.04,nearest_centroid_max_2500m,OpenStreetMap Overpass API
KOH_LOC_074,Nerhema,KOH_03541,1452.77,nearest_centroid_max_2500m,OpenStreetMap Overpass API
KOH_LOC_074,Nerhema,KOH_03542,1494.92,nearest_centroid_max_2500m,OpenStreetMap Overpass API
KOH_LOC_075,Chiephobozou,KOH_03543,1172.25,nearest_centroid_max_2500m,OpenStreetMap Overpass API
KOH_LOC_075,Chiephobozou,KOH_03544,716.68,nearest_centroid_max_2500m,OpenStreetMap Overpass API
KOH_LOC_075,Chiephobozou,KOH_03545,396.53,nearest_centroid_max_2500m,OpenStreetMap Overpass API
KOH_LOC_075,Chiephobozou,KOH_03546,552.04,nearest_centroid_max_2500m,OpenStreetMap Overpass API
KOH_LOC_076,Ciechama,KOH_03547,693.97,nearest_centroid_max_2500m,OpenStreetMap Overpass API
KOH_LOC_076,Ciechama,KOH_03548,567.38,nearest_centroid_max_2500m,OpenStreetMap Overpass API
KOH_LOC_035,Chiephobozou,KOH_03549,518.77,nearest_centroid_max_2500m,OpenStreetMap Overpass API
KOH_LOC_035,Chiephobozou,KOH_03550,713.14,nearest_centroid_max_2500m,OpenStreetMap Overpass API
KOH_LOC_035,Chiephobozou,KOH_03551,1118.99,nearest_centroid_max_2500m,OpenStreetMap Overpass API
KOH_LOC_035,Chiephobozou,KOH_03552,1580.99,nearest_centroid_max_2500m,OpenStreetMap Overpass API
KOH_LOC_035,Chiephobozou,KOH_03553,2061.75,nearest_centroid_max_2500m,OpenStreetMap Overpass API
KOH_LOC_068,Tsiemekhuma Basa,KOH_03557,2154.51,nearest_centroid_max_2500m,OpenStreetMap Overpass API
KOH_LOC_068,Tsiemekhuma Basa,KOH_03558,1664.13,nearest_centroid_max_2500m,OpenStreetMap Overpass API
KOH_LOC_068,Tsiemekhuma Basa,KOH_03559,1183.51,nearest_centroid_max_2500m,OpenStreetMap Overpass API
KOH_LOC_068,Tsiemekhuma Basa,KOH_03560,732.09,nearest_centroid_max_2500m,OpenStreetMap Overpass API
KOH_LOC_068,Tsiemekhuma Basa,KOH_03561,418.39,nearest_centroid_max_2500m,OpenStreetMap Overpass API
KOH_LOC_068,Tsiemekhuma Basa,KOH_03562,564.04,nearest_centroid_max_2500m,OpenStreetMap Overpass API
KOH_LOC_067,Tsiemekhuma,KOH_03563,774.44,nearest_centroid_max_2500m,OpenStreetMap Overpass API
KOH_LOC_067,Tsiemekhuma,KOH_03564,297.71,nearest_centroid_max_2500m,OpenStreetMap Overpass API
KOH_LOC_067,Tsiemekhuma,KOH_03565,285.34,nearest_centroid_max_2500m,OpenStreetMap Overpass API
KOH_LOC_067,Tsiemekhuma,KOH_03566,760.45,nearest_centroid_max_2500m,OpenStreetMap Overpass API
KOH_LOC_066,Tsonsunyu,KOH_03567,753.8,nearest_centroid_max_2500m,OpenStreetMap Overpass API
KOH_LOC_066,Tsonsunyu,KOH_03568,696.61,nearest_centroid_max_2500m,OpenStreetMap Overpass API
KOH_LOC_066,Tsonsunyu,KOH_03569,951.96,nearest_centroid_max_2500m,OpenStreetMap Overpass API
KOH_LOC_066,Tsonsunyu,KOH_03570,1353.18,nearest_centroid_max_2500m,OpenStreetMap Overpass API
KOH_LOC_065,Sendenyu,KOH_03571,1671.31,nearest_centroid_max_2500m,OpenStreetMap Overpass API
KOH_LOC_065,Sendenyu,KOH_03572,1985.91,nearest_centroid_max_2500m,OpenStreetMap Overpass API
KOH_LOC_065,Sendenyu,KOH_03573,2366.02,nearest_centroid_max_2500m,OpenStreetMap Overpass API
KOH_LOC_046,Mao Gate,KOH_03593,883.6,nearest_centroid_max_2500m,OpenStreetMap Overpass API
KOH_LOC_054,Khuzama,KOH_03594,1076.73,nearest_centroid_max_2500m,OpenStreetMap Overpass API
KOH_LOC_054,Khuzama,KOH_03595,583.65,nearest_centroid_max_2500m,OpenStreetMap Overpass API
KOH_LOC_054,Khuzama,KOH_03596,160.85,nearest_centroid_max_2500m,OpenStreetMap Overpass API
KOH_LOC_054,Khuzama,KOH_03597,463.8,nearest_centroid_max_2500m,OpenStreetMap Overpass API
KOH_LOC_054,Khuzama,KOH_03598,953.04,nearest_centroid_max_2500m,OpenStreetMap Overpass API
KOH_LOC_054,Khuzama,KOH_03599,1451.1,nearest_centroid_max_2500m,OpenStreetMap Overpass API
KOH_LOC_045,Viswema,KOH_03600,1570.02,nearest_centroid_max_2500m,OpenStreetMap Overpass API
KOH_LOC_045,Viswema,KOH_03601,1213.0,nearest_centroid_max_2500m,OpenStreetMap Overpass API
KOH_LOC_055,Sweba,KOH_03602,779.26,nearest_centroid_max_2500m,OpenStreetMap Overpass API
KOH_LOC_055,Sweba,KOH_03603,322.88,nearest_centroid_max_2500m,OpenStreetMap Overpass API
KOH_LOC_055,Sweba,KOH_03604,324.57,nearest_centroid_max_2500m,OpenStreetMap Overpass API
KOH_LOC_055,Sweba,KOH_03605,781.22,nearest_centroid_max_2500m,OpenStreetMap Overpass API
KOH_LOC_056,Jakhama,KOH_03606,550.65,nearest_centroid_max_2500m,OpenStreetMap Overpass API
KOH_LOC_056,Jakhama,KOH_03607,217.81,nearest_centroid_max_2500m,OpenStreetMap Overpass API
KOH_LOC_056,Jakhama,KOH_03608,543.63,nearest_centroid_max_2500m,OpenStreetMap Overpass API
KOH_LOC_056,Jakhama,KOH_03609,1023.63,nearest_centroid_max_2500m,OpenStreetMap Overpass API
KOH_LOC_013,Kigwema,KOH_03610,1280.76,nearest_centroid_max_2500m,OpenStreetMap Overpass API
KOH_LOC_058,Mima,KOH_03611,1011.83,nearest_centroid_max_2500m,OpenStreetMap Overpass API
KOH_LOC_058,Mima,KOH_03612,679.99,nearest_centroid_max_2500m,OpenStreetMap Overpass API
KOH_LOC_058,Mima,KOH_03613,636.36,nearest_centroid_max_2500m,OpenStreetMap Overpass API
KOH_LOC_058,Mima,KOH_03614,922.76,nearest_centroid_max_2500m,OpenStreetMap Overpass API
KOH_LOC_058,Mima,KOH_03615,1342.41,nearest_centroid_max_2500m,OpenStreetMap Overpass API
KOH_LOC_058,Mima,KOH_03616,1804.66,nearest_centroid_max_2500m,OpenStreetMap Overpass API
KOH_LOC_061,Pfuchama,KOH_03617,1735.78,nearest_centroid_max_2500m,OpenStreetMap Overpass API
KOH_LOC_061,Pfuchama,KOH_03618,1312.08,nearest_centroid_max_2500m,OpenStreetMap Overpass API
KOH_LOC_061,Pfuchama,KOH_03619,966.4,nearest_centroid_max_2500m,OpenStreetMap Overpass API
KOH_LOC_061,Pfuchama,KOH_03620,806.46,nearest_centroid_max_2500m,OpenStreetMap Overpass API
KOH_LOC_061,Pfuchama,KOH_03621,933.2,nearest_centroid_max_2500m,OpenStreetMap Overpass API
KOH_LOC_061,Pfuchama,KOH_03622,1263.03,nearest_centroid_max_2500m,OpenStreetMap Overpass API
KOH_LOC_061,Pfuchama,KOH_03623,1680.34,nearest_centroid_max_2500m,OpenStreetMap Overpass API
KOH_LOC_061,Pfuchama,KOH_03624,2134.52,nearest_centroid_max_2500m,OpenStreetMap Overpass API
KOH_LOC_015,Chedema,KOH_03625,1904.33,nearest_centroid_max_2500m,OpenStreetMap Overpass API
KOH_LOC_015,Chedema,KOH_03626,1452.83,nearest_centroid_max_2500m,OpenStreetMap Overpass API
KOH_LOC_015,Chedema,KOH_03627,1048.26,nearest_centroid_max_2500m,OpenStreetMap Overpass API
KOH_LOC_015,Chedema,KOH_03628,768.66,nearest_centroid_max_2500m,OpenStreetMap Overpass API
KOH_LOC_015,Chedema,KOH_03629,766.1,nearest_centroid_max_2500m,OpenStreetMap Overpass API
KOH_LOC_015,Chedema,KOH_03630,1042.54,nearest_centroid_max_2500m,OpenStreetMap Overpass API
KOH_LOC_015,Chedema,KOH_03631,1445.96,nearest_centroid_max_2500m,OpenStreetMap Overpass API
KOH_LOC_037,Chedema Model,KOH_03632,1818.63,nearest_centroid_max_2500m,OpenStreetMap Overpass API
KOH_LOC_037,Chedema Model,KOH_03633,2128.92,nearest_centroid_max_2500m,OpenStreetMap Overpass API
KOH_LOC_039,Rusoma Village,KOH_03634,2012.45,nearest_centroid_max_2500m,OpenStreetMap Overpass API
KOH_LOC_039,Rusoma Village,KOH_03635,1510.64,nearest_centroid_max_2500m,OpenStreetMap Overpass API
KOH_LOC_039,Rusoma Village,KOH_03636,1008.99,nearest_centroid_max_2500m,OpenStreetMap Overpass API
KOH_LOC_039,Rusoma Village,KOH_03637,507.8,nearest_centroid_max_2500m,OpenStreetMap Overpass API
KOH_LOC_039,Rusoma Village,KOH_03638,42.41,nearest_centroid_max_2500m,OpenStreetMap Overpass API
KOH_LOC_039,Rusoma Village,KOH_03639,499.65,nearest_centroid_max_2500m,OpenStreetMap Overpass API
KOH_LOC_039,Rusoma Village,KOH_03640,1000.71,nearest_centroid_max_2500m,OpenStreetMap Overpass API
KOH_LOC_039,Rusoma Village,KOH_03641,1502.36,nearest_centroid_max_2500m,OpenStreetMap Overpass API
KOH_LOC_039,Rusoma Village,KOH_03642,2004.28,nearest_centroid_max_2500m,OpenStreetMap Overpass API
KOH_LOC_074,Nerhema,KOH_03648,2251.3,nearest_centroid_max_2500m,OpenStreetMap Overpass API
KOH_LOC_074,Nerhema,KOH_03649,2045.65,nearest_centroid_max_2500m,OpenStreetMap Overpass API
KOH_LOC_074,Nerhema,KOH_03650,1950.61,nearest_centroid_max_2500m,OpenStreetMap Overpass API
KOH_LOC_075,Chiephobozou,KOH_03651,1835.74,nearest_centroid_max_2500m,OpenStreetMap Overpass API
KOH_LOC_075,Chiephobozou,KOH_03652,1416.17,nearest_centroid_max_2500m,OpenStreetMap Overpass API
KOH_LOC_075,Chiephobozou,KOH_03653,1070.01,nearest_centroid_max_2500m,OpenStreetMap Overpass API
KOH_LOC_075,Chiephobozou,KOH_03654,887.94,nearest_centroid_max_2500m,OpenStreetMap Overpass API
KOH_LOC_076,Ciechama,KOH_03655,914.03,nearest_centroid_max_2500m,OpenStreetMap Overpass API
KOH_LOC_076,Ciechama,KOH_03656,414.53,nearest_centroid_max_2500m,OpenStreetMap Overpass API
KOH_LOC_076,Ciechama,KOH_03657,110.1,nearest_centroid_max_2500m,OpenStreetMap Overpass API
KOH_LOC_035,Chiephobozou,KOH_03658,23.09,nearest_centroid_max_2500m,OpenStreetMap Overpass API
KOH_LOC_035,Chiephobozou,KOH_03659,489.83,nearest_centroid_max_2500m,OpenStreetMap Overpass API
KOH_LOC_035,Chiephobozou,KOH_03660,991.7,nearest_centroid_max_2500m,OpenStreetMap Overpass API
KOH_LOC_035,Chiephobozou,KOH_03661,1493.58,nearest_centroid_max_2500m,OpenStreetMap Overpass API
KOH_LOC_035,Chiephobozou,KOH_03662,1995.51,nearest_centroid_max_2500m,OpenStreetMap Overpass API
KOH_LOC_035,Chiephobozou,KOH_03663,2497.44,nearest_centroid_max_2500m,OpenStreetMap Overpass API
KOH_LOC_029,Botsa,KOH_03664,2468.9,nearest_centroid_max_2500m,OpenStreetMap Overpass API
KOH_LOC_029,Botsa,KOH_03665,2171.51,nearest_centroid_max_2500m,OpenStreetMap Overpass API
KOH_LOC_029,Botsa,KOH_03666,1959.53,nearest_centroid_max_2500m,OpenStreetMap Overpass API
KOH_LOC_068,Tsiemekhuma Basa,KOH_03667,1617.14,nearest_centroid_max_2500m,OpenStreetMap Overpass API
KOH_LOC_068,Tsiemekhuma Basa,KOH_03668,1116.45,nearest_centroid_max_2500m,OpenStreetMap Overpass API
KOH_LOC_068,Tsiemekhuma Basa,KOH_03669,617.81,nearest_centroid_max_2500m,OpenStreetMap Overpass API
KOH_LOC_068,Tsiemekhuma Basa,KOH_03670,144.26,nearest_centroid_max_2500m,OpenStreetMap Overpass API
KOH_LOC_068,Tsiemekhuma Basa,KOH_03671,404.81,nearest_centroid_max_2500m,OpenStreetMap Overpass API
KOH_LOC_068,Tsiemekhuma Basa,KOH_03672,900.46,nearest_centroid_max_2500m,OpenStreetMap Overpass API
KOH_LOC_067,Tsiemekhuma,KOH_03673,697.08,nearest_centroid_max_2500m,OpenStreetMap Overpass API
KOH_LOC_067,Tsiemekhuma,KOH_03674,691.93,nearest_centroid_max_2500m,OpenStreetMap Overpass API
KOH_LOC_067,Tsiemekhuma,KOH_03675,987.62,nearest_centroid_max_2500m,OpenStreetMap Overpass API
KOH_LOC_066,Tsonsunyu,KOH_03676,1221.58,nearest_centroid_max_2500m,OpenStreetMap Overpass API
KOH_LOC_066,Tsonsunyu,KOH_03677,1187.2,nearest_centroid_max_2500m,OpenStreetMap Overpass API
KOH_LOC_066,Tsonsunyu,KOH_03678,1352.89,nearest_centroid_max_2500m,OpenStreetMap Overpass API
KOH_LOC_066,Tsonsunyu,KOH_03679,1659.85,nearest_centroid_max_2500m,OpenStreetMap Overpass API
KOH_LOC_066,Tsonsunyu,KOH_03680,2045.49,nearest_centroid_max_2500m,OpenStreetMap Overpass API
KOH_LOC_065,Sendenyu,KOH_03681,2366.9,nearest_centroid_max_2500m,OpenStreetMap Overpass API
KOH_LOC_046,Mao Gate,KOH_03702,979.25,nearest_centroid_max_2500m,OpenStreetMap Overpass API
KOH_LOC_054,Khuzama,KOH_03703,1247.69,nearest_centroid_max_2500m,OpenStreetMap Overpass API
KOH_LOC_054,Khuzama,KOH_03704,859.0,nearest_centroid_max_2500m,OpenStreetMap Overpass API
KOH_LOC_054,Khuzama,KOH_03705,650.52,nearest_centroid_max_2500m,OpenStreetMap Overpass API
KOH_LOC_054,Khuzama,KOH_03706,782.47,nearest_centroid_max_2500m,OpenStreetMap Overpass API
KOH_LOC_054,Khuzama,KOH_03707,1142.62,nearest_centroid_max_2500m,OpenStreetMap Overpass API
KOH_LOC_054,Khuzama,KOH_03708,1582.0,nearest_centroid_max_2500m,OpenStreetMap Overpass API
KOH_LOC_045,Viswema,KOH_03709,1324.25,nearest_centroid_max_2500m,OpenStreetMap Overpass API
KOH_LOC_045,Viswema,KOH_03710,871.84,nearest_centroid_max_2500m,OpenStreetMap Overpass API
KOH_LOC_045,Viswema,KOH_03711,519.93,nearest_centroid_max_2500m,OpenStreetMap Overpass API
KOH_LOC_045,Viswema,KOH_03712,533.51,nearest_centroid_max_2500m,OpenStreetMap Overpass API
KOH_LOC_055,Sweba,KOH_03713,747.47,nearest_centroid_max_2500m,OpenStreetMap Overpass API
KOH_LOC_055,Sweba,KOH_03714,1031.42,nearest_centroid_max_2500m,OpenStreetMap Overpass API
KOH_LOC_056,Jakhama,KOH_03715,877.5,nearest_centroid_max_2500m,OpenStreetMap Overpass API
KOH_LOC_056,Jakhama,KOH_03716,716.96,nearest_centroid_max_2500m,OpenStreetMap Overpass API
KOH_LOC_056,Jakhama,KOH_03717,873.05,nearest_centroid_max_2500m,OpenStreetMap Overpass API
KOH_LOC_056,Jakhama,KOH_03718,1230.57,nearest_centroid_max_2500m,OpenStreetMap Overpass API
KOH_LOC_058,Mima,KOH_03719,1316.52,nearest_centroid_max_2500m,OpenStreetMap Overpass API
KOH_LOC_058,Mima,KOH_03720,817.24,nearest_centroid_max_2500m,OpenStreetMap Overpass API
KOH_LOC_058,Mima,KOH_03721,326.16,nearest_centroid_max_2500m,OpenStreetMap Overpass API
KOH_LOC_058,Mima,KOH_03722,221.3,nearest_centroid_max_2500m,OpenStreetMap Overpass API
KOH_LOC_058,Mima,KOH_03723,703.9,nearest_centroid_max_2500m,OpenStreetMap Overpass API
KOH_LOC_058,Mima,KOH_03724,1202.45,nearest_centroid_max_2500m,OpenStreetMap Overpass API
KOH_LOC_058,Mima,KOH_03725,1703.12,nearest_centroid_max_2500m,OpenStreetMap Overpass API
KOH_LOC_061,Pfuchama,KOH_03726,2016.65,nearest_centroid_max_2500m,OpenStreetMap Overpass API
KOH_LOC_061,Pfuchama,KOH_03727,1665.96,nearest_centroid_max_2500m,OpenStreetMap Overpass API
KOH_LOC_061,Pfuchama,KOH_03728,1409.91,nearest_centroid_max_2500m,OpenStreetMap Overpass API
KOH_LOC_061,Pfuchama,KOH_03729,1305.46,nearest_centroid_max_2500m,OpenStreetMap Overpass API
KOH_LOC_061,Pfuchama,KOH_03730,1387.3,nearest_centroid_max_2500m,OpenStreetMap Overpass API
KOH_LOC_061,Pfuchama,KOH_03731,1627.54,nearest_centroid_max_2500m,OpenStreetMap Overpass API
KOH_LOC_061,Pfuchama,KOH_03732,1969.04,nearest_centroid_max_2500m,OpenStreetMap Overpass API
KOH_LOC_015,Chedema,KOH_03733,2274.1,nearest_centroid_max_2500m,OpenStreetMap Overpass API
KOH_LOC_015,Chedema,KOH_03734,1775.33,nearest_centroid_max_2500m,OpenStreetMap Overpass API
KOH_LOC_015,Chedema,KOH_03735,1279.04,nearest_centroid_max_2500m,OpenStreetMap Overpass API
KOH_LOC_015,Chedema,KOH_03736,789.97,nearest_centroid_max_2500m,OpenStreetMap Overpass API
KOH_LOC_015,Chedema,KOH_03737,340.61,nearest_centroid_max_2500m,OpenStreetMap Overpass API
KOH_LOC_015,Chedema,KOH_03738,334.75,nearest_centroid_max_2500m,OpenStreetMap Overpass API
KOH_LOC_015,Chedema,KOH_03739,782.31,nearest_centroid_max_2500m,OpenStreetMap Overpass API
KOH_LOC_037,Chedema Model,KOH_03740,1139.85,nearest_centroid_max_2500m,OpenStreetMap Overpass API
KOH_LOC_037,Chedema Model,KOH_03741,1421.31,nearest_centroid_max_2500m,OpenStreetMap Overpass API
KOH_LOC_037,Chedema Model,KOH_03742,1801.33,nearest_centroid_max_2500m,OpenStreetMap Overpass API
KOH_LOC_039,Rusoma Village,KOH_03743,2083.64,nearest_centroid_max_2500m,OpenStreetMap Overpass API
KOH_LOC_039,Rusoma Village,KOH_03744,1604.23,nearest_centroid_max_2500m,OpenStreetMap Overpass API
KOH_LOC_039,Rusoma Village,KOH_03745,1144.39,nearest_centroid_max_2500m,OpenStreetMap Overpass API
KOH_LOC_039,Rusoma Village,KOH_03746,741.19,nearest_centroid_max_2500m,OpenStreetMap Overpass API
KOH_LOC_039,Rusoma Village,KOH_03747,541.52,nearest_centroid_max_2500m,OpenStreetMap Overpass API
KOH_LOC_039,Rusoma Village,KOH_03748,735.55,nearest_centroid_max_2500m,OpenStreetMap Overpass API
KOH_LOC_039,Rusoma Village,KOH_03749,1136.98,nearest_centroid_max_2500m,OpenStreetMap Overpass API
KOH_LOC_039,Rusoma Village,KOH_03750,1596.35,nearest_centroid_max_2500m,OpenStreetMap Overpass API
KOH_LOC_039,Rusoma Village,KOH_03751,2075.68,nearest_centroid_max_2500m,OpenStreetMap Overpass API
KOH_LOC_074,Nerhema,KOH_03759,2449.02,nearest_centroid_max_2500m,OpenStreetMap Overpass API
KOH_LOC_075,Chiephobozou,KOH_03760,2121.28,nearest_centroid_max_2500m,OpenStreetMap Overpass API
KOH_LOC_075,Chiephobozou,KOH_03761,1770.68,nearest_centroid_max_2500m,OpenStreetMap Overpass API
KOH_LOC_075,Chiephobozou,KOH_03762,1508.31,nearest_centroid_max_2500m,OpenStreetMap Overpass API
KOH_LOC_075,Chiephobozou,KOH_03763,1385.03,nearest_centroid_max_2500m,OpenStreetMap Overpass API
KOH_LOC_076,Ciechama,KOH_03764,1012.01,nearest_centroid_max_2500m,OpenStreetMap Overpass API
KOH_LOC_076,Ciechama,KOH_03765,600.47,nearest_centroid_max_2500m,OpenStreetMap Overpass API
KOH_LOC_076,Ciechama,KOH_03766,448.09,nearest_centroid_max_2500m,OpenStreetMap Overpass API
KOH_LOC_035,Chiephobozou,KOH_03767,479.96,nearest_centroid_max_2500m,OpenStreetMap Overpass API
KOH_LOC_035,Chiephobozou,KOH_03768,685.41,nearest_centroid_max_2500m,OpenStreetMap Overpass API
KOH_LOC_035,Chiephobozou,KOH_03769,1101.38,nearest_centroid_max_2500m,OpenStreetMap Overpass API
KOH_LOC_035,Chiephobozou,KOH_03770,1568.64,nearest_centroid_max_2500m,OpenStreetMap Overpass API
KOH_LOC_035,Chiephobozou,KOH_03771,2052.27,nearest_centroid_max_2500m,OpenStreetMap Overpass API
KOH_LOC_029,Botsa,KOH_03773,2118.73,nearest_centroid_max_2500m,OpenStreetMap Overpass API
KOH_LOC_029,Botsa,KOH_03774,1763.35,nearest_centroid_max_2500m,OpenStreetMap Overpass API
KOH_LOC_029,Botsa,KOH_03775,1494.46,nearest_centroid_max_2500m,OpenStreetMap Overpass API
KOH_LOC_029,Botsa,KOH_03776,1364.42,nearest_centroid_max_2500m,OpenStreetMap Overpass API
KOH_LOC_068,Tsiemekhuma Basa,KOH_03777,1261.34,nearest_centroid_max_2500m,OpenStreetMap Overpass API
KOH_LOC_068,Tsiemekhuma Basa,KOH_03778,851.98,nearest_centroid_max_2500m,OpenStreetMap Overpass API
KOH_LOC_068,Tsiemekhuma Basa,KOH_03779,604.19,nearest_centroid_max_2500m,OpenStreetMap Overpass API
KOH_LOC_068,Tsiemekhuma Basa,KOH_03780,712.75,nearest_centroid_max_2500m,OpenStreetMap Overpass API
KOH_LOC_068,Tsiemekhuma Basa,KOH_03781,1074.72,nearest_centroid_max_2500m,OpenStreetMap Overpass API
KOH_LOC_067,Tsiemekhuma,KOH_03782,1175.44,nearest_centroid_max_2500m,OpenStreetMap Overpass API
KOH_LOC_067,Tsiemekhuma,KOH_03783,1172.4,nearest_centroid_max_2500m,OpenStreetMap Overpass API
KOH_LOC_067,Tsiemekhuma,KOH_03784,1367.86,nearest_centroid_max_2500m,OpenStreetMap Overpass API
KOH_LOC_067,Tsiemekhuma,KOH_03785,1694.62,nearest_centroid_max_2500m,OpenStreetMap Overpass API
KOH_LOC_066,Tsonsunyu,KOH_03786,1682.88,nearest_centroid_max_2500m,OpenStreetMap Overpass API
KOH_LOC_066,Tsonsunyu,KOH_03787,1803.54,nearest_centroid_max_2500m,OpenStreetMap Overpass API
KOH_LOC_066,Tsonsunyu,KOH_03788,2043.93,nearest_centroid_max_2500m,OpenStreetMap Overpass API
KOH_LOC_066,Tsonsunyu,KOH_03789,2367.8,nearest_centroid_max_2500m,OpenStreetMap Overpass API
KOH_LOC_046,Mao Gate,KOH_03810,1273.06,nearest_centroid_max_2500m,OpenStreetMap Overpass API
KOH_LOC_054,Khuzama,KOH_03811,1519.58,nearest_centroid_max_2500m,OpenStreetMap Overpass API
KOH_LOC_054,Khuzama,KOH_03812,1271.41,nearest_centroid_max_2500m,OpenStreetMap Overpass API
KOH_LOC_054,Khuzama,KOH_03813,1147.76,nearest_centroid_max_2500m,OpenStreetMap Overpass API
KOH_LOC_054,Khuzama,KOH_03814,1227.98,nearest_centroid_max_2500m,OpenStreetMap Overpass API
KOH_LOC_054,Khuzama,KOH_03815,1483.64,nearest_centroid_max_2500m,OpenStreetMap Overpass API
KOH_LOC_045,Viswema,KOH_03816,1743.11,nearest_centroid_max_2500m,OpenStreetMap Overpass API
KOH_LOC_045,Viswema,KOH_03817,1241.31,nearest_centroid_max_2500m,OpenStreetMap Overpass API
KOH_LOC_045,Viswema,KOH_03818,739.61,nearest_centroid_max_2500m,OpenStreetMap Overpass API
KOH_LOC_045,Viswema,KOH_03819,239.54,nearest_centroid_max_2500m,OpenStreetMap Overpass API
KOH_LOC_045,Viswema,KOH_03820,267.67,nearest_centroid_max_2500m,OpenStreetMap Overpass API
KOH_LOC_045,Viswema,KOH_03821,768.0,nearest_centroid_max_2500m,OpenStreetMap Overpass API
KOH_LOC_045,Viswema,KOH_03822,1269.72,nearest_centroid_max_2500m,OpenStreetMap Overpass API
KOH_LOC_056,Jakhama,KOH_03823,1317.24,nearest_centroid_max_2500m,OpenStreetMap Overpass API
KOH_LOC_056,Jakhama,KOH_03824,1216.23,nearest_centroid_max_2500m,OpenStreetMap Overpass API
KOH_LOC_056,Jakhama,KOH_03825,1314.27,nearest_centroid_max_2500m,OpenStreetMap Overpass API
KOH_LOC_056,Jakhama,KOH_03826,1574.59,nearest_centroid_max_2500m,OpenStreetMap Overpass API
KOH_LOC_058,Mima,KOH_03827,1369.62,nearest_centroid_max_2500m,OpenStreetMap Overpass API
KOH_LOC_058,Mima,KOH_03828,900.26,nearest_centroid_max_2500m,OpenStreetMap Overpass API
KOH_LOC_058,Mima,KOH_03829,498.91,nearest_centroid_max_2500m,OpenStreetMap Overpass API
KOH_LOC_058,Mima,KOH_03830,437.63,nearest_centroid_max_2500m,OpenStreetMap Overpass API
KOH_LOC_058,Mima,KOH_03831,798.73,nearest_centroid_max_2500m,OpenStreetMap Overpass API
KOH_LOC_058,Mima,KOH_03832,1260.29,nearest_centroid_max_2500m,OpenStreetMap Overpass API
KOH_LOC_058,Mima,KOH_03833,1744.42,nearest_centroid_max_2500m,OpenStreetMap Overpass API
KOH_LOC_058,Mima,KOH_03834,2236.36,nearest_centroid_max_2500m,OpenStreetMap Overpass API
KOH_LOC_061,Pfuchama,KOH_03835,2080.37,nearest_centroid_max_2500m,OpenStreetMap Overpass API
KOH_LOC_061,Pfuchama,KOH_03836,1881.56,nearest_centroid_max_2500m,OpenStreetMap Overpass API
KOH_LOC_061,Pfuchama,KOH_03837,1804.68,nearest_centroid_max_2500m,OpenStreetMap Overpass API
KOH_LOC_061,Pfuchama,KOH_03838,1864.71,nearest_centroid_max_2500m,OpenStreetMap Overpass API
KOH_LOC_061,Pfuchama,KOH_03839,2049.72,nearest_centroid_max_2500m,OpenStreetMap Overpass API
KOH_LOC_061,Pfuchama,KOH_03840,2330.12,nearest_centroid_max_2500m,OpenStreetMap Overpass API
KOH_LOC_015,Chedema,KOH_03841,2279.32,nearest_centroid_max_2500m,OpenStreetMap Overpass API
KOH_LOC_015,Chedema,KOH_03842,1782.02,nearest_centroid_max_2500m,OpenStreetMap Overpass API
KOH_LOC_015,Chedema,KOH_03843,1288.3,nearest_centroid_max_2500m,OpenStreetMap Overpass API
KOH_LOC_015,Chedema,KOH_03844,804.85,nearest_centroid_max_2500m,OpenStreetMap Overpass API
KOH_LOC_015,Chedema,KOH_03845,373.75,nearest_centroid_max_2500m,OpenStreetMap Overpass API
KOH_LOC_015,Chedema,KOH_03846,368.42,nearest_centroid_max_2500m,OpenStreetMap Overpass API
KOH_LOC_037,Chedema Model,KOH_03847,541.76,nearest_centroid_max_2500m,OpenStreetMap Overpass API
KOH_LOC_037,Chedema Model,KOH_03848,714.29,nearest_centroid_max_2500m,OpenStreetMap Overpass API
KOH_LOC_037,Chedema Model,KOH_03849,1109.42,nearest_centroid_max_2500m,OpenStreetMap Overpass API
KOH_LOC_037,Chedema Model,KOH_03850,1567.02,nearest_centroid_max_2500m,OpenStreetMap Overpass API
KOH_LOC_037,Chedema Model,KOH_03851,2045.51,nearest_centroid_max_2500m,OpenStreetMap Overpass API
KOH_LOC_039,Rusoma Village,KOH_03852,1833.99,nearest_centroid_max_2500m,OpenStreetMap Overpass API
KOH_LOC_039,Rusoma Village,KOH_03853,1449.0,nearest_centroid_max_2500m,OpenStreetMap Overpass API
KOH_LOC_039,Rusoma Village,KOH_03854,1157.31,nearest_centroid_max_2500m,OpenStreetMap Overpass API
KOH_LOC_039,Rusoma Village,KOH_03855,1040.7,nearest_centroid_max_2500m,OpenStreetMap Overpass API
KOH_LOC_039,Rusoma Village,KOH_03856,1153.68,nearest_centroid_max_2500m,OpenStreetMap Overpass API
KOH_LOC_039,Rusoma Village,KOH_03857,1443.12,nearest_centroid_max_2500m,OpenStreetMap Overpass API
KOH_LOC_039,Rusoma Village,KOH_03858,1827.11,nearest_centroid_max_2500m,OpenStreetMap Overpass API
KOH_LOC_039,Rusoma Village,KOH_03859,2257.83,nearest_centroid_max_2500m,OpenStreetMap Overpass API
KOH_LOC_075,Chiephobozou,KOH_03868,2475.51,nearest_centroid_max_2500m,OpenStreetMap Overpass API
KOH_LOC_075,Chiephobozou,KOH_03869,2182.63,nearest_centroid_max_2500m,OpenStreetMap Overpass API
KOH_LOC_075,Chiephobozou,KOH_03870,1975.64,nearest_centroid_max_2500m,OpenStreetMap Overpass API
KOH_LOC_076,Ciechama,KOH_03871,1696.86,nearest_centroid_max_2500m,OpenStreetMap Overpass API
KOH_LOC_076,Ciechama,KOH_03872,1308.26,nearest_centroid_max_2500m,OpenStreetMap Overpass API
KOH_LOC_076,Ciechama,KOH_03873,1023.6,nearest_centroid_max_2500m,OpenStreetMap Overpass API
KOH_LOC_076,Ciechama,KOH_03874,942.29,nearest_centroid_max_2500m,OpenStreetMap Overpass API
KOH_LOC_035,Chiephobozou,KOH_03875,979.19,nearest_centroid_max_2500m,OpenStreetMap Overpass API
KOH_LOC_035,Chiephobozou,KOH_03876,1094.56,nearest_centroid_max_2500m,OpenStreetMap Overpass API
KOH_LOC_035,Chiephobozou,KOH_03877,1393.35,nearest_centroid_max_2500m,OpenStreetMap Overpass API
KOH_LOC_035,Chiephobozou,KOH_03878,1785.69,nearest_centroid_max_2500m,OpenStreetMap Overpass API
KOH_LOC_035,Chiephobozou,KOH_03879,2222.54,nearest_centroid_max_2500m,OpenStreetMap Overpass API
KOH_LOC_029,Botsa,KOH_03880,2294.62,nearest_centroid_max_2500m,OpenStreetMap Overpass API
KOH_LOC_029,Botsa,KOH_03881,1838.82,nearest_centroid_max_2500m,OpenStreetMap Overpass API
KOH_LOC_029,Botsa,KOH_03882,1414.73,nearest_centroid_max_2500m,OpenStreetMap Overpass API
KOH_LOC_029,Botsa,KOH_03883,1060.93,nearest_centroid_max_2500m,OpenStreetMap Overpass API
KOH_LOC_029,Botsa,KOH_03884,868.2,nearest_centroid_max_2500m,OpenStreetMap Overpass API
KOH_LOC_029,Botsa,KOH_03885,941.12,nearest_centroid_max_2500m,OpenStreetMap Overpass API
KOH_LOC_029,Botsa,KOH_03886,1233.52,nearest_centroid_max_2500m,OpenStreetMap Overpass API
KOH_LOC_068,Tsiemekhuma Basa,KOH_03887,1098.93,nearest_centroid_max_2500m,OpenStreetMap Overpass API
KOH_LOC_068,Tsiemekhuma Basa,KOH_03888,1162.17,nearest_centroid_max_2500m,OpenStreetMap Overpass API
KOH_LOC_068,Tsiemekhuma Basa,KOH_03889,1413.34,nearest_centroid_max_2500m,OpenStreetMap Overpass API
KOH_LOC_067,Tsiemekhuma,KOH_03890,1666.2,nearest_centroid_max_2500m,OpenStreetMap Overpass API
KOH_LOC_067,Tsiemekhuma,KOH_03891,1663.93,nearest_centroid_max_2500m,OpenStreetMap Overpass API
KOH_LOC_067,Tsiemekhuma,KOH_03892,1807.05,nearest_centroid_max_2500m,OpenStreetMap Overpass API
KOH_LOC_067,Tsiemekhuma,KOH_03893,2065.45,nearest_centroid_max_2500m,OpenStreetMap Overpass API
KOH_LOC_066,Tsonsunyu,KOH_03894,2180.2,nearest_centroid_max_2500m,OpenStreetMap Overpass API
KOH_LOC_066,Tsonsunyu,KOH_03895,2274.6,nearest_centroid_max_2500m,OpenStreetMap Overpass API
KOH_LOC_066,Tsonsunyu,KOH_03896,2469.55,nearest_centroid_max_2500m,OpenStreetMap Overpass API
KOH_LOC_054,Khuzama,KOH_03919,1660.3,nearest_centroid_max_2500m,OpenStreetMap Overpass API
KOH_LOC_054,Khuzama,KOH_03920,1601.62,nearest_centroid_max_2500m,OpenStreetMap Overpass API
KOH_LOC_054,Khuzama,KOH_03921,1478.21,nearest_centroid_max_2500m,OpenStreetMap Overpass API
KOH_LOC_054,Khuzama,KOH_03922,1597.01,nearest_centroid_max_2500m,OpenStreetMap Overpass API
KOH_LOC_054,Khuzama,KOH_03923,1881.52,nearest_centroid_max_2500m,OpenStreetMap Overpass API
KOH_LOC_045,Viswema,KOH_03924,1823.21,nearest_centroid_max_2500m,OpenStreetMap Overpass API
KOH_LOC_045,Viswema,KOH_03925,1351.46,nearest_centroid_max_2500m,OpenStreetMap Overpass API
KOH_LOC_045,Viswema,KOH_03926,912.59,nearest_centroid_max_2500m,OpenStreetMap Overpass API
KOH_LOC_045,Viswema,KOH_03927,585.62,nearest_centroid_max_2500m,OpenStreetMap Overpass API
KOH_LOC_045,Viswema,KOH_03928,597.63,nearest_centroid_max_2500m,OpenStreetMap Overpass API
KOH_LOC_045,Viswema,KOH_03929,935.57,nearest_centroid_max_2500m,OpenStreetMap Overpass API
KOH_LOC_045,Viswema,KOH_03930,1377.53,nearest_centroid_max_2500m,OpenStreetMap Overpass API
KOH_LOC_056,Jakhama,KOH_03931,1788.56,nearest_centroid_max_2500m,OpenStreetMap Overpass API
KOH_LOC_056,Jakhama,KOH_03932,1715.5,nearest_centroid_max_2500m,OpenStreetMap Overpass API
KOH_LOC_056,Jakhama,KOH_03933,1786.29,nearest_centroid_max_2500m,OpenStreetMap Overpass API
KOH_LOC_056,Jakhama,KOH_03934,1985.66,nearest_centroid_max_2500m,OpenStreetMap Overpass API
KOH_LOC_058,Mima,KOH_03935,1586.52,nearest_centroid_max_2500m,OpenStreetMap Overpass API
KOH_LOC_058,Mima,KOH_03936,1204.82,nearest_centroid_max_2500m,OpenStreetMap Overpass API
KOH_LOC_058,Mima,KOH_03937,943.42,nearest_centroid_max_2500m,OpenStreetMap Overpass API
KOH_LOC_058,Mima,KOH_03938,912.37,nearest_centroid_max_2500m,OpenStreetMap Overpass API
KOH_LOC_058,Mima,KOH_03939,1130.92,nearest_centroid_max_2500m,OpenStreetMap Overpass API
KOH_LOC_058,Mima,KOH_03940,1493.08,nearest_centroid_max_2500m,OpenStreetMap Overpass API
KOH_LOC_058,Mima,KOH_03941,1919.24,nearest_centroid_max_2500m,OpenStreetMap Overpass API
KOH_LOC_058,Mima,KOH_03942,2375.34,nearest_centroid_max_2500m,OpenStreetMap Overpass API
KOH_LOC_061,Pfuchama,KOH_03944,2364.56,nearest_centroid_max_2500m,OpenStreetMap Overpass API
KOH_LOC_061,Pfuchama,KOH_03945,2303.85,nearest_centroid_max_2500m,OpenStreetMap Overpass API
KOH_LOC_061,Pfuchama,KOH_03946,2351.14,nearest_centroid_max_2500m,OpenStreetMap Overpass API
KOH_LOC_015,Chedema,KOH_03949,2391.24,nearest_centroid_max_2500m,OpenStreetMap Overpass API
KOH_LOC_015,Chedema,KOH_03950,1922.97,nearest_centroid_max_2500m,OpenStreetMap Overpass API
KOH_LOC_015,Chedema,KOH_03951,1477.12,nearest_centroid_max_2500m,OpenStreetMap Overpass API
KOH_LOC_015,Chedema,KOH_03952,1081.68,nearest_centroid_max_2500m,OpenStreetMap Overpass API
KOH_LOC_015,Chedema,KOH_03953,813.58,nearest_centroid_max_2500m,OpenStreetMap Overpass API
KOH_LOC_037,Chedema Model,KOH_03954,538.82,nearest_centroid_max_2500m,OpenStreetMap Overpass API
KOH_LOC_037,Chedema Model,KOH_03955,54.3,nearest_centroid_max_2500m,OpenStreetMap Overpass API
KOH_LOC_037,Chedema Model,KOH_03956,468.62,nearest_centroid_max_2500m,OpenStreetMap Overpass API
KOH_LOC_037,Chedema Model,KOH_03957,969.62,nearest_centroid_max_2500m,OpenStreetMap Overpass API
KOH_LOC_037,Chedema Model,KOH_03958,1471.28,nearest_centroid_max_2500m,OpenStreetMap Overpass API
KOH_LOC_037,Chedema Model,KOH_03959,1973.08,nearest_centroid_max_2500m,OpenStreetMap Overpass API
KOH_LOC_039,Rusoma Village,KOH_03960,2156.83,nearest_centroid_max_2500m,OpenStreetMap Overpass API
KOH_LOC_039,Rusoma Village,KOH_03961,1840.65,nearest_centroid_max_2500m,OpenStreetMap Overpass API
KOH_LOC_039,Rusoma Village,KOH_03962,1621.01,nearest_centroid_max_2500m,OpenStreetMap Overpass API
KOH_LOC_039,Rusoma Village,KOH_03963,1539.99,nearest_centroid_max_2500m,OpenStreetMap Overpass API
KOH_LOC_039,Rusoma Village,KOH_03964,1618.44,nearest_centroid_max_2500m,OpenStreetMap Overpass API
KOH_LOC_039,Rusoma Village,KOH_03965,1836.02,nearest_centroid_max_2500m,OpenStreetMap Overpass API
KOH_LOC_039,Rusoma Village,KOH_03966,2150.98,nearest_centroid_max_2500m,OpenStreetMap Overpass API
KOH_LOC_076,Ciechama,KOH_03978,2395.07,nearest_centroid_max_2500m,OpenStreetMap Overpass API
KOH_LOC_076,Ciechama,KOH_03979,2016.15,nearest_centroid_max_2500m,OpenStreetMap Overpass API
KOH_LOC_076,Ciechama,KOH_03980,1702.13,nearest_centroid_max_2500m,OpenStreetMap Overpass API
KOH_LOC_076,Ciechama,KOH_03981,1494.51,nearest_centroid_max_2500m,OpenStreetMap Overpass API
KOH_LOC_076,Ciechama,KOH_03982,1439.96,nearest_centroid_max_2500m,OpenStreetMap Overpass API
KOH_LOC_035,Chiephobozou,KOH_03983,1478.37,nearest_centroid_max_2500m,OpenStreetMap Overpass API
KOH_LOC_035,Chiephobozou,KOH_03984,1557.22,nearest_centroid_max_2500m,OpenStreetMap Overpass API
KOH_LOC_035,Chiephobozou,KOH_03985,1779.99,nearest_centroid_max_2500m,OpenStreetMap Overpass API
KOH_LOC_035,Chiephobozou,KOH_03986,2101.27,nearest_centroid_max_2500m,OpenStreetMap Overpass API
KOH_LOC_035,Chiephobozou,KOH_03987,2483.25,nearest_centroid_max_2500m,OpenStreetMap Overpass API
KOH_LOC_029,Botsa,KOH_03988,2157.75,nearest_centroid_max_2500m,OpenStreetMap Overpass API
KOH_LOC_029,Botsa,KOH_03989,1664.97,nearest_centroid_max_2500m,OpenStreetMap Overpass API
KOH_LOC_029,Botsa,KOH_03990,1179.95,nearest_centroid_max_2500m,OpenStreetMap Overpass API
KOH_LOC_029,Botsa,KOH_03991,718.57,nearest_centroid_max_2500m,OpenStreetMap Overpass API
KOH_LOC_029,Botsa,KOH_03992,380.0,nearest_centroid_max_2500m,OpenStreetMap Overpass API
KOH_LOC_029,Botsa,KOH_03993,525.64,nearest_centroid_max_2500m,OpenStreetMap Overpass API
KOH_LOC_029,Botsa,KOH_03994,955.04,nearest_centroid_max_2500m,OpenStreetMap Overpass API
KOH_LOC_029,Botsa,KOH_03995,1432.53,nearest_centroid_max_2500m,OpenStreetMap Overpass API
KOH_LOC_068,Tsiemekhuma Basa,KOH_03996,1640.7,nearest_centroid_max_2500m,OpenStreetMap Overpass API
KOH_LOC_068,Tsiemekhuma Basa,KOH_03997,1827.23,nearest_centroid_max_2500m,OpenStreetMap Overpass API
KOH_LOC_068,Tsiemekhuma Basa,KOH_03998,2118.86,nearest_centroid_max_2500m,OpenStreetMap Overpass API
KOH_LOC_067,Tsiemekhuma,KOH_03999,2159.08,nearest_centroid_max_2500m,OpenStreetMap Overpass API
KOH_LOC_067,Tsiemekhuma,KOH_04000,2271.18,nearest_centroid_max_2500m,OpenStreetMap Overpass API
KOH_LOC_067,Tsiemekhuma,KOH_04001,2481.6,nearest_centroid_max_2500m,OpenStreetMap Overpass API
KOH_LOC_027,Wozhuro,KOH_04027,2490.03,nearest_centroid_max_2500m,OpenStreetMap Overpass API
KOH_LOC_027,Wozhuro,KOH_04028,2367.93,nearest_centroid_max_2500m,OpenStreetMap Overpass API
KOH_LOC_045,Viswema,KOH_04029,2228.37,nearest_centroid_max_2500m,OpenStreetMap Overpass API
KOH_LOC_045,Viswema,KOH_04030,1991.41,nearest_centroid_max_2500m,OpenStreetMap Overpass API
KOH_LOC_045,Viswema,KOH_04031,1615.73,nearest_centroid_max_2500m,OpenStreetMap Overpass API
KOH_LOC_045,Viswema,KOH_04032,1271.53,nearest_centroid_max_2500m,OpenStreetMap Overpass API
KOH_LOC_045,Viswema,KOH_04033,1061.63,nearest_centroid_max_2500m,OpenStreetMap Overpass API
KOH_LOC_045,Viswema,KOH_04034,1068.26,nearest_centroid_max_2500m,OpenStreetMap Overpass API
KOH_LOC_045,Viswema,KOH_04035,1288.11,nearest_centroid_max_2500m,OpenStreetMap Overpass API
KOH_LOC_045,Viswema,KOH_04036,1637.5,nearest_centroid_max_2500m,OpenStreetMap Overpass API
KOH_LOC_045,Viswema,KOH_04037,2051.26,nearest_centroid_max_2500m,OpenStreetMap Overpass API
KOH_LOC_056,Jakhama,KOH_04038,2214.77,nearest_centroid_max_2500m,OpenStreetMap Overpass API
KOH_LOC_056,Jakhama,KOH_04039,2270.02,nearest_centroid_max_2500m,OpenStreetMap Overpass API
KOH_LOC_058,Mima,KOH_04040,2286.08,nearest_centroid_max_2500m,OpenStreetMap Overpass API
KOH_LOC_058,Mima,KOH_04041,1912.22,nearest_centroid_max_2500m,OpenStreetMap Overpass API
KOH_LOC_058,Mima,KOH_04042,1609.66,nearest_centroid_max_2500m,OpenStreetMap Overpass API
KOH_LOC_058,Mima,KOH_04043,1424.65,nearest_centroid_max_2500m,OpenStreetMap Overpass API
KOH_LOC_058,Mima,KOH_04044,1404.24,nearest_centroid_max_2500m,OpenStreetMap Overpass API
KOH_LOC_058,Mima,KOH_04045,1555.15,nearest_centroid_max_2500m,OpenStreetMap Overpass API
KOH_LOC_058,Mima,KOH_04046,1835.4,nearest_centroid_max_2500m,OpenStreetMap Overpass API
KOH_LOC_058,Mima,KOH_04047,2196.15,nearest_centroid_max_2500m,OpenStreetMap Overpass API
KOH_LOC_015,Chedema,KOH_04056,2172.29,nearest_centroid_max_2500m,OpenStreetMap Overpass API
KOH_LOC_015,Chedema,KOH_04057,1789.61,nearest_centroid_max_2500m,OpenStreetMap Overpass API
KOH_LOC_015,Chedema,KOH_04058,1480.06,nearest_centroid_max_2500m,OpenStreetMap Overpass API
KOH_LOC_037,Chedema Model,KOH_04059,1135.58,nearest_centroid_max_2500m,OpenStreetMap Overpass API
KOH_LOC_037,Chedema Model,KOH_04060,705.84,nearest_centroid_max_2500m,OpenStreetMap Overpass API
KOH_LOC_037,Chedema Model,KOH_04061,459.22,nearest_centroid_max_2500m,OpenStreetMap Overpass API
KOH_LOC_037,Chedema Model,KOH_04062,653.8,nearest_centroid_max_2500m,OpenStreetMap Overpass API
KOH_LOC_037,Chedema Model,KOH_04063,1071.48,nearest_centroid_max_2500m,OpenStreetMap Overpass API
KOH_LOC_037,Chedema Model,KOH_04064,1540.32,nearest_centroid_max_2500m,OpenStreetMap Overpass API
KOH_LOC_037,Chedema Model,KOH_04065,2025.1,nearest_centroid_max_2500m,OpenStreetMap Overpass API
KOH_LOC_039,Rusoma Village,KOH_04067,2274.87,nearest_centroid_max_2500m,OpenStreetMap Overpass API
KOH_LOC_039,Rusoma Village,KOH_04068,2101.16,nearest_centroid_max_2500m,OpenStreetMap Overpass API
KOH_LOC_039,Rusoma Village,KOH_04069,2039.17,nearest_centroid_max_2500m,OpenStreetMap Overpass API
KOH_LOC_039,Rusoma Village,KOH_04070,2099.05,nearest_centroid_max_2500m,OpenStreetMap Overpass API
KOH_LOC_039,Rusoma Village,KOH_04071,2271.06,nearest_centroid_max_2500m,OpenStreetMap Overpass API
KOH_LOC_076,Ciechama,KOH_04085,2397.79,nearest_centroid_max_2500m,OpenStreetMap Overpass API
KOH_LOC_076,Ciechama,KOH_04086,2140.48,nearest_centroid_max_2500m,OpenStreetMap Overpass API
KOH_LOC_076,Ciechama,KOH_04087,1979.35,nearest_centroid_max_2500m,OpenStreetMap Overpass API
KOH_LOC_076,Ciechama,KOH_04088,1938.43,nearest_centroid_max_2500m,OpenStreetMap Overpass API
KOH_LOC_035,Chiephobozou,KOH_04089,1977.57,nearest_centroid_max_2500m,OpenStreetMap Overpass API
KOH_LOC_035,Chiephobozou,KOH_04090,2037.18,nearest_centroid_max_2500m,OpenStreetMap Overpass API
KOH_LOC_035,Chiephobozou,KOH_04091,2212.08,nearest_centroid_max_2500m,OpenStreetMap Overpass API
KOH_LOC_035,Chiephobozou,KOH_04092,2477.99,nearest_centroid_max_2500m,OpenStreetMap Overpass API
KOH_LOC_029,Botsa,KOH_04094,2131.98,nearest_centroid_max_2500m,OpenStreetMap Overpass API
KOH_LOC_029,Botsa,KOH_04095,1631.41,nearest_centroid_max_2500m,OpenStreetMap Overpass API
KOH_LOC_029,Botsa,KOH_04096,1132.07,nearest_centroid_max_2500m,OpenStreetMap Overpass API
KOH_LOC_029,Botsa,KOH_04097,636.86,nearest_centroid_max_2500m,OpenStreetMap Overpass API
KOH_LOC_029,Botsa,KOH_04098,182.99,nearest_centroid_max_2500m,OpenStreetMap Overpass API
KOH_LOC_029,Botsa,KOH_04099,406.73,nearest_centroid_max_2500m,OpenStreetMap Overpass API
KOH_LOC_029,Botsa,KOH_04100,895.14,nearest_centroid_max_2500m,OpenStreetMap Overpass API
KOH_LOC_029,Botsa,KOH_04101,1393.23,nearest_centroid_max_2500m,OpenStreetMap Overpass API
KOH_LOC_029,Botsa,KOH_04102,1893.35,nearest_centroid_max_2500m,OpenStreetMap Overpass API
KOH_LOC_068,Tsiemekhuma Basa,KOH_04103,2275.6,nearest_centroid_max_2500m,OpenStreetMap Overpass API
KOH_LOC_027,Wozhuro,KOH_04130,2337.64,nearest_centroid_max_2500m,OpenStreetMap Overpass API
KOH_LOC_027,Wozhuro,KOH_04131,2134.2,nearest_centroid_max_2500m,OpenStreetMap Overpass API
KOH_LOC_027,Wozhuro,KOH_04132,2037.02,nearest_centroid_max_2500m,OpenStreetMap Overpass API
KOH_LOC_027,Wozhuro,KOH_04133,2061.06,nearest_centroid_max_2500m,OpenStreetMap Overpass API
KOH_LOC_027,Wozhuro,KOH_04134,2152.99,nearest_centroid_max_2500m,OpenStreetMap Overpass API
KOH_LOC_027,Wozhuro,KOH_04135,2260.44,nearest_centroid_max_2500m,OpenStreetMap Overpass API
KOH_LOC_032,Kedima,KOH_04136,2060.61,nearest_centroid_max_2500m,OpenStreetMap Overpass API
KOH_LOC_032,Kedima,KOH_04137,1841.35,nearest_centroid_max_2500m,OpenStreetMap Overpass API
KOH_LOC_032,Kedima,KOH_04138,1692.92,nearest_centroid_max_2500m,OpenStreetMap Overpass API
KOH_LOC_045,Viswema,KOH_04139,1552.23,nearest_centroid_max_2500m,OpenStreetMap Overpass API
KOH_LOC_045,Viswema,KOH_04140,1556.81,nearest_centroid_max_2500m,OpenStreetMap Overpass API
KOH_LOC_045,Viswema,KOH_04141,1715.13,nearest_centroid_max_2500m,OpenStreetMap Overpass API
KOH_LOC_045,Viswema,KOH_04142,1990.94,nearest_centroid_max_2500m,OpenStreetMap Overpass API
KOH_LOC_045,Viswema,KOH_04143,2343.06,nearest_centroid_max_2500m,OpenStreetMap Overpass API
KOH_LOC_058,Mima,KOH_04147,2301.04,nearest_centroid_max_2500m,OpenStreetMap Overpass API
KOH_LOC_058,Mima,KOH_04148,2056.54,nearest_centroid_max_2500m,OpenStreetMap Overpass API
KOH_LOC_058,Mima,KOH_04149,1915.05,nearest_centroid_max_2500m,OpenStreetMap Overpass API
KOH_LOC_058,Mima,KOH_04150,1899.99,nearest_centroid_max_2500m,OpenStreetMap Overpass API
KOH_LOC_058,Mima,KOH_04151,2014.05,nearest_centroid_max_2500m,OpenStreetMap Overpass API
KOH_LOC_059,Mitelephe,KOH_04152,2124.94,nearest_centroid_max_2500m,OpenStreetMap Overpass API
KOH_LOC_059,Mitelephe,KOH_04153,2046.28,nearest_centroid_max_2500m,OpenStreetMap Overpass API
KOH_LOC_059,Mitelephe,KOH_04154,2088.82,nearest_centroid_max_2500m,OpenStreetMap Overpass API
KOH_LOC_059,Mitelephe,KOH_04155,2245.67,nearest_centroid_max_2500m,OpenStreetMap Overpass API
KOH_LOC_059,Mitelephe,KOH_04156,2495.43,nearest_centroid_max_2500m,OpenStreetMap Overpass API
KOH_LOC_015,Chedema,KOH_04162,2497.58,nearest_centroid_max_2500m,OpenStreetMap Overpass API
KOH_LOC_015,Chedema,KOH_04163,2173.02,nearest_centroid_max_2500m,OpenStreetMap Overpass API
KOH_LOC_037,Chedema Model,KOH_04164,1814.2,nearest_centroid_max_2500m,OpenStreetMap Overpass API
KOH_LOC_037,Chedema Model,KOH_04165,1412.82,nearest_centroid_max_2500m,OpenStreetMap Overpass API
KOH_LOC_037,Chedema Model,KOH_04166,1097.6,nearest_centroid_max_2500m,OpenStreetMap Overpass API
KOH_LOC_037,Chedema Model,KOH_04167,957.75,nearest_centroid_max_2500m,OpenStreetMap Overpass API
KOH_LOC_037,Chedema Model,KOH_04168,1064.84,nearest_centroid_max_2500m,OpenStreetMap Overpass API
KOH_LOC_037,Chedema Model,KOH_04169,1361.76,nearest_centroid_max_2500m,OpenStreetMap Overpass API
KOH_LOC_037,Chedema Model,KOH_04170,1754.6,nearest_centroid_max_2500m,OpenStreetMap Overpass API
KOH_LOC_037,Chedema Model,KOH_04171,2192.48,nearest_centroid_max_2500m,OpenStreetMap Overpass API
KOH_LOC_076,Ciechama,KOH_04193,2469.83,nearest_centroid_max_2500m,OpenStreetMap Overpass API
KOH_LOC_076,Ciechama,KOH_04194,2437.32,nearest_centroid_max_2500m,OpenStreetMap Overpass API
KOH_LOC_035,Chiephobozou,KOH_04195,2476.87,nearest_centroid_max_2500m,OpenStreetMap Overpass API
KOH_LOC_029,Botsa,KOH_04200,2221.06,nearest_centroid_max_2500m,OpenStreetMap Overpass API
KOH_LOC_029,Botsa,KOH_04201,1746.24,nearest_centroid_max_2500m,OpenStreetMap Overpass API
KOH_LOC_029,Botsa,KOH_04202,1292.03,nearest_centroid_max_2500m,OpenStreetMap Overpass API
KOH_LOC_029,Botsa,KOH_04203,890.58,nearest_centroid_max_2500m,OpenStreetMap Overpass API
KOH_LOC_029,Botsa,KOH_04204,648.9,nearest_centroid_max_2500m,OpenStreetMap Overpass API
KOH_LOC_029,Botsa,KOH_04205,743.68,nearest_centroid_max_2500m,OpenStreetMap Overpass API
KOH_LOC_029,Botsa,KOH_04206,1090.33,nearest_centroid_max_2500m,OpenStreetMap Overpass API
KOH_LOC_029,Botsa,KOH_04207,1525.95,nearest_centroid_max_2500m,OpenStreetMap Overpass API
KOH_LOC_029,Botsa,KOH_04208,1993.02,nearest_centroid_max_2500m,OpenStreetMap Overpass API
KOH_LOC_029,Botsa,KOH_04209,2473.82,nearest_centroid_max_2500m,OpenStreetMap Overpass API
KOH_LOC_027,Wozhuro,KOH_04235,2258.08,nearest_centroid_max_2500m,OpenStreetMap Overpass API
KOH_LOC_027,Wozhuro,KOH_04236,1919.81,nearest_centroid_max_2500m,OpenStreetMap Overpass API
KOH_LOC_027,Wozhuro,KOH_04237,1666.15,nearest_centroid_max_2500m,OpenStreetMap Overpass API
KOH_LOC_027,Wozhuro,KOH_04238,1539.7,nearest_centroid_max_2500m,OpenStreetMap Overpass API
KOH_LOC_027,Wozhuro,KOH_04239,1571.27,nearest_centroid_max_2500m,OpenStreetMap Overpass API
KOH_LOC_027,Wozhuro,KOH_04240,1752.43,nearest_centroid_max_2500m,OpenStreetMap Overpass API
KOH_LOC_027,Wozhuro,KOH_04241,2009.74,nearest_centroid_max_2500m,OpenStreetMap Overpass API
KOH_LOC_032,Kedima,KOH_04242,1715.35,nearest_centroid_max_2500m,OpenStreetMap Overpass API
KOH_LOC_032,Kedima,KOH_04243,1404.02,nearest_centroid_max_2500m,OpenStreetMap Overpass API
KOH_LOC_032,Kedima,KOH_04244,1202.88,nearest_centroid_max_2500m,OpenStreetMap Overpass API
KOH_LOC_032,Kedima,KOH_04245,1194.26,nearest_centroid_max_2500m,OpenStreetMap Overpass API
KOH_LOC_032,Kedima,KOH_04246,1381.9,nearest_centroid_max_2500m,OpenStreetMap Overpass API
KOH_LOC_032,Kedima,KOH_04247,1702.04,nearest_centroid_max_2500m,OpenStreetMap Overpass API
KOH_LOC_032,Kedima,KOH_04248,2094.84,nearest_centroid_max_2500m,OpenStreetMap Overpass API
KOH_LOC_058,Mima,KOH_04255,2409.17,nearest_centroid_max_2500m,OpenStreetMap Overpass API
KOH_LOC_059,Mitelephe,KOH_04256,2211.46,nearest_centroid_max_2500m,OpenStreetMap Overpass API
KOH_LOC_059,Mitelephe,KOH_04257,1885.37,nearest_centroid_max_2500m,OpenStreetMap Overpass API
KOH_LOC_059,Mitelephe,KOH_04258,1650.0,nearest_centroid_max_2500m,OpenStreetMap Overpass API
KOH_LOC_059,Mitelephe,KOH_04259,1547.52,nearest_centroid_max_2500m,OpenStreetMap Overpass API
KOH_LOC_059,Mitelephe,KOH_04260,1603.36,nearest_centroid_max_2500m,OpenStreetMap Overpass API
KOH_LOC_059,Mitelephe,KOH_04261,1802.95,nearest_centroid_max_2500m,OpenStreetMap Overpass API
KOH_LOC_059,Mitelephe,KOH_04262,2105.88,nearest_centroid_max_2500m,OpenStreetMap Overpass API
KOH_LOC_059,Mitelephe,KOH_04263,2474.37,nearest_centroid_max_2500m,OpenStreetMap Overpass API
KOH_LOC_037,Chedema Model,KOH_04270,2120.5,nearest_centroid_max_2500m,OpenStreetMap Overpass API
KOH_LOC_037,Chedema Model,KOH_04271,1789.18,nearest_centroid_max_2500m,OpenStreetMap Overpass API
KOH_LOC_037,Chedema Model,KOH_04272,1552.29,nearest_centroid_max_2500m,OpenStreetMap Overpass API
KOH_LOC_037,Chedema Model,KOH_04273,1456.77,nearest_centroid_max_2500m,OpenStreetMap Overpass API
KOH_LOC_037,Chedema Model,KOH_04274,1529.27,nearest_centroid_max_2500m,OpenStreetMap Overpass API
KOH_LOC_037,Chedema Model,KOH_04275,1749.02,nearest_centroid_max_2500m,OpenStreetMap Overpass API
KOH_LOC_037,Chedema Model,KOH_04276,2069.64,nearest_centroid_max_2500m,OpenStreetMap Overpass API
KOH_LOC_037,Chedema Model,KOH_04277,2451.86,nearest_centroid_max_2500m,OpenStreetMap Overpass API
KOH_LOC_029,Botsa,KOH_04306,2412.36,nearest_centroid_max_2500m,OpenStreetMap Overpass API
KOH_LOC_029,Botsa,KOH_04307,1983.81,nearest_centroid_max_2500m,OpenStreetMap Overpass API
KOH_LOC_029,Botsa,KOH_04308,1598.56,nearest_centroid_max_2500m,OpenStreetMap Overpass API
KOH_LOC_029,Botsa,KOH_04309,1295.93,nearest_centroid_max_2500m,OpenStreetMap Overpass API
KOH_LOC_029,Botsa,KOH_04310,1143.31,nearest_centroid_max_2500m,OpenStreetMap Overpass API
KOH_LOC_029,Botsa,KOH_04311,1199.63,nearest_centroid_max_2500m,OpenStreetMap Overpass API
KOH_LOC_029,Botsa,KOH_04312,1440.41,nearest_centroid_max_2500m,OpenStreetMap Overpass API
KOH_LOC_029,Botsa,KOH_04313,1792.93,nearest_centroid_max_2500m,OpenStreetMap Overpass API
KOH_LOC_029,Botsa,KOH_04314,2204.11,nearest_centroid_max_2500m,OpenStreetMap Overpass API
KOH_LOC_027,Wozhuro,KOH_04340,2395.07,nearest_centroid_max_2500m,OpenStreetMap Overpass API
KOH_LOC_027,Wozhuro,KOH_04341,1954.19,nearest_centroid_max_2500m,OpenStreetMap Overpass API
KOH_LOC_027,Wozhuro,KOH_04342,1550.97,nearest_centroid_max_2500m,OpenStreetMap Overpass API
KOH_LOC_027,Wozhuro,KOH_04343,1223.04,nearest_centroid_max_2500m,OpenStreetMap Overpass API
KOH_LOC_027,Wozhuro,KOH_04344,1044.07,nearest_centroid_max_2500m,OpenStreetMap Overpass API
KOH_LOC_027,Wozhuro,KOH_04345,1090.08,nearest_centroid_max_2500m,OpenStreetMap Overpass API
KOH_LOC_027,Wozhuro,KOH_04346,1338.12,nearest_centroid_max_2500m,OpenStreetMap Overpass API
KOH_LOC_027,Wozhuro,KOH_04347,1664.53,nearest_centroid_max_2500m,OpenStreetMap Overpass API
KOH_LOC_032,Kedima,KOH_04348,1399.14,nearest_centroid_max_2500m,OpenStreetMap Overpass API
KOH_LOC_032,Kedima,KOH_04349,1025.03,nearest_centroid_max_2500m,OpenStreetMap Overpass API
KOH_LOC_032,Kedima,KOH_04350,725.31,nearest_centroid_max_2500m,OpenStreetMap Overpass API
KOH_LOC_032,Kedima,KOH_04351,710.94,nearest_centroid_max_2500m,OpenStreetMap Overpass API
KOH_LOC_032,Kedima,KOH_04352,994.37,nearest_centroid_max_2500m,OpenStreetMap Overpass API
KOH_LOC_032,Kedima,KOH_04353,1405.71,nearest_centroid_max_2500m,OpenStreetMap Overpass API
KOH_LOC_032,Kedima,KOH_04354,1862.04,nearest_centroid_max_2500m,OpenStreetMap Overpass API
KOH_LOC_032,Kedima,KOH_04355,2337.26,nearest_centroid_max_2500m,OpenStreetMap Overpass API
KOH_LOC_033,Kezocha,KOH_04358,2395.46,nearest_centroid_max_2500m,OpenStreetMap Overpass API
KOH_LOC_033,Kezocha,KOH_04359,2250.34,nearest_centroid_max_2500m,OpenStreetMap Overpass API
KOH_LOC_033,Kezocha,KOH_04360,2212.23,nearest_centroid_max_2500m,OpenStreetMap Overpass API
KOH_LOC_033,Kezocha,KOH_04361,2286.45,nearest_centroid_max_2500m,OpenStreetMap Overpass API
KOH_LOC_059,Mitelephe,KOH_04362,1896.49,nearest_centroid_max_2500m,OpenStreetMap Overpass API
KOH_LOC_059,Mitelephe,KOH_04363,1503.5,nearest_centroid_max_2500m,OpenStreetMap Overpass API
KOH_LOC_059,Mitelephe,KOH_04364,1195.24,nearest_centroid_max_2500m,OpenStreetMap Overpass API
KOH_LOC_059,Mitelephe,KOH_04365,1049.1,nearest_centroid_max_2500m,OpenStreetMap Overpass API
KOH_LOC_059,Mitelephe,KOH_04366,1129.84,nearest_centroid_max_2500m,OpenStreetMap Overpass API
KOH_LOC_059,Mitelephe,KOH_04367,1398.71,nearest_centroid_max_2500m,OpenStreetMap Overpass API
KOH_LOC_059,Mitelephe,KOH_04368,1772.14,nearest_centroid_max_2500m,OpenStreetMap Overpass API
KOH_LOC_059,Mitelephe,KOH_04369,2197.33,nearest_centroid_max_2500m,OpenStreetMap Overpass API
KOH_LOC_038,Chakhabama,KOH_04374,2430.07,nearest_centroid_max_2500m,OpenStreetMap Overpass API
KOH_LOC_038,Chakhabama,KOH_04375,2359.65,nearest_centroid_max_2500m,OpenStreetMap Overpass API
KOH_LOC_038,Chakhabama,KOH_04376,2394.7,nearest_centroid_max_2500m,OpenStreetMap Overpass API
KOH_LOC_037,Chedema Model,KOH_04377,2214.59,nearest_centroid_max_2500m,OpenStreetMap Overpass API
KOH_LOC_037,Chedema Model,KOH_04378,2028.08,nearest_centroid_max_2500m,OpenStreetMap Overpass API
KOH_LOC_037,Chedema Model,KOH_04379,1955.91,nearest_centroid_max_2500m,OpenStreetMap Overpass API
KOH_LOC_037,Chedema Model,KOH_04380,2010.46,nearest_centroid_max_2500m,OpenStreetMap Overpass API
KOH_LOC_037,Chedema Model,KOH_04381,2182.25,nearest_centroid_max_2500m,OpenStreetMap Overpass API
KOH_LOC_037,Chedema Model,KOH_04382,2446.79,nearest_centroid_max_2500m,OpenStreetMap Overpass API
KOH_LOC_079,Dihoma,KOH_04388,2437.87,nearest_centroid_max_2500m,OpenStreetMap Overpass API
KOH_LOC_079,Dihoma,KOH_04389,2363.5,nearest_centroid_max_2500m,OpenStreetMap Overpass API
KOH_LOC_079,Dihoma,KOH_04390,2394.47,nearest_centroid_max_2500m,OpenStreetMap Overpass API
KOH_LOC_029,Botsa,KOH_04413,2306.51,nearest_centroid_max_2500m,OpenStreetMap Overpass API
KOH_LOC_029,Botsa,KOH_04414,1984.96,nearest_centroid_max_2500m,OpenStreetMap Overpass API
KOH_LOC_029,Botsa,KOH_04415,1750.46,nearest_centroid_max_2500m,OpenStreetMap Overpass API
KOH_LOC_029,Botsa,KOH_04416,1640.64,nearest_centroid_max_2500m,OpenStreetMap Overpass API
KOH_LOC_029,Botsa,KOH_04417,1680.34,nearest_centroid_max_2500m,OpenStreetMap Overpass API
KOH_LOC_029,Botsa,KOH_04418,1859.92,nearest_centroid_max_2500m,OpenStreetMap Overpass API
KOH_LOC_029,Botsa,KOH_04419,2144.45,nearest_centroid_max_2500m,OpenStreetMap Overpass API
KOH_LOC_029,Botsa,KOH_04420,2498.45,nearest_centroid_max_2500m,OpenStreetMap Overpass API
KOH_LOC_027,Wozhuro,KOH_04446,2225.85,nearest_centroid_max_2500m,OpenStreetMap Overpass API
KOH_LOC_027,Wozhuro,KOH_04447,1742.69,nearest_centroid_max_2500m,OpenStreetMap Overpass API
KOH_LOC_027,Wozhuro,KOH_04448,1274.15,nearest_centroid_max_2500m,OpenStreetMap Overpass API
KOH_LOC_027,Wozhuro,KOH_04449,844.9,nearest_centroid_max_2500m,OpenStreetMap Overpass API
KOH_LOC_027,Wozhuro,KOH_04450,555.13,nearest_centroid_max_2500m,OpenStreetMap Overpass API
KOH_LOC_027,Wozhuro,KOH_04451,637.49,nearest_centroid_max_2500m,OpenStreetMap Overpass API
KOH_LOC_027,Wozhuro,KOH_04452,1004.26,nearest_centroid_max_2500m,OpenStreetMap Overpass API
KOH_LOC_027,Wozhuro,KOH_04453,1415.98,nearest_centroid_max_2500m,OpenStreetMap Overpass API
KOH_LOC_032,Kedima,KOH_04454,1135.31,nearest_centroid_max_2500m,OpenStreetMap Overpass API
KOH_LOC_032,Kedima,KOH_04455,792.24,nearest_centroid_max_2500m,OpenStreetMap Overpass API
KOH_LOC_032,Kedima,KOH_04456,322.09,nearest_centroid_max_2500m,OpenStreetMap Overpass API
KOH_LOC_032,Kedima,KOH_04457,288.31,nearest_centroid_max_2500m,OpenStreetMap Overpass API
KOH_LOC_032,Kedima,KOH_04458,752.61,nearest_centroid_max_2500m,OpenStreetMap Overpass API
KOH_LOC_032,Kedima,KOH_04459,1246.45,nearest_centroid_max_2500m,OpenStreetMap Overpass API
KOH_LOC_032,Kedima,KOH_04460,1745.03,nearest_centroid_max_2500m,OpenStreetMap Overpass API
KOH_LOC_032,Kedima,KOH_04461,2245.06,nearest_centroid_max_2500m,OpenStreetMap Overpass API
KOH_LOC_033,Kezocha,KOH_04463,2226.78,nearest_centroid_max_2500m,OpenStreetMap Overpass API
KOH_LOC_033,Kezocha,KOH_04464,1944.27,nearest_centroid_max_2500m,OpenStreetMap Overpass API
KOH_LOC_033,Kezocha,KOH_04465,1762.39,nearest_centroid_max_2500m,OpenStreetMap Overpass API
KOH_LOC_033,Kezocha,KOH_04466,1713.47,nearest_centroid_max_2500m,OpenStreetMap Overpass API
KOH_LOC_033,Kezocha,KOH_04467,1808.27,nearest_centroid_max_2500m,OpenStreetMap Overpass API
KOH_LOC_059,Mitelephe,KOH_04468,1673.74,nearest_centroid_max_2500m,OpenStreetMap Overpass API
KOH_LOC_059,Mitelephe,KOH_04469,1210.41,nearest_centroid_max_2500m,OpenStreetMap Overpass API
KOH_LOC_059,Mitelephe,KOH_04470,795.71,nearest_centroid_max_2500m,OpenStreetMap Overpass API
KOH_LOC_059,Mitelephe,KOH_04471,552.38,nearest_centroid_max_2500m,OpenStreetMap Overpass API
KOH_LOC_059,Mitelephe,KOH_04472,693.56,nearest_centroid_max_2500m,OpenStreetMap Overpass API
KOH_LOC_059,Mitelephe,KOH_04473,1077.37,nearest_centroid_max_2500m,OpenStreetMap Overpass API
KOH_LOC_059,Mitelephe,KOH_04474,1531.27,nearest_centroid_max_2500m,OpenStreetMap Overpass API
KOH_LOC_059,Mitelephe,KOH_04475,2008.11,nearest_centroid_max_2500m,OpenStreetMap Overpass API
KOH_LOC_014,Kezo Town,KOH_04476,2280.42,nearest_centroid_max_2500m,OpenStreetMap Overpass API
KOH_LOC_014,Kezo Town,KOH_04477,2437.95,nearest_centroid_max_2500m,OpenStreetMap Overpass API
KOH_LOC_038,Chakhabama,KOH_04478,2446.83,nearest_centroid_max_2500m,OpenStreetMap Overpass API
KOH_LOC_038,Chakhabama,KOH_04479,2154.34,nearest_centroid_max_2500m,OpenStreetMap Overpass API
KOH_LOC_038,Chakhabama,KOH_04480,1949.36,nearest_centroid_max_2500m,OpenStreetMap Overpass API
KOH_LOC_038,Chakhabama,KOH_04481,1860.85,nearest_centroid_max_2500m,OpenStreetMap Overpass API
KOH_LOC_038,Chakhabama,KOH_04482,1905.01,nearest_centroid_max_2500m,OpenStreetMap Overpass API
KOH_LOC_038,Chakhabama,KOH_04483,2073.55,nearest_centroid_max_2500m,OpenStreetMap Overpass API
KOH_LOC_038,Chakhabama,KOH_04484,2339.68,nearest_centroid_max_2500m,OpenStreetMap Overpass API
KOH_LOC_037,Chedema Model,KOH_04485,2455.08,nearest_centroid_max_2500m,OpenStreetMap Overpass API
KOH_LOC_037,Chedema Model,KOH_04486,2498.73,nearest_centroid_max_2500m,OpenStreetMap Overpass API
KOH_LOC_079,Dihoma,KOH_04492,2461.7,nearest_centroid_max_2500m,OpenStreetMap Overpass API
KOH_LOC_079,Dihoma,KOH_04493,2166.93,nearest_centroid_max_2500m,OpenStreetMap Overpass API
KOH_LOC_079,Dihoma,KOH_04494,1958.24,nearest_centroid_max_2500m,OpenStreetMap Overpass API
KOH_LOC_079,Dihoma,KOH_04495,1864.97,nearest_centroid_max_2500m,OpenStreetMap Overpass API
KOH_LOC_079,Dihoma,KOH_04496,1903.96,nearest_centroid_max_2500m,OpenStreetMap Overpass API
KOH_LOC_079,Dihoma,KOH_04497,2067.84,nearest_centroid_max_2500m,OpenStreetMap Overpass API
KOH_LOC_079,Dihoma,KOH_04498,2330.48,nearest_centroid_max_2500m,OpenStreetMap Overpass API
KOH_LOC_029,Botsa,KOH_04520,2413.15,nearest_centroid_max_2500m,OpenStreetMap Overpass API
KOH_LOC_029,Botsa,KOH_04521,2224.15,nearest_centroid_max_2500m,OpenStreetMap Overpass API
KOH_LOC_029,Botsa,KOH_04522,2138.86,nearest_centroid_max_2500m,OpenStreetMap Overpass API
KOH_LOC_029,Botsa,KOH_04523,2169.45,nearest_centroid_max_2500m,OpenStreetMap Overpass API
KOH_LOC_029,Botsa,KOH_04524,2311.33,nearest_centroid_max_2500m,OpenStreetMap Overpass API
KOH_LOC_064,Zunpha,KOH_04534,2403.3,nearest_centroid_max_2500m,OpenStreetMap Overpass API
KOH_LOC_064,Zunpha,KOH_04535,2341.52,nearest_centroid_max_2500m,OpenStreetMap Overpass API
KOH_LOC_064,Zunpha,KOH_04536,2386.11,nearest_centroid_max_2500m,OpenStreetMap Overpass API
KOH_LOC_027,Wozhuro,KOH_04552,2161.3,nearest_centroid_max_2500m,OpenStreetMap Overpass API
KOH_LOC_027,Wozhuro,KOH_04553,1659.43,nearest_centroid_max_2500m,OpenStreetMap Overpass API
KOH_LOC_027,Wozhuro,KOH_04554,1157.63,nearest_centroid_max_2500m,OpenStreetMap Overpass API
KOH_LOC_027,Wozhuro,KOH_04555,656.06,nearest_centroid_max_2500m,OpenStreetMap Overpass API
KOH_LOC_027,Wozhuro,KOH_04556,157.0,nearest_centroid_max_2500m,OpenStreetMap Overpass API
KOH_LOC_027,Wozhuro,KOH_04557,350.43,nearest_centroid_max_2500m,OpenStreetMap Overpass API
KOH_LOC_027,Wozhuro,KOH_04558,851.39,nearest_centroid_max_2500m,OpenStreetMap Overpass API
KOH_LOC_027,Wozhuro,KOH_04559,1345.01,nearest_centroid_max_2500m,OpenStreetMap Overpass API
KOH_LOC_027,Wozhuro,KOH_04560,1631.06,nearest_centroid_max_2500m,OpenStreetMap Overpass API
KOH_LOC_032,Kedima,KOH_04561,746.02,nearest_centroid_max_2500m,OpenStreetMap Overpass API
KOH_LOC_032,Kedima,KOH_04562,424.3,nearest_centroid_max_2500m,OpenStreetMap Overpass API
KOH_LOC_032,Kedima,KOH_04563,399.11,nearest_centroid_max_2500m,OpenStreetMap Overpass API
KOH_LOC_032,Kedima,KOH_04564,801.62,nearest_centroid_max_2500m,OpenStreetMap Overpass API
KOH_LOC_032,Kedima,KOH_04565,1276.61,nearest_centroid_max_2500m,OpenStreetMap Overpass API
KOH_LOC_032,Kedima,KOH_04566,1766.58,nearest_centroid_max_2500m,OpenStreetMap Overpass API
KOH_LOC_032,Kedima,KOH_04567,2261.93,nearest_centroid_max_2500m,OpenStreetMap Overpass API
KOH_LOC_033,Kezocha,KOH_04568,2276.13,nearest_centroid_max_2500m,OpenStreetMap Overpass API
KOH_LOC_033,Kezocha,KOH_04569,1870.52,nearest_centroid_max_2500m,OpenStreetMap Overpass API
KOH_LOC_033,Kezocha,KOH_04570,1523.36,nearest_centroid_max_2500m,OpenStreetMap Overpass API
KOH_LOC_033,Kezocha,KOH_04571,1283.14,nearest_centroid_max_2500m,OpenStreetMap Overpass API
KOH_LOC_033,Kezocha,KOH_04572,1215.07,nearest_centroid_max_2500m,OpenStreetMap Overpass API
KOH_LOC_033,Kezocha,KOH_04573,1345.36,nearest_centroid_max_2500m,OpenStreetMap Overpass API
KOH_LOC_059,Mitelephe,KOH_04574,1582.52,nearest_centroid_max_2500m,OpenStreetMap Overpass API
KOH_LOC_059,Mitelephe,KOH_04575,1080.9,nearest_centroid_max_2500m,OpenStreetMap Overpass API
KOH_LOC_059,Mitelephe,KOH_04576,579.76,nearest_centroid_max_2500m,OpenStreetMap Overpass API
KOH_LOC_059,Mitelephe,KOH_04577,89.66,nearest_centroid_max_2500m,OpenStreetMap Overpass API
KOH_LOC_059,Mitelephe,KOH_04578,428.82,nearest_centroid_max_2500m,OpenStreetMap Overpass API
KOH_LOC_059,Mitelephe,KOH_04579,929.33,nearest_centroid_max_2500m,OpenStreetMap Overpass API
KOH_LOC_059,Mitelephe,KOH_04580,1430.84,nearest_centroid_max_2500m,OpenStreetMap Overpass API
KOH_LOC_014,Kezo Town,KOH_04581,1728.2,nearest_centroid_max_2500m,OpenStreetMap Overpass API
KOH_LOC_014,Kezo Town,KOH_04582,1796.03,nearest_centroid_max_2500m,OpenStreetMap Overpass API
KOH_LOC_014,Kezo Town,KOH_04583,1992.24,nearest_centroid_max_2500m,OpenStreetMap Overpass API
KOH_LOC_038,Chakhabama,KOH_04584,2092.87,nearest_centroid_max_2500m,OpenStreetMap Overpass API
KOH_LOC_038,Chakhabama,KOH_04585,1742.1,nearest_centroid_max_2500m,OpenStreetMap Overpass API
KOH_LOC_038,Chakhabama,KOH_04586,1481.0,nearest_centroid_max_2500m,OpenStreetMap Overpass API
KOH_LOC_038,Chakhabama,KOH_04587,1362.24,nearest_centroid_max_2500m,OpenStreetMap Overpass API
KOH_LOC_038,Chakhabama,KOH_04588,1422.1,nearest_centroid_max_2500m,OpenStreetMap Overpass API
KOH_LOC_038,Chakhabama,KOH_04589,1640.94,nearest_centroid_max_2500m,OpenStreetMap Overpass API
KOH_LOC_038,Chakhabama,KOH_04590,1966.51,nearest_centroid_max_2500m,OpenStreetMap Overpass API
KOH_LOC_038,Chakhabama,KOH_04591,2354.85,nearest_centroid_max_2500m,OpenStreetMap Overpass API
KOH_LOC_079,Dihoma,KOH_04598,2109.62,nearest_centroid_max_2500m,OpenStreetMap Overpass API
KOH_LOC_079,Dihoma,KOH_04599,1756.62,nearest_centroid_max_2500m,OpenStreetMap Overpass API
KOH_LOC_079,Dihoma,KOH_04600,1491.54,nearest_centroid_max_2500m,OpenStreetMap Overpass API
KOH_LOC_079,Dihoma,KOH_04601,1366.79,nearest_centroid_max_2500m,OpenStreetMap Overpass API
KOH_LOC_079,Dihoma,KOH_04602,1419.56,nearest_centroid_max_2500m,OpenStreetMap Overpass API
KOH_LOC_079,Dihoma,KOH_04603,1632.83,nearest_centroid_max_2500m,OpenStreetMap Overpass API
KOH_LOC_079,Dihoma,KOH_04604,1954.81,nearest_centroid_max_2500m,OpenStreetMap Overpass API
KOH_LOC_079,Dihoma,KOH_04605,2340.96,nearest_centroid_max_2500m,OpenStreetMap Overpass API
KOH_LOC_064,Zunpha,KOH_04638,2405.34,nearest_centroid_max_2500m,OpenStreetMap Overpass API
KOH_LOC_064,Zunpha,KOH_04639,2117.66,nearest_centroid_max_2500m,OpenStreetMap Overpass API
KOH_LOC_064,Zunpha,KOH_04640,1920.3,nearest_centroid_max_2500m,OpenStreetMap Overpass API
KOH_LOC_064,Zunpha,KOH_04641,1842.43,nearest_centroid_max_2500m,OpenStreetMap Overpass API
KOH_LOC_064,Zunpha,KOH_04642,1898.8,nearest_centroid_max_2500m,OpenStreetMap Overpass API
KOH_LOC_064,Zunpha,KOH_04643,2078.53,nearest_centroid_max_2500m,OpenStreetMap Overpass API
KOH_LOC_064,Zunpha,KOH_04644,2353.51,nearest_centroid_max_2500m,OpenStreetMap Overpass API
KOH_LOC_053,Ziphenyu,KOH_04650,2488.8,nearest_centroid_max_2500m,OpenStreetMap Overpass API
KOH_LOC_053,Ziphenyu,KOH_04651,2332.12,nearest_centroid_max_2500m,OpenStreetMap Overpass API
KOH_LOC_053,Ziphenyu,KOH_04652,2277.57,nearest_centroid_max_2500m,OpenStreetMap Overpass API
KOH_LOC_053,Ziphenyu,KOH_04653,2332.34,nearest_centroid_max_2500m,OpenStreetMap Overpass API
KOH_LOC_053,Ziphenyu,KOH_04654,2489.08,nearest_centroid_max_2500m,OpenStreetMap Overpass API
KOH_LOC_027,Wozhuro,KOH_04658,2210.53,nearest_centroid_max_2500m,OpenStreetMap Overpass API
KOH_LOC_027,Wozhuro,KOH_04659,1723.03,nearest_centroid_max_2500m,OpenStreetMap Overpass API
KOH_LOC_027,Wozhuro,KOH_04660,1247.06,nearest_centroid_max_2500m,OpenStreetMap Overpass API
KOH_LOC_027,Wozhuro,KOH_04661,803.41,nearest_centroid_max_2500m,OpenStreetMap Overpass API
KOH_LOC_027,Wozhuro,KOH_04662,489.51,nearest_centroid_max_2500m,OpenStreetMap Overpass API
KOH_LOC_027,Wozhuro,KOH_04663,581.1,nearest_centroid_max_2500m,OpenStreetMap Overpass API
KOH_LOC_027,Wozhuro,KOH_04664,969.4,nearest_centroid_max_2500m,OpenStreetMap Overpass API
KOH_LOC_027,Wozhuro,KOH_04665,1408.46,nearest_centroid_max_2500m,OpenStreetMap Overpass API
KOH_LOC_027,Wozhuro,KOH_04666,1643.33,nearest_centroid_max_2500m,OpenStreetMap Overpass API
KOH_LOC_032,Kedima,KOH_04667,790.19,nearest_centroid_max_2500m,OpenStreetMap Overpass API
KOH_LOC_032,Kedima,KOH_04668,805.49,nearest_centroid_max_2500m,OpenStreetMap Overpass API
KOH_LOC_032,Kedima,KOH_04669,856.69,nearest_centroid_max_2500m,OpenStreetMap Overpass API
KOH_LOC_032,Kedima,KOH_04670,1103.31,nearest_centroid_max_2500m,OpenStreetMap Overpass API
KOH_LOC_032,Kedima,KOH_04671,1484.71,nearest_centroid_max_2500m,OpenStreetMap Overpass API
KOH_LOC_032,Kedima,KOH_04672,1922.37,nearest_centroid_max_2500m,OpenStreetMap Overpass API
KOH_LOC_032,Kedima,KOH_04673,2385.46,nearest_centroid_max_2500m,OpenStreetMap Overpass API
KOH_LOC_033,Kezocha,KOH_04674,2054.16,nearest_centroid_max_2500m,OpenStreetMap Overpass API
KOH_LOC_033,Kezocha,KOH_04675,1593.0,nearest_centroid_max_2500m,OpenStreetMap Overpass API
KOH_LOC_033,Kezocha,KOH_04676,1165.96,nearest_centroid_max_2500m,OpenStreetMap Overpass API
KOH_LOC_033,Kezocha,KOH_04677,827.87,nearest_centroid_max_2500m,OpenStreetMap Overpass API
KOH_LOC_033,Kezocha,KOH_04678,717.66,nearest_centroid_max_2500m,OpenStreetMap Overpass API
KOH_LOC_033,Kezocha,KOH_04679,921.35,nearest_centroid_max_2500m,OpenStreetMap Overpass API
KOH_LOC_033,Kezocha,KOH_04680,1298.65,nearest_centroid_max_2500m,OpenStreetMap Overpass API
KOH_LOC_059,Mitelephe,KOH_04681,1170.39,nearest_centroid_max_2500m,OpenStreetMap Overpass API
KOH_LOC_059,Mitelephe,KOH_04682,733.24,nearest_centroid_max_2500m,OpenStreetMap Overpass API
KOH_LOC_059,Mitelephe,KOH_04683,457.7,nearest_centroid_max_2500m,OpenStreetMap Overpass API
KOH_LOC_059,Mitelephe,KOH_04684,620.76,nearest_centroid_max_2500m,OpenStreetMap Overpass API
KOH_LOC_059,Mitelephe,KOH_04685,1032.0,nearest_centroid_max_2500m,OpenStreetMap Overpass API
KOH_LOC_014,Kezo Town,KOH_04686,1332.31,nearest_centroid_max_2500m,OpenStreetMap Overpass API
KOH_LOC_014,Kezo Town,KOH_04687,1228.88,nearest_centroid_max_2500m,OpenStreetMap Overpass API
KOH_LOC_014,Kezo Town,KOH_04688,1322.66,nearest_centroid_max_2500m,OpenStreetMap Overpass API
KOH_LOC_014,Kezo Town,KOH_04689,1578.73,nearest_centroid_max_2500m,OpenStreetMap Overpass API
KOH_LOC_038,Chakhabama,KOH_04690,1808.79,nearest_centroid_max_2500m,OpenStreetMap Overpass API
KOH_LOC_038,Chakhabama,KOH_04691,1387.99,nearest_centroid_max_2500m,OpenStreetMap Overpass API
KOH_LOC_038,Chakhabama,KOH_04692,1041.65,nearest_centroid_max_2500m,OpenStreetMap Overpass API
KOH_LOC_038,Chakhabama,KOH_04693,864.57,nearest_centroid_max_2500m,OpenStreetMap Overpass API
KOH_LOC_038,Chakhabama,KOH_04694,955.95,nearest_centroid_max_2500m,OpenStreetMap Overpass API
KOH_LOC_038,Chakhabama,KOH_04695,1258.69,nearest_centroid_max_2500m,OpenStreetMap Overpass API
KOH_LOC_038,Chakhabama,KOH_04696,1660.97,nearest_centroid_max_2500m,OpenStreetMap Overpass API
KOH_LOC_038,Chakhabama,KOH_04697,2106.43,nearest_centroid_max_2500m,OpenStreetMap Overpass API
KOH_LOC_079,Dihoma,KOH_04703,2282.0,nearest_centroid_max_2500m,OpenStreetMap Overpass API
KOH_LOC_079,Dihoma,KOH_04704,1827.26,nearest_centroid_max_2500m,OpenStreetMap Overpass API
KOH_LOC_079,Dihoma,KOH_04705,1405.11,nearest_centroid_max_2500m,OpenStreetMap Overpass API
KOH_LOC_079,Dihoma,KOH_04706,1055.23,nearest_centroid_max_2500m,OpenStreetMap Overpass API
KOH_LOC_079,Dihoma,KOH_04707,869.84,nearest_centroid_max_2500m,OpenStreetMap Overpass API
KOH_LOC_079,Dihoma,KOH_04708,950.6,nearest_centroid_max_2500m,OpenStreetMap Overpass API
KOH_LOC_079,Dihoma,KOH_04709,1246.83,nearest_centroid_max_2500m,OpenStreetMap Overpass API
KOH_LOC_079,Dihoma,KOH_04710,1646.04,nearest_centroid_max_2500m,OpenStreetMap Overpass API
KOH_LOC_079,Dihoma,KOH_04711,2090.13,nearest_centroid_max_2500m,OpenStreetMap Overpass API
KOH_LOC_077,Gariphema,KOH_04715,2325.62,nearest_centroid_max_2500m,OpenStreetMap Overpass API
KOH_LOC_077,Gariphema,KOH_04716,2160.97,nearest_centroid_max_2500m,OpenStreetMap Overpass API
KOH_LOC_077,Gariphema,KOH_04717,2105.93,nearest_centroid_max_2500m,OpenStreetMap Overpass API
KOH_LOC_077,Gariphema,KOH_04718,2168.88,nearest_centroid_max_2500m,OpenStreetMap Overpass API
KOH_LOC_077,Gariphema,KOH_04719,2340.31,nearest_centroid_max_2500m,OpenStreetMap Overpass API
KOH_LOC_064,Zunpha,KOH_04743,2449.62,nearest_centroid_max_2500m,OpenStreetMap Overpass API
KOH_LOC_064,Zunpha,KOH_04744,2048.38,nearest_centroid_max_2500m,OpenStreetMap Overpass API
KOH_LOC_064,Zunpha,KOH_04745,1701.38,nearest_centroid_max_2500m,OpenStreetMap Overpass API
KOH_LOC_064,Zunpha,KOH_04746,1448.37,nearest_centroid_max_2500m,OpenStreetMap Overpass API
KOH_LOC_064,Zunpha,KOH_04747,1343.4,nearest_centroid_max_2500m,OpenStreetMap Overpass API
KOH_LOC_064,Zunpha,KOH_04748,1419.63,nearest_centroid_max_2500m,OpenStreetMap Overpass API
KOH_LOC_064,Zunpha,KOH_04749,1652.32,nearest_centroid_max_2500m,OpenStreetMap Overpass API
KOH_LOC_064,Zunpha,KOH_04750,1987.18,nearest_centroid_max_2500m,OpenStreetMap Overpass API
KOH_LOC_064,Zunpha,KOH_04751,2381.44,nearest_centroid_max_2500m,OpenStreetMap Overpass API
KOH_LOC_053,Ziphenyu,KOH_04755,2330.05,nearest_centroid_max_2500m,OpenStreetMap Overpass API
KOH_LOC_053,Ziphenyu,KOH_04756,2041.93,nearest_centroid_max_2500m,OpenStreetMap Overpass API
KOH_LOC_053,Ziphenyu,KOH_04757,1847.73,nearest_centroid_max_2500m,OpenStreetMap Overpass API
KOH_LOC_053,Ziphenyu,KOH_04758,1778.29,nearest_centroid_max_2500m,OpenStreetMap Overpass API
KOH_LOC_053,Ziphenyu,KOH_04759,1847.91,nearest_centroid_max_2500m,OpenStreetMap Overpass API
KOH_LOC_053,Ziphenyu,KOH_04760,2042.29,nearest_centroid_max_2500m,OpenStreetMap Overpass API
KOH_LOC_052,Tesophenyu Old,KOH_04761,2134.52,nearest_centroid_max_2500m,OpenStreetMap Overpass API
KOH_LOC_052,Tesophenyu Old,KOH_04762,2323.43,nearest_centroid_max_2500m,OpenStreetMap Overpass API
KOH_LOC_027,Wozhuro,KOH_04764,2366.42,nearest_centroid_max_2500m,OpenStreetMap Overpass API
KOH_LOC_027,Wozhuro,KOH_04765,1918.97,nearest_centroid_max_2500m,OpenStreetMap Overpass API
KOH_LOC_027,Wozhuro,KOH_04766,1506.2,nearest_centroid_max_2500m,OpenStreetMap Overpass API
KOH_LOC_027,Wozhuro,KOH_04767,1165.73,nearest_centroid_max_2500m,OpenStreetMap Overpass API
KOH_LOC_027,Wozhuro,KOH_04768,976.2,nearest_centroid_max_2500m,OpenStreetMap Overpass API
KOH_LOC_027,Wozhuro,KOH_04769,1025.23,nearest_centroid_max_2500m,OpenStreetMap Overpass API
KOH_LOC_027,Wozhuro,KOH_04770,1285.75,nearest_centroid_max_2500m,OpenStreetMap Overpass API
KOH_LOC_027,Wozhuro,KOH_04771,1619.55,nearest_centroid_max_2500m,OpenStreetMap Overpass API
KOH_LOC_032,Kedima,KOH_04772,1551.92,nearest_centroid_max_2500m,OpenStreetMap Overpass API
KOH_LOC_032,Kedima,KOH_04773,1362.94,nearest_centroid_max_2500m,OpenStreetMap Overpass API
KOH_LOC_032,Kedima,KOH_04774,1344.31,nearest_centroid_max_2500m,OpenStreetMap Overpass API
KOH_LOC_032,Kedima,KOH_04775,1513.31,nearest_centroid_max_2500m,OpenStreetMap Overpass API
KOH_LOC_032,Kedima,KOH_04776,1810.31,nearest_centroid_max_2500m,OpenStreetMap Overpass API
KOH_LOC_032,Kedima,KOH_04777,2183.72,nearest_centroid_max_2500m,OpenStreetMap Overpass API
KOH_LOC_033,Kezocha,KOH_04778,2437.89,nearest_centroid_max_2500m,OpenStreetMap Overpass API
KOH_LOC_033,Kezocha,KOH_04779,1938.38,nearest_centroid_max_2500m,OpenStreetMap Overpass API
KOH_LOC_033,Kezocha,KOH_04780,1440.55,nearest_centroid_max_2500m,OpenStreetMap Overpass API
KOH_LOC_033,Kezocha,KOH_04781,947.09,nearest_centroid_max_2500m,OpenStreetMap Overpass API
KOH_LOC_033,Kezocha,KOH_04782,471.83,nearest_centroid_max_2500m,OpenStreetMap Overpass API
KOH_LOC_033,Kezocha,KOH_04783,228.79,nearest_centroid_max_2500m,OpenStreetMap Overpass API
KOH_LOC_033,Kezocha,KOH_04784,621.28,nearest_centroid_max_2500m,OpenStreetMap Overpass API
KOH_LOC_033,Kezocha,KOH_04785,1106.14,nearest_centroid_max_2500m,OpenStreetMap Overpass API
KOH_LOC_059,Mitelephe,KOH_04786,1438.74,nearest_centroid_max_2500m,OpenStreetMap Overpass API
KOH_LOC_059,Mitelephe,KOH_04787,1112.42,nearest_centroid_max_2500m,OpenStreetMap Overpass API
KOH_LOC_059,Mitelephe,KOH_04788,953.59,nearest_centroid_max_2500m,OpenStreetMap Overpass API
KOH_LOC_059,Mitelephe,KOH_04789,1041.68,nearest_centroid_max_2500m,OpenStreetMap Overpass API
KOH_LOC_014,Kezo Town,KOH_04790,1251.49,nearest_centroid_max_2500m,OpenStreetMap Overpass API
KOH_LOC_014,Kezo Town,KOH_04791,892.96,nearest_centroid_max_2500m,OpenStreetMap Overpass API
KOH_LOC_014,Kezo Town,KOH_04792,729.7,nearest_centroid_max_2500m,OpenStreetMap Overpass API
KOH_LOC_014,Kezo Town,KOH_04793,878.47,nearest_centroid_max_2500m,OpenStreetMap Overpass API
KOH_LOC_014,Kezo Town,KOH_04794,1230.74,nearest_centroid_max_2500m,OpenStreetMap Overpass API
KOH_LOC_038,Chakhabama,KOH_04795,1631.65,nearest_centroid_max_2500m,OpenStreetMap Overpass API
KOH_LOC_038,Chakhabama,KOH_04796,1147.53,nearest_centroid_max_2500m,OpenStreetMap Overpass API
KOH_LOC_038,Chakhabama,KOH_04797,689.43,nearest_centroid_max_2500m,OpenStreetMap Overpass API
KOH_LOC_038,Chakhabama,KOH_04798,371.06,nearest_centroid_max_2500m,OpenStreetMap Overpass API
KOH_LOC_038,Chakhabama,KOH_04799,551.46,nearest_centroid_max_2500m,OpenStreetMap Overpass API
KOH_LOC_038,Chakhabama,KOH_04800,987.14,nearest_centroid_max_2500m,OpenStreetMap Overpass API
KOH_LOC_038,Chakhabama,KOH_04801,1465.84,nearest_centroid_max_2500m,OpenStreetMap Overpass API
KOH_LOC_038,Chakhabama,KOH_04802,1956.24,nearest_centroid_max_2500m,OpenStreetMap Overpass API
KOH_LOC_038,Chakhabama,KOH_04803,2451.32,nearest_centroid_max_2500m,OpenStreetMap Overpass API
KOH_LOC_079,Dihoma,KOH_04808,2143.58,nearest_centroid_max_2500m,OpenStreetMap Overpass API
KOH_LOC_079,Dihoma,KOH_04809,1651.13,nearest_centroid_max_2500m,OpenStreetMap Overpass API
KOH_LOC_079,Dihoma,KOH_04810,1166.81,nearest_centroid_max_2500m,OpenStreetMap Overpass API
KOH_LOC_079,Dihoma,KOH_04811,707.52,nearest_centroid_max_2500m,OpenStreetMap Overpass API
KOH_LOC_079,Dihoma,KOH_04812,379.0,nearest_centroid_max_2500m,OpenStreetMap Overpass API
KOH_LOC_079,Dihoma,KOH_04813,539.08,nearest_centroid_max_2500m,OpenStreetMap Overpass API
KOH_LOC_079,Dihoma,KOH_04814,970.41,nearest_centroid_max_2500m,OpenStreetMap Overpass API
KOH_LOC_079,Dihoma,KOH_04815,1447.97,nearest_centroid_max_2500m,OpenStreetMap Overpass API
KOH_LOC_079,Dihoma,KOH_04816,1937.9,nearest_centroid_max_2500m,OpenStreetMap Overpass API
KOH_LOC_079,Dihoma,KOH_04817,2432.72,nearest_centroid_max_2500m,OpenStreetMap Overpass API
KOH_LOC_077,Gariphema,KOH_04819,2190.44,nearest_centroid_max_2500m,OpenStreetMap Overpass API
KOH_LOC_077,Gariphema,KOH_04820,1885.56,nearest_centroid_max_2500m,OpenStreetMap Overpass API
KOH_LOC_077,Gariphema,KOH_04821,1678.27,nearest_centroid_max_2500m,OpenStreetMap Overpass API
KOH_LOC_077,Gariphema,KOH_04822,1606.79,nearest_centroid_max_2500m,OpenStreetMap Overpass API
KOH_LOC_077,Gariphema,KOH_04823,1688.35,nearest_centroid_max_2500m,OpenStreetMap Overpass API
KOH_LOC_077,Gariphema,KOH_04824,1903.62,nearest_centroid_max_2500m,OpenStreetMap Overpass API
KOH_LOC_077,Gariphema,KOH_04825,2213.77,nearest_centroid_max_2500m,OpenStreetMap Overpass API
KOH_LOC_064,Zunpha,KOH_04848,2215.69,nearest_centroid_max_2500m,OpenStreetMap Overpass API
KOH_LOC_064,Zunpha,KOH_04849,1761.94,nearest_centroid_max_2500m,OpenStreetMap Overpass API
KOH_LOC_064,Zunpha,KOH_04850,1342.9,nearest_centroid_max_2500m,OpenStreetMap Overpass API
KOH_LOC_064,Zunpha,KOH_04851,1003.19,nearest_centroid_max_2500m,OpenStreetMap Overpass API
KOH_LOC_064,Zunpha,KOH_04852,844.48,nearest_centroid_max_2500m,OpenStreetMap Overpass API
KOH_LOC_064,Zunpha,KOH_04853,961.25,nearest_centroid_max_2500m,OpenStreetMap Overpass API
KOH_LOC_064,Zunpha,KOH_04854,1280.08,nearest_centroid_max_2500m,OpenStreetMap Overpass API
KOH_LOC_064,Zunpha,KOH_04855,1690.35,nearest_centroid_max_2500m,OpenStreetMap Overpass API
KOH_LOC_064,Zunpha,KOH_04856,2140.03,nearest_centroid_max_2500m,OpenStreetMap Overpass API
KOH_LOC_053,Ziphenyu,KOH_04859,2380.44,nearest_centroid_max_2500m,OpenStreetMap Overpass API
KOH_LOC_053,Ziphenyu,KOH_04860,1975.64,nearest_centroid_max_2500m,OpenStreetMap Overpass API
KOH_LOC_053,Ziphenyu,KOH_04861,1625.87,nearest_centroid_max_2500m,OpenStreetMap Overpass API
KOH_LOC_053,Ziphenyu,KOH_04862,1374.03,nearest_centroid_max_2500m,OpenStreetMap Overpass API
KOH_LOC_053,Ziphenyu,KOH_04863,1279.11,nearest_centroid_max_2500m,OpenStreetMap Overpass API
KOH_LOC_053,Ziphenyu,KOH_04864,1374.11,nearest_centroid_max_2500m,OpenStreetMap Overpass API
KOH_LOC_052,Tesophenyu Old,KOH_04865,1555.18,nearest_centroid_max_2500m,OpenStreetMap Overpass API
KOH_LOC_052,Tesophenyu Old,KOH_04866,1660.28,nearest_centroid_max_2500m,OpenStreetMap Overpass API
KOH_LOC_052,Tesophenyu Old,KOH_04867,1896.94,nearest_centroid_max_2500m,OpenStreetMap Overpass API
KOH_LOC_052,Tesophenyu Old,KOH_04868,2223.62,nearest_centroid_max_2500m,OpenStreetMap Overpass API
KOH_LOC_027,Wozhuro,KOH_04870,2212.34,nearest_centroid_max_2500m,OpenStreetMap Overpass API
KOH_LOC_027,Wozhuro,KOH_04871,1865.62,nearest_centroid_max_2500m,OpenStreetMap Overpass API
KOH_LOC_027,Wozhuro,KOH_04872,1603.37,nearest_centroid_max_2500m,OpenStreetMap Overpass API
KOH_LOC_027,Wozhuro,KOH_04873,1471.39,nearest_centroid_max_2500m,OpenStreetMap Overpass API
KOH_LOC_027,Wozhuro,KOH_04874,1504.35,nearest_centroid_max_2500m,OpenStreetMap Overpass API
KOH_LOC_027,Wozhuro,KOH_04875,1692.57,nearest_centroid_max_2500m,OpenStreetMap Overpass API
KOH_LOC_027,Wozhuro,KOH_04876,1877.32,nearest_centroid_max_2500m,OpenStreetMap Overpass API
KOH_LOC_032,Kedima,KOH_04877,1890.46,nearest_centroid_max_2500m,OpenStreetMap Overpass API
KOH_LOC_032,Kedima,KOH_04878,1839.17,nearest_centroid_max_2500m,OpenStreetMap Overpass API
KOH_LOC_032,Kedima,KOH_04879,1838.08,nearest_centroid_max_2500m,OpenStreetMap Overpass API
KOH_LOC_032,Kedima,KOH_04880,1963.43,nearest_centroid_max_2500m,OpenStreetMap Overpass API
KOH_LOC_032,Kedima,KOH_04881,2145.46,nearest_centroid_max_2500m,OpenStreetMap Overpass API
KOH_LOC_031,Kikruma,KOH_04882,2359.93,nearest_centroid_max_2500m,OpenStreetMap Overpass API
KOH_LOC_031,Kikruma,KOH_04883,2276.54,nearest_centroid_max_2500m,OpenStreetMap Overpass API
KOH_LOC_033,Kezocha,KOH_04884,1947.67,nearest_centroid_max_2500m,OpenStreetMap Overpass API
KOH_LOC_033,Kezocha,KOH_04885,1452.89,nearest_centroid_max_2500m,OpenStreetMap Overpass API
KOH_LOC_033,Kezocha,KOH_04886,965.77,nearest_centroid_max_2500m,OpenStreetMap Overpass API
KOH_LOC_033,Kezocha,KOH_04887,508.38,nearest_centroid_max_2500m,OpenStreetMap Overpass API
KOH_LOC_033,Kezocha,KOH_04888,296.82,nearest_centroid_max_2500m,OpenStreetMap Overpass API
KOH_LOC_033,Kezocha,KOH_04889,649.36,nearest_centroid_max_2500m,OpenStreetMap Overpass API
KOH_LOC_033,Kezocha,KOH_04890,1122.23,nearest_centroid_max_2500m,OpenStreetMap Overpass API
KOH_LOC_033,Kezocha,KOH_04891,1612.73,nearest_centroid_max_2500m,OpenStreetMap Overpass API
KOH_LOC_059,Mitelephe,KOH_04892,1560.82,nearest_centroid_max_2500m,OpenStreetMap Overpass API
KOH_LOC_059,Mitelephe,KOH_04893,1451.86,nearest_centroid_max_2500m,OpenStreetMap Overpass API
KOH_LOC_059,Mitelephe,KOH_04894,1511.14,nearest_centroid_max_2500m,OpenStreetMap Overpass API
KOH_LOC_014,Kezo Town,KOH_04895,1042.64,nearest_centroid_max_2500m,OpenStreetMap Overpass API
KOH_LOC_014,Kezo Town,KOH_04896,564.0,nearest_centroid_max_2500m,OpenStreetMap Overpass API
KOH_LOC_014,Kezo Town,KOH_04897,230.71,nearest_centroid_max_2500m,OpenStreetMap Overpass API
KOH_LOC_014,Kezo Town,KOH_04898,540.63,nearest_centroid_max_2500m,OpenStreetMap Overpass API
KOH_LOC_014,Kezo Town,KOH_04899,1017.47,nearest_centroid_max_2500m,OpenStreetMap Overpass API
KOH_LOC_060,Chakhabama,KOH_04900,1369.33,nearest_centroid_max_2500m,OpenStreetMap Overpass API
KOH_LOC_038,Chakhabama,KOH_04901,1098.01,nearest_centroid_max_2500m,OpenStreetMap Overpass API
KOH_LOC_038,Chakhabama,KOH_04902,603.24,nearest_centroid_max_2500m,OpenStreetMap Overpass API
KOH_LOC_038,Chakhabama,KOH_04903,162.28,nearest_centroid_max_2500m,OpenStreetMap Overpass API
KOH_LOC_038,Chakhabama,KOH_04904,438.96,nearest_centroid_max_2500m,OpenStreetMap Overpass API
KOH_LOC_038,Chakhabama,KOH_04905,928.95,nearest_centroid_max_2500m,OpenStreetMap Overpass API
KOH_LOC_038,Chakhabama,KOH_04906,1427.29,nearest_centroid_max_2500m,OpenStreetMap Overpass API
KOH_LOC_038,Chakhabama,KOH_04907,1927.5,nearest_centroid_max_2500m,OpenStreetMap Overpass API
KOH_LOC_038,Chakhabama,KOH_04908,2428.43,nearest_centroid_max_2500m,OpenStreetMap Overpass API
KOH_LOC_079,Dihoma,KOH_04913,2116.77,nearest_centroid_max_2500m,OpenStreetMap Overpass API
KOH_LOC_079,Dihoma,KOH_04914,1616.15,nearest_centroid_max_2500m,OpenStreetMap Overpass API
KOH_LOC_079,Dihoma,KOH_04915,1116.73,nearest_centroid_max_2500m,OpenStreetMap Overpass API
KOH_LOC_079,Dihoma,KOH_04916,621.44,nearest_centroid_max_2500m,OpenStreetMap Overpass API
KOH_LOC_079,Dihoma,KOH_04917,170.79,nearest_centroid_max_2500m,OpenStreetMap Overpass API
KOH_LOC_079,Dihoma,KOH_04918,419.71,nearest_centroid_max_2500m,OpenStreetMap Overpass API
KOH_LOC_079,Dihoma,KOH_04919,909.44,nearest_centroid_max_2500m,OpenStreetMap Overpass API
KOH_LOC_079,Dihoma,KOH_04920,1407.82,nearest_centroid_max_2500m,OpenStreetMap Overpass API
KOH_LOC_079,Dihoma,KOH_04921,1908.06,nearest_centroid_max_2500m,OpenStreetMap Overpass API
KOH_LOC_079,Dihoma,KOH_04922,2409.02,nearest_centroid_max_2500m,OpenStreetMap Overpass API
KOH_LOC_077,Gariphema,KOH_04923,2278.12,nearest_centroid_max_2500m,OpenStreetMap Overpass API
KOH_LOC_077,Gariphema,KOH_04924,1855.6,nearest_centroid_max_2500m,OpenStreetMap Overpass API
KOH_LOC_077,Gariphema,KOH_04925,1483.42,nearest_centroid_max_2500m,OpenStreetMap Overpass API
KOH_LOC_077,Gariphema,KOH_04926,1208.95,nearest_centroid_max_2500m,OpenStreetMap Overpass API
KOH_LOC_077,Gariphema,KOH_04927,1107.56,nearest_centroid_max_2500m,OpenStreetMap Overpass API
KOH_LOC_077,Gariphema,KOH_04928,1223.01,nearest_centroid_max_2500m,OpenStreetMap Overpass API
KOH_LOC_077,Gariphema,KOH_04929,1506.23,nearest_centroid_max_2500m,OpenStreetMap Overpass API
KOH_LOC_077,Gariphema,KOH_04930,1883.01,nearest_centroid_max_2500m,OpenStreetMap Overpass API
KOH_LOC_077,Gariphema,KOH_04931,2307.91,nearest_centroid_max_2500m,OpenStreetMap Overpass API
KOH_LOC_064,Zunpha,KOH_04953,2077.72,nearest_centroid_max_2500m,OpenStreetMap Overpass API
KOH_LOC_064,Zunpha,KOH_04954,1584.88,nearest_centroid_max_2500m,OpenStreetMap Overpass API
KOH_LOC_064,Zunpha,KOH_04955,1100.32,nearest_centroid_max_2500m,OpenStreetMap Overpass API
KOH_LOC_064,Zunpha,KOH_04956,643.07,nearest_centroid_max_2500m,OpenStreetMap Overpass API
KOH_LOC_064,Zunpha,KOH_04957,346.74,nearest_centroid_max_2500m,OpenStreetMap Overpass API
KOH_LOC_064,Zunpha,KOH_04958,575.18,nearest_centroid_max_2500m,OpenStreetMap Overpass API
KOH_LOC_064,Zunpha,KOH_04959,1022.43,nearest_centroid_max_2500m,OpenStreetMap Overpass API
KOH_LOC_064,Zunpha,KOH_04960,1504.62,nearest_centroid_max_2500m,OpenStreetMap Overpass API
KOH_LOC_064,Zunpha,KOH_04961,1996.56,nearest_centroid_max_2500m,OpenStreetMap Overpass API
KOH_LOC_064,Zunpha,KOH_04962,2492.49,nearest_centroid_max_2500m,OpenStreetMap Overpass API
KOH_LOC_053,Ziphenyu,KOH_04964,2153.78,nearest_centroid_max_2500m,OpenStreetMap Overpass API
KOH_LOC_053,Ziphenyu,KOH_04965,1695.65,nearest_centroid_max_2500m,OpenStreetMap Overpass API
KOH_LOC_053,Ziphenyu,KOH_04966,1271.07,nearest_centroid_max_2500m,OpenStreetMap Overpass API
KOH_LOC_053,Ziphenyu,KOH_04967,927.31,nearest_centroid_max_2500m,OpenStreetMap Overpass API
KOH_LOC_053,Ziphenyu,KOH_04968,779.92,nearest_centroid_max_2500m,OpenStreetMap Overpass API
KOH_LOC_053,Ziphenyu,KOH_04969,927.58,nearest_centroid_max_2500m,OpenStreetMap Overpass API
KOH_LOC_052,Tesophenyu Old,KOH_04970,1057.05,nearest_centroid_max_2500m,OpenStreetMap Overpass API
KOH_LOC_052,Tesophenyu Old,KOH_04971,1206.38,nearest_centroid_max_2500m,OpenStreetMap Overpass API
KOH_LOC_052,Tesophenyu Old,KOH_04972,1515.68,nearest_centroid_max_2500m,OpenStreetMap Overpass API
KOH_LOC_052,Tesophenyu Old,KOH_04973,1908.7,nearest_centroid_max_2500m,OpenStreetMap Overpass API
KOH_LOC_052,Tesophenyu Old,KOH_04974,2343.69,nearest_centroid_max_2500m,OpenStreetMap Overpass API
KOH_LOC_027,Wozhuro,KOH_04976,2278.34,nearest_centroid_max_2500m,OpenStreetMap Overpass API
KOH_LOC_027,Wozhuro,KOH_04977,2069.07,nearest_centroid_max_2500m,OpenStreetMap Overpass API
KOH_LOC_027,Wozhuro,KOH_04978,1968.56,nearest_centroid_max_2500m,OpenStreetMap Overpass API
KOH_LOC_027,Wozhuro,KOH_04979,1993.28,nearest_centroid_max_2500m,OpenStreetMap Overpass API
KOH_LOC_027,Wozhuro,KOH_04980,2138.93,nearest_centroid_max_2500m,OpenStreetMap Overpass API
KOH_LOC_027,Wozhuro,KOH_04981,2294.02,nearest_centroid_max_2500m,OpenStreetMap Overpass API
KOH_LOC_032,Kedima,KOH_04982,2193.39,nearest_centroid_max_2500m,OpenStreetMap Overpass API
KOH_LOC_032,Kedima,KOH_04983,2177.61,nearest_centroid_max_2500m,OpenStreetMap Overpass API
KOH_LOC_032,Kedima,KOH_04984,2178.11,nearest_centroid_max_2500m,OpenStreetMap Overpass API
KOH_LOC_031,Kikruma,KOH_04985,2207.42,nearest_centroid_max_2500m,OpenStreetMap Overpass API
KOH_LOC_031,Kikruma,KOH_04986,2092.95,nearest_centroid_max_2500m,OpenStreetMap Overpass API
KOH_LOC_031,Kikruma,KOH_04987,1992.06,nearest_centroid_max_2500m,OpenStreetMap Overpass API
KOH_LOC_031,Kikruma,KOH_04988,1958.23,nearest_centroid_max_2500m,OpenStreetMap Overpass API
KOH_LOC_033,Kezocha,KOH_04989,1568.15,nearest_centroid_max_2500m,OpenStreetMap Overpass API
KOH_LOC_033,Kezocha,KOH_04990,1211.24,nearest_centroid_max_2500m,OpenStreetMap Overpass API
KOH_LOC_033,Kezocha,KOH_04991,890.37,nearest_centroid_max_2500m,OpenStreetMap Overpass API
KOH_LOC_033,Kezocha,KOH_04992,788.87,nearest_centroid_max_2500m,OpenStreetMap Overpass API
KOH_LOC_033,Kezocha,KOH_04993,977.71,nearest_centroid_max_2500m,OpenStreetMap Overpass API
KOH_LOC_033,Kezocha,KOH_04994,1339.19,nearest_centroid_max_2500m,OpenStreetMap Overpass API
KOH_LOC_033,Kezocha,KOH_04995,1770.55,nearest_centroid_max_2500m,OpenStreetMap Overpass API
KOH_LOC_059,Mitelephe,KOH_04996,2033.0,nearest_centroid_max_2500m,OpenStreetMap Overpass API
KOH_LOC_059,Mitelephe,KOH_04997,1950.56,nearest_centroid_max_2500m,OpenStreetMap Overpass API
KOH_LOC_014,Kezo Town,KOH_04998,1542.5,nearest_centroid_max_2500m,OpenStreetMap Overpass API
KOH_LOC_014,Kezo Town,KOH_04999,1051.76,nearest_centroid_max_2500m,OpenStreetMap Overpass API
KOH_LOC_014,Kezo Town,KOH_05000,580.82,nearest_centroid_max_2500m,OpenStreetMap Overpass API
KOH_LOC_014,Kezo Town,KOH_05001,269.19,nearest_centroid_max_2500m,OpenStreetMap Overpass API
KOH_LOC_060,Chakhabama,KOH_05002,453.15,nearest_centroid_max_2500m,OpenStreetMap Overpass API
KOH_LOC_060,Chakhabama,KOH_05003,661.5,nearest_centroid_max_2500m,OpenStreetMap Overpass API
KOH_LOC_060,Chakhabama,KOH_05004,1083.39,nearest_centroid_max_2500m,OpenStreetMap Overpass API
KOH_LOC_038,Chakhabama,KOH_05005,1262.1,nearest_centroid_max_2500m,OpenStreetMap Overpass API
KOH_LOC_038,Chakhabama,KOH_05006,866.65,nearest_centroid_max_2500m,OpenStreetMap Overpass API
KOH_LOC_038,Chakhabama,KOH_05007,642.98,nearest_centroid_max_2500m,OpenStreetMap Overpass API
KOH_LOC_038,Chakhabama,KOH_05008,761.46,nearest_centroid_max_2500m,OpenStreetMap Overpass API
KOH_LOC_038,Chakhabama,KOH_05009,1118.03,nearest_centroid_max_2500m,OpenStreetMap Overpass API
KOH_LOC_038,Chakhabama,KOH_05010,1556.95,nearest_centroid_max_2500m,OpenStreetMap Overpass API
KOH_LOC_038,Chakhabama,KOH_05011,2025.4,nearest_centroid_max_2500m,OpenStreetMap Overpass API
KOH_LOC_079,Dihoma,KOH_05017,2205.65,nearest_centroid_max_2500m,OpenStreetMap Overpass API
KOH_LOC_079,Dihoma,KOH_05018,1730.9,nearest_centroid_max_2500m,OpenStreetMap Overpass API
KOH_LOC_079,Dihoma,KOH_05019,1277.19,nearest_centroid_max_2500m,OpenStreetMap Overpass API
KOH_LOC_079,Dihoma,KOH_05020,877.6,nearest_centroid_max_2500m,OpenStreetMap Overpass API
KOH_LOC_079,Dihoma,KOH_05021,642.81,nearest_centroid_max_2500m,OpenStreetMap Overpass API
KOH_LOC_079,Dihoma,KOH_05022,748.34,nearest_centroid_max_2500m,OpenStreetMap Overpass API
KOH_LOC_079,Dihoma,KOH_05023,1100.48,nearest_centroid_max_2500m,OpenStreetMap Overpass API
KOH_LOC_079,Dihoma,KOH_05024,1538.12,nearest_centroid_max_2500m,OpenStreetMap Overpass API
KOH_LOC_079,Dihoma,KOH_05025,2006.14,nearest_centroid_max_2500m,OpenStreetMap Overpass API
KOH_LOC_079,Dihoma,KOH_05026,2487.41,nearest_centroid_max_2500m,OpenStreetMap Overpass API
KOH_LOC_077,Gariphema,KOH_05027,2081.71,nearest_centroid_max_2500m,OpenStreetMap Overpass API
KOH_LOC_077,Gariphema,KOH_05028,1608.37,nearest_centroid_max_2500m,OpenStreetMap Overpass API
KOH_LOC_077,Gariphema,KOH_05029,1159.31,nearest_centroid_max_2500m,OpenStreetMap Overpass API
KOH_LOC_077,Gariphema,KOH_05030,777.93,nearest_centroid_max_2500m,OpenStreetMap Overpass API
KOH_LOC_077,Gariphema,KOH_05031,608.4,nearest_centroid_max_2500m,OpenStreetMap Overpass API
KOH_LOC_077,Gariphema,KOH_05032,799.48,nearest_centroid_max_2500m,OpenStreetMap Overpass API
KOH_LOC_077,Gariphema,KOH_05033,1188.27,nearest_centroid_max_2500m,OpenStreetMap Overpass API
KOH_LOC_077,Gariphema,KOH_05034,1639.76,nearest_centroid_max_2500m,OpenStreetMap Overpass API
KOH_LOC_077,Gariphema,KOH_05035,2114.11,nearest_centroid_max_2500m,OpenStreetMap Overpass API
KOH_LOC_040,Gariphema,KOH_05038,2382.64,nearest_centroid_max_2500m,OpenStreetMap Overpass API
KOH_LOC_040,Gariphema,KOH_05039,2330.15,nearest_centroid_max_2500m,OpenStreetMap Overpass API
KOH_LOC_040,Gariphema,KOH_05040,2384.66,nearest_centroid_max_2500m,OpenStreetMap Overpass API
KOH_LOC_064,Zunpha,KOH_05057,2054.84,nearest_centroid_max_2500m,OpenStreetMap Overpass API
KOH_LOC_064,Zunpha,KOH_05058,1554.78,nearest_centroid_max_2500m,OpenStreetMap Overpass API
KOH_LOC_064,Zunpha,KOH_05059,1056.51,nearest_centroid_max_2500m,OpenStreetMap Overpass API
KOH_LOC_064,Zunpha,KOH_05060,564.81,nearest_centroid_max_2500m,OpenStreetMap Overpass API
KOH_LOC_064,Zunpha,KOH_05061,160.28,nearest_centroid_max_2500m,OpenStreetMap Overpass API
KOH_LOC_064,Zunpha,KOH_05062,486.13,nearest_centroid_max_2500m,OpenStreetMap Overpass API
KOH_LOC_064,Zunpha,KOH_05063,975.12,nearest_centroid_max_2500m,OpenStreetMap Overpass API
KOH_LOC_064,Zunpha,KOH_05064,1472.86,nearest_centroid_max_2500m,OpenStreetMap Overpass API
KOH_LOC_003,Tseminyu,KOH_05065,1942.92,nearest_centroid_max_2500m,OpenStreetMap Overpass API
KOH_LOC_003,Tseminyu,KOH_05066,2228.11,nearest_centroid_max_2500m,OpenStreetMap Overpass API
KOH_LOC_053,Ziphenyu,KOH_05068,2027.13,nearest_centroid_max_2500m,OpenStreetMap Overpass API
KOH_LOC_053,Ziphenyu,KOH_05069,1531.59,nearest_centroid_max_2500m,OpenStreetMap Overpass API
KOH_LOC_053,Ziphenyu,KOH_05070,1042.2,nearest_centroid_max_2500m,OpenStreetMap Overpass API
KOH_LOC_053,Ziphenyu,KOH_05071,574.9,nearest_centroid_max_2500m,OpenStreetMap Overpass API
KOH_LOC_053,Ziphenyu,KOH_05072,280.64,nearest_centroid_max_2500m,OpenStreetMap Overpass API
KOH_LOC_053,Ziphenyu,KOH_05073,575.16,nearest_centroid_max_2500m,OpenStreetMap Overpass API
KOH_LOC_052,Tesophenyu Old,KOH_05074,560.9,nearest_centroid_max_2500m,OpenStreetMap Overpass API
KOH_LOC_052,Tesophenyu Old,KOH_05075,807.8,nearest_centroid_max_2500m,OpenStreetMap Overpass API
KOH_LOC_052,Tesophenyu Old,KOH_05076,1222.46,nearest_centroid_max_2500m,OpenStreetMap Overpass API
KOH_LOC_052,Tesophenyu Old,KOH_05077,1685.29,nearest_centroid_max_2500m,OpenStreetMap Overpass API
KOH_LOC_052,Tesophenyu Old,KOH_05078,2165.61,nearest_centroid_max_2500m,OpenStreetMap Overpass API
KOH_LOC_027,Wozhuro,KOH_05082,2466.64,nearest_centroid_max_2500m,OpenStreetMap Overpass API
KOH_LOC_027,Wozhuro,KOH_05083,2486.4,nearest_centroid_max_2500m,OpenStreetMap Overpass API
KOH_LOC_033,Kezocha,KOH_05086,1709.2,nearest_centroid_max_2500m,OpenStreetMap Overpass API
KOH_LOC_033,Kezocha,KOH_05087,1520.16,nearest_centroid_max_2500m,OpenStreetMap Overpass API
KOH_LOC_033,Kezocha,KOH_05088,1351.11,nearest_centroid_max_2500m,OpenStreetMap Overpass API
KOH_LOC_033,Kezocha,KOH_05089,1286.44,nearest_centroid_max_2500m,OpenStreetMap Overpass API
KOH_LOC_033,Kezocha,KOH_05090,1410.21,nearest_centroid_max_2500m,OpenStreetMap Overpass API
KOH_LOC_033,Kezocha,KOH_05091,1681.1,nearest_centroid_max_2500m,OpenStreetMap Overpass API
KOH_LOC_033,Kezocha,KOH_05092,2041.42,nearest_centroid_max_2500m,OpenStreetMap Overpass API
KOH_LOC_033,Kezocha,KOH_05093,2452.12,nearest_centroid_max_2500m,OpenStreetMap Overpass API
KOH_LOC_014,Kezo Town,KOH_05094,2161.93,nearest_centroid_max_2500m,OpenStreetMap Overpass API
KOH_LOC_014,Kezo Town,KOH_05095,1702.12,nearest_centroid_max_2500m,OpenStreetMap Overpass API
KOH_LOC_014,Kezo Town,KOH_05096,1274.45,nearest_centroid_max_2500m,OpenStreetMap Overpass API
KOH_LOC_014,Kezo Town,KOH_05097,924.69,nearest_centroid_max_2500m,OpenStreetMap Overpass API
KOH_LOC_060,Chakhabama,KOH_05098,523.73,nearest_centroid_max_2500m,OpenStreetMap Overpass API
KOH_LOC_060,Chakhabama,KOH_05099,50.5,nearest_centroid_max_2500m,OpenStreetMap Overpass API
KOH_LOC_060,Chakhabama,KOH_05100,484.49,nearest_centroid_max_2500m,OpenStreetMap Overpass API
KOH_LOC_060,Chakhabama,KOH_05101,985.3,nearest_centroid_max_2500m,OpenStreetMap Overpass API
KOH_LOC_060,Chakhabama,KOH_05102,1486.89,nearest_centroid_max_2500m,OpenStreetMap Overpass API
KOH_LOC_038,Chakhabama,KOH_05103,1279.39,nearest_centroid_max_2500m,OpenStreetMap Overpass API
KOH_LOC_038,Chakhabama,KOH_05104,1139.72,nearest_centroid_max_2500m,OpenStreetMap Overpass API
KOH_LOC_038,Chakhabama,KOH_05105,1210.51,nearest_centroid_max_2500m,OpenStreetMap Overpass API
KOH_LOC_038,Chakhabama,KOH_05106,1461.3,nearest_centroid_max_2500m,OpenStreetMap Overpass API
KOH_LOC_038,Chakhabama,KOH_05107,1819.24,nearest_centroid_max_2500m,OpenStreetMap Overpass API
KOH_LOC_038,Chakhabama,KOH_05108,2233.33,nearest_centroid_max_2500m,OpenStreetMap Overpass API
KOH_LOC_079,Dihoma,KOH_05114,2397.38,nearest_centroid_max_2500m,OpenStreetMap Overpass API
KOH_LOC_079,Dihoma,KOH_05115,1969.44,nearest_centroid_max_2500m,OpenStreetMap Overpass API
KOH_LOC_079,Dihoma,KOH_05116,1585.45,nearest_centroid_max_2500m,OpenStreetMap Overpass API
KOH_LOC_079,Dihoma,KOH_05117,1285.59,nearest_centroid_max_2500m,OpenStreetMap Overpass API
KOH_LOC_079,Dihoma,KOH_05118,1138.21,nearest_centroid_max_2500m,OpenStreetMap Overpass API
KOH_LOC_079,Dihoma,KOH_05119,1201.02,nearest_centroid_max_2500m,OpenStreetMap Overpass API
KOH_LOC_079,Dihoma,KOH_05120,1446.82,nearest_centroid_max_2500m,OpenStreetMap Overpass API
KOH_LOC_079,Dihoma,KOH_05121,1802.17,nearest_centroid_max_2500m,OpenStreetMap Overpass API
KOH_LOC_079,Dihoma,KOH_05122,2215.06,nearest_centroid_max_2500m,OpenStreetMap Overpass API
KOH_LOC_078,Kijumetouma,KOH_05123,2451.79,nearest_centroid_max_2500m,OpenStreetMap Overpass API
KOH_LOC_077,Gariphema,KOH_05124,1993.89,nearest_centroid_max_2500m,OpenStreetMap Overpass API
KOH_LOC_077,Gariphema,KOH_05125,1492.94,nearest_centroid_max_2500m,OpenStreetMap Overpass API
KOH_LOC_077,Gariphema,KOH_05126,993.0,nearest_centroid_max_2500m,OpenStreetMap Overpass API
KOH_LOC_077,Gariphema,KOH_05127,497.13,nearest_centroid_max_2500m,OpenStreetMap Overpass API
KOH_LOC_077,Gariphema,KOH_05128,110.3,nearest_centroid_max_2500m,OpenStreetMap Overpass API
KOH_LOC_077,Gariphema,KOH_05129,530.18,nearest_centroid_max_2500m,OpenStreetMap Overpass API
KOH_LOC_077,Gariphema,KOH_05130,1026.62,nearest_centroid_max_2500m,OpenStreetMap Overpass API
KOH_LOC_077,Gariphema,KOH_05131,1526.66,nearest_centroid_max_2500m,OpenStreetMap Overpass API
KOH_LOC_077,Gariphema,KOH_05132,2027.66,nearest_centroid_max_2500m,OpenStreetMap Overpass API
KOH_LOC_040,Gariphema,KOH_05133,2367.76,nearest_centroid_max_2500m,OpenStreetMap Overpass API
KOH_LOC_040,Gariphema,KOH_05134,2085.92,nearest_centroid_max_2500m,OpenStreetMap Overpass API
KOH_LOC_040,Gariphema,KOH_05135,1897.3,nearest_centroid_max_2500m,OpenStreetMap Overpass API
KOH_LOC_040,Gariphema,KOH_05136,1830.94,nearest_centroid_max_2500m,OpenStreetMap Overpass API
KOH_LOC_040,Gariphema,KOH_05137,1899.7,nearest_centroid_max_2500m,OpenStreetMap Overpass API
KOH_LOC_040,Gariphema,KOH_05138,2090.37,nearest_centroid_max_2500m,OpenStreetMap Overpass API
KOH_LOC_040,Gariphema,KOH_05139,2373.6,nearest_centroid_max_2500m,OpenStreetMap Overpass API
KOH_LOC_064,Zunpha,KOH_05153,2151.0,nearest_centroid_max_2500m,OpenStreetMap Overpass API
KOH_LOC_064,Zunpha,KOH_05154,1679.77,nearest_centroid_max_2500m,OpenStreetMap Overpass API
KOH_LOC_064,Zunpha,KOH_05155,1233.04,nearest_centroid_max_2500m,OpenStreetMap Overpass API
KOH_LOC_064,Zunpha,KOH_05156,850.34,nearest_centroid_max_2500m,OpenStreetMap Overpass API
KOH_LOC_064,Zunpha,KOH_05157,655.5,nearest_centroid_max_2500m,OpenStreetMap Overpass API
KOH_LOC_064,Zunpha,KOH_05158,800.12,nearest_centroid_max_2500m,OpenStreetMap Overpass API
KOH_LOC_064,Zunpha,KOH_05159,1163.89,nearest_centroid_max_2500m,OpenStreetMap Overpass API
KOH_LOC_003,Tseminyu,KOH_05160,1279.59,nearest_centroid_max_2500m,OpenStreetMap Overpass API
KOH_LOC_003,Tseminyu,KOH_05161,1524.12,nearest_centroid_max_2500m,OpenStreetMap Overpass API
KOH_LOC_003,Tseminyu,KOH_05162,1874.15,nearest_centroid_max_2500m,OpenStreetMap Overpass API
KOH_LOC_003,Tseminyu,KOH_05163,2281.58,nearest_centroid_max_2500m,OpenStreetMap Overpass API
KOH_LOC_053,Ziphenyu,KOH_05164,2019.57,nearest_centroid_max_2500m,OpenStreetMap Overpass API
KOH_LOC_053,Ziphenyu,KOH_05165,1521.53,nearest_centroid_max_2500m,OpenStreetMap Overpass API
KOH_LOC_053,Ziphenyu,KOH_05166,1027.32,nearest_centroid_max_2500m,OpenStreetMap Overpass API
KOH_LOC_053,Ziphenyu,KOH_05167,547.37,nearest_centroid_max_2500m,OpenStreetMap Overpass API
KOH_LOC_053,Ziphenyu,KOH_05168,218.55,nearest_centroid_max_2500m,OpenStreetMap Overpass API
KOH_LOC_052,Tesophenyu Old,KOH_05169,419.91,nearest_centroid_max_2500m,OpenStreetMap Overpass API
KOH_LOC_052,Tesophenyu Old,KOH_05170,101.85,nearest_centroid_max_2500m,OpenStreetMap Overpass API
KOH_LOC_052,Tesophenyu Old,KOH_05171,590.2,nearest_centroid_max_2500m,OpenStreetMap Overpass API
KOH_LOC_052,Tesophenyu Old,KOH_05172,1090.98,nearest_centroid_max_2500m,OpenStreetMap Overpass API
KOH_LOC_052,Tesophenyu Old,KOH_05173,1592.49,nearest_centroid_max_2500m,OpenStreetMap Overpass API
KOH_LOC_052,Tesophenyu Old,KOH_05174,2094.11,nearest_centroid_max_2500m,OpenStreetMap Overpass API
KOH_LOC_033,Kezocha,KOH_05182,1694.5,nearest_centroid_max_2500m,OpenStreetMap Overpass API
KOH_LOC_033,Kezocha,KOH_05183,1721.81,nearest_centroid_max_2500m,OpenStreetMap Overpass API
KOH_LOC_033,Kezocha,KOH_05184,1876.05,nearest_centroid_max_2500m,OpenStreetMap Overpass API
KOH_LOC_033,Kezocha,KOH_05185,2087.36,nearest_centroid_max_2500m,OpenStreetMap Overpass API
KOH_LOC_033,Kezocha,KOH_05186,2386.56,nearest_centroid_max_2500m,OpenStreetMap Overpass API
KOH_LOC_014,Kezo Town,KOH_05188,2370.44,nearest_centroid_max_2500m,OpenStreetMap Overpass API
KOH_LOC_014,Kezo Town,KOH_05189,1903.81,nearest_centroid_max_2500m,OpenStreetMap Overpass API
KOH_LOC_014,Kezo Town,KOH_05190,1551.77,nearest_centroid_max_2500m,OpenStreetMap Overpass API
KOH_LOC_060,Chakhabama,KOH_05191,1146.78,nearest_centroid_max_2500m,OpenStreetMap Overpass API
KOH_LOC_060,Chakhabama,KOH_05192,754.99,nearest_centroid_max_2500m,OpenStreetMap Overpass API
KOH_LOC_060,Chakhabama,KOH_05193,546.06,nearest_centroid_max_2500m,OpenStreetMap Overpass API
KOH_LOC_060,Chakhabama,KOH_05194,728.27,nearest_centroid_max_2500m,OpenStreetMap Overpass API
KOH_LOC_060,Chakhabama,KOH_05195,1125.39,nearest_centroid_max_2500m,OpenStreetMap Overpass API
KOH_LOC_060,Chakhabama,KOH_05196,1583.17,nearest_centroid_max_2500m,OpenStreetMap Overpass API
KOH_LOC_038,Chakhabama,KOH_05197,1738.08,nearest_centroid_max_2500m,OpenStreetMap Overpass API
KOH_LOC_038,Chakhabama,KOH_05198,1638.07,nearest_centroid_max_2500m,OpenStreetMap Overpass API
KOH_LOC_038,Chakhabama,KOH_05199,1660.64,nearest_centroid_max_2500m,OpenStreetMap Overpass API
KOH_LOC_038,Chakhabama,KOH_05200,1835.9,nearest_centroid_max_2500m,OpenStreetMap Overpass API
KOH_LOC_038,Chakhabama,KOH_05201,2147.49,nearest_centroid_max_2500m,OpenStreetMap Overpass API
KOH_LOC_079,Dihoma,KOH_05209,2293.46,nearest_centroid_max_2500m,OpenStreetMap Overpass API
KOH_LOC_079,Dihoma,KOH_05210,1973.51,nearest_centroid_max_2500m,OpenStreetMap Overpass API
KOH_LOC_079,Dihoma,KOH_05211,1741.69,nearest_centroid_max_2500m,OpenStreetMap Overpass API
KOH_LOC_079,Dihoma,KOH_05212,1635.99,nearest_centroid_max_2500m,OpenStreetMap Overpass API
KOH_LOC_079,Dihoma,KOH_05213,1680.29,nearest_centroid_max_2500m,OpenStreetMap Overpass API
KOH_LOC_079,Dihoma,KOH_05214,1863.92,nearest_centroid_max_2500m,OpenStreetMap Overpass API
KOH_LOC_079,Dihoma,KOH_05215,2151.49,nearest_centroid_max_2500m,OpenStreetMap Overpass API
KOH_LOC_078,Kijumetouma,KOH_05216,2318.69,nearest_centroid_max_2500m,OpenStreetMap Overpass API
KOH_LOC_078,Kijumetouma,KOH_05217,2013.9,nearest_centroid_max_2500m,OpenStreetMap Overpass API
KOH_LOC_078,Kijumetouma,KOH_05218,1799.67,nearest_centroid_max_2500m,OpenStreetMap Overpass API
KOH_LOC_077,Gariphema,KOH_05219,1539.35,nearest_centroid_max_2500m,OpenStreetMap Overpass API
KOH_LOC_077,Gariphema,KOH_05220,1061.45,nearest_centroid_max_2500m,OpenStreetMap Overpass API
KOH_LOC_077,Gariphema,KOH_05221,622.64,nearest_centroid_max_2500m,OpenStreetMap Overpass API
KOH_LOC_077,Gariphema,KOH_05222,390.63,nearest_centroid_max_2500m,OpenStreetMap Overpass API
KOH_LOC_077,Gariphema,KOH_05223,649.17,nearest_centroid_max_2500m,OpenStreetMap Overpass API
KOH_LOC_077,Gariphema,KOH_05224,1092.78,nearest_centroid_max_2500m,OpenStreetMap Overpass API
KOH_LOC_077,Gariphema,KOH_05225,1571.89,nearest_centroid_max_2500m,OpenStreetMap Overpass API
KOH_LOC_077,Gariphema,KOH_05226,2062.01,nearest_centroid_max_2500m,OpenStreetMap Overpass API
KOH_LOC_040,Gariphema,KOH_05227,2006.79,nearest_centroid_max_2500m,OpenStreetMap Overpass API
KOH_LOC_040,Gariphema,KOH_05228,1664.95,nearest_centroid_max_2500m,OpenStreetMap Overpass API
KOH_LOC_040,Gariphema,KOH_05229,1421.55,nearest_centroid_max_2500m,OpenStreetMap Overpass API
KOH_LOC_040,Gariphema,KOH_05230,1331.72,nearest_centroid_max_2500m,OpenStreetMap Overpass API
KOH_LOC_040,Gariphema,KOH_05231,1424.81,nearest_centroid_max_2500m,OpenStreetMap Overpass API
KOH_LOC_040,Gariphema,KOH_05232,1670.51,nearest_centroid_max_2500m,OpenStreetMap Overpass API
KOH_LOC_040,Gariphema,KOH_05233,2013.71,nearest_centroid_max_2500m,OpenStreetMap Overpass API
KOH_LOC_040,Gariphema,KOH_05234,2413.17,nearest_centroid_max_2500m,OpenStreetMap Overpass API
KOH_LOC_064,Zunpha,KOH_05244,2235.7,nearest_centroid_max_2500m,OpenStreetMap Overpass API
KOH_LOC_064,Zunpha,KOH_05245,1929.71,nearest_centroid_max_2500m,OpenStreetMap Overpass API
KOH_LOC_064,Zunpha,KOH_05246,1556.53,nearest_centroid_max_2500m,OpenStreetMap Overpass API
KOH_LOC_064,Zunpha,KOH_05247,1274.93,nearest_centroid_max_2500m,OpenStreetMap Overpass API
KOH_LOC_064,Zunpha,KOH_05248,1154.13,nearest_centroid_max_2500m,OpenStreetMap Overpass API
KOH_LOC_003,Tseminyu,KOH_05249,908.08,nearest_centroid_max_2500m,OpenStreetMap Overpass API
KOH_LOC_003,Tseminyu,KOH_05250,708.71,nearest_centroid_max_2500m,OpenStreetMap Overpass API
KOH_LOC_003,Tseminyu,KOH_05251,826.96,nearest_centroid_max_2500m,OpenStreetMap Overpass API
KOH_LOC_003,Tseminyu,KOH_05252,1170.2,nearest_centroid_max_2500m,OpenStreetMap Overpass API
KOH_LOC_003,Tseminyu,KOH_05253,1599.59,nearest_centroid_max_2500m,OpenStreetMap Overpass API
KOH_LOC_003,Tseminyu,KOH_05254,2062.04,nearest_centroid_max_2500m,OpenStreetMap Overpass API
KOH_LOC_053,Ziphenyu,KOH_05255,2132.22,nearest_centroid_max_2500m,OpenStreetMap Overpass API
KOH_LOC_053,Ziphenyu,KOH_05256,1668.17,nearest_centroid_max_2500m,OpenStreetMap Overpass API
KOH_LOC_053,Ziphenyu,KOH_05257,1234.09,nearest_centroid_max_2500m,OpenStreetMap Overpass API
KOH_LOC_053,Ziphenyu,KOH_05258,875.85,nearest_centroid_max_2500m,OpenStreetMap Overpass API
KOH_LOC_053,Ziphenyu,KOH_05259,717.83,nearest_centroid_max_2500m,OpenStreetMap Overpass API
KOH_LOC_052,Tesophenyu Old,KOH_05260,608.76,nearest_centroid_max_2500m,OpenStreetMap Overpass API
KOH_LOC_052,Tesophenyu Old,KOH_05261,452.35,nearest_centroid_max_2500m,OpenStreetMap Overpass API
KOH_LOC_052,Tesophenyu Old,KOH_05262,736.54,nearest_centroid_max_2500m,OpenStreetMap Overpass API
KOH_LOC_052,Tesophenyu Old,KOH_05263,1176.55,nearest_centroid_max_2500m,OpenStreetMap Overpass API
KOH_LOC_052,Tesophenyu Old,KOH_05264,1652.29,nearest_centroid_max_2500m,OpenStreetMap Overpass API
KOH_LOC_052,Tesophenyu Old,KOH_05265,2140.02,nearest_centroid_max_2500m,OpenStreetMap Overpass API
KOH_LOC_033,Kezocha,KOH_05273,2113.54,nearest_centroid_max_2500m,OpenStreetMap Overpass API
KOH_LOC_033,Kezocha,KOH_05274,2190.44,nearest_centroid_max_2500m,OpenStreetMap Overpass API
KOH_LOC_033,Kezocha,KOH_05275,2444.74,nearest_centroid_max_2500m,OpenStreetMap Overpass API
KOH_LOC_060,Chakhabama,KOH_05277,1633.59,nearest_centroid_max_2500m,OpenStreetMap Overpass API
KOH_LOC_060,Chakhabama,KOH_05278,1404.38,nearest_centroid_max_2500m,OpenStreetMap Overpass API
KOH_LOC_060,Chakhabama,KOH_05279,1066.29,nearest_centroid_max_2500m,OpenStreetMap Overpass API
KOH_LOC_060,Chakhabama,KOH_05280,1033.53,nearest_centroid_max_2500m,OpenStreetMap Overpass API
KOH_LOC_060,Chakhabama,KOH_05281,1138.47,nearest_centroid_max_2500m,OpenStreetMap Overpass API
KOH_LOC_060,Chakhabama,KOH_05282,1435.39,nearest_centroid_max_2500m,OpenStreetMap Overpass API
KOH_LOC_060,Chakhabama,KOH_05283,1816.75,nearest_centroid_max_2500m,OpenStreetMap Overpass API
KOH_LOC_038,Chakhabama,KOH_05284,2210.79,nearest_centroid_max_2500m,OpenStreetMap Overpass API
KOH_LOC_038,Chakhabama,KOH_05285,2113.52,nearest_centroid_max_2500m,OpenStreetMap Overpass API
KOH_LOC_038,Chakhabama,KOH_05286,2160.52,nearest_centroid_max_2500m,OpenStreetMap Overpass API
KOH_LOC_079,Dihoma,KOH_05296,2402.97,nearest_centroid_max_2500m,OpenStreetMap Overpass API
KOH_LOC_079,Dihoma,KOH_05297,2216.56,nearest_centroid_max_2500m,OpenStreetMap Overpass API
KOH_LOC_079,Dihoma,KOH_05298,2134.47,nearest_centroid_max_2500m,OpenStreetMap Overpass API
KOH_LOC_079,Dihoma,KOH_05299,2168.57,nearest_centroid_max_2500m,OpenStreetMap Overpass API
KOH_LOC_079,Dihoma,KOH_05300,2313.73,nearest_centroid_max_2500m,OpenStreetMap Overpass API
KOH_LOC_078,Kijumetouma,KOH_05301,2396.67,nearest_centroid_max_2500m,OpenStreetMap Overpass API
KOH_LOC_078,Kijumetouma,KOH_05302,1979.7,nearest_centroid_max_2500m,OpenStreetMap Overpass API
KOH_LOC_078,Kijumetouma,KOH_05303,1611.93,nearest_centroid_max_2500m,OpenStreetMap Overpass API
KOH_LOC_078,Kijumetouma,KOH_05304,1334.67,nearest_centroid_max_2500m,OpenStreetMap Overpass API
KOH_LOC_078,Kijumetouma,KOH_05305,1211.72,nearest_centroid_max_2500m,OpenStreetMap Overpass API
KOH_LOC_078,Kijumetouma,KOH_05306,1288.11,nearest_centroid_max_2500m,OpenStreetMap Overpass API
KOH_LOC_077,Gariphema,KOH_05307,1013.23,nearest_centroid_max_2500m,OpenStreetMap Overpass API
KOH_LOC_077,Gariphema,KOH_05308,889.69,nearest_centroid_max_2500m,OpenStreetMap Overpass API
KOH_LOC_077,Gariphema,KOH_05309,1029.75,nearest_centroid_max_2500m,OpenStreetMap Overpass API
KOH_LOC_077,Gariphema,KOH_05310,1353.93,nearest_centroid_max_2500m,OpenStreetMap Overpass API
KOH_LOC_077,Gariphema,KOH_05311,1763.46,nearest_centroid_max_2500m,OpenStreetMap Overpass API
KOH_LOC_040,Gariphema,KOH_05312,2169.39,nearest_centroid_max_2500m,OpenStreetMap Overpass API
KOH_LOC_040,Gariphema,KOH_05313,1716.72,nearest_centroid_max_2500m,OpenStreetMap Overpass API
KOH_LOC_040,Gariphema,KOH_05314,1300.67,nearest_centroid_max_2500m,OpenStreetMap Overpass API
KOH_LOC_040,Gariphema,KOH_05315,969.77,nearest_centroid_max_2500m,OpenStreetMap Overpass API
KOH_LOC_040,Gariphema,KOH_05316,832.51,nearest_centroid_max_2500m,OpenStreetMap Overpass API
KOH_LOC_040,Gariphema,KOH_05317,974.49,nearest_centroid_max_2500m,OpenStreetMap Overpass API
KOH_LOC_040,Gariphema,KOH_05318,1307.64,nearest_centroid_max_2500m,OpenStreetMap Overpass API
KOH_LOC_040,Gariphema,KOH_05319,1724.62,nearest_centroid_max_2500m,OpenStreetMap Overpass API
KOH_LOC_040,Gariphema,KOH_05320,2177.75,nearest_centroid_max_2500m,OpenStreetMap Overpass API
KOH_LOC_064,Zunpha,KOH_05329,2327.92,nearest_centroid_max_2500m,OpenStreetMap Overpass API
KOH_LOC_064,Zunpha,KOH_05330,2117.76,nearest_centroid_max_2500m,OpenStreetMap Overpass API
KOH_LOC_064,Zunpha,KOH_05331,1955.37,nearest_centroid_max_2500m,OpenStreetMap Overpass API
KOH_LOC_003,Tseminyu,KOH_05332,1589.35,nearest_centroid_max_2500m,OpenStreetMap Overpass API
KOH_LOC_003,Tseminyu,KOH_05333,1093.56,nearest_centroid_max_2500m,OpenStreetMap Overpass API
KOH_LOC_003,Tseminyu,KOH_05334,608.0,nearest_centroid_max_2500m,OpenStreetMap Overpass API
KOH_LOC_003,Tseminyu,KOH_05335,217.66,nearest_centroid_max_2500m,OpenStreetMap Overpass API
KOH_LOC_003,Tseminyu,KOH_05336,478.4,nearest_centroid_max_2500m,OpenStreetMap Overpass API
KOH_LOC_003,Tseminyu,KOH_05337,956.19,nearest_centroid_max_2500m,OpenStreetMap Overpass API
KOH_LOC_003,Tseminyu,KOH_05338,1450.39,nearest_centroid_max_2500m,OpenStreetMap Overpass API
KOH_LOC_003,Tseminyu,KOH_05339,1948.56,nearest_centroid_max_2500m,OpenStreetMap Overpass API
KOH_LOC_053,Ziphenyu,KOH_05340,2347.88,nearest_centroid_max_2500m,OpenStreetMap Overpass API
KOH_LOC_053,Ziphenyu,KOH_05341,1936.22,nearest_centroid_max_2500m,OpenStreetMap Overpass API
KOH_LOC_053,Ziphenyu,KOH_05342,1577.66,nearest_centroid_max_2500m,OpenStreetMap Overpass API
KOH_LOC_053,Ziphenyu,KOH_05343,1316.52,nearest_centroid_max_2500m,OpenStreetMap Overpass API
KOH_LOC_053,Ziphenyu,KOH_05344,1217.02,nearest_centroid_max_2500m,OpenStreetMap Overpass API
KOH_LOC_052,Tesophenyu Old,KOH_05345,1031.19,nearest_centroid_max_2500m,OpenStreetMap Overpass API
KOH_LOC_052,Tesophenyu Old,KOH_05346,947.19,nearest_centroid_max_2500m,OpenStreetMap Overpass API
KOH_LOC_052,Tesophenyu Old,KOH_05347,1111.35,nearest_centroid_max_2500m,OpenStreetMap Overpass API
KOH_LOC_051,Nsunyu,KOH_05348,1436.94,nearest_centroid_max_2500m,OpenStreetMap Overpass API
KOH_LOC_051,Nsunyu,KOH_05349,1554.6,nearest_centroid_max_2500m,OpenStreetMap Overpass API
KOH_LOC_051,Nsunyu,KOH_05350,1808.92,nearest_centroid_max_2500m,OpenStreetMap Overpass API
KOH_LOC_051,Nsunyu,KOH_05351,2152.12,nearest_centroid_max_2500m,OpenStreetMap Overpass API
KOH_LOC_060,Chakhabama,KOH_05358,1298.52,nearest_centroid_max_2500m,OpenStreetMap Overpass API
KOH_LOC_060,Chakhabama,KOH_05359,1514.18,nearest_centroid_max_2500m,OpenStreetMap Overpass API
KOH_LOC_060,Chakhabama,KOH_05360,1657.83,nearest_centroid_max_2500m,OpenStreetMap Overpass API
KOH_LOC_060,Chakhabama,KOH_05361,2084.3,nearest_centroid_max_2500m,OpenStreetMap Overpass API
KOH_LOC_060,Chakhabama,KOH_05362,2352.4,nearest_centroid_max_2500m,OpenStreetMap Overpass API
KOH_LOC_038,Chakhabama,KOH_05363,2410.65,nearest_centroid_max_2500m,OpenStreetMap Overpass API
KOH_LOC_038,Chakhabama,KOH_05364,2428.56,nearest_centroid_max_2500m,OpenStreetMap Overpass API
KOH_LOC_078,Kijumetouma,KOH_05377,2187.54,nearest_centroid_max_2500m,OpenStreetMap Overpass API
KOH_LOC_078,Kijumetouma,KOH_05378,1720.45,nearest_centroid_max_2500m,OpenStreetMap Overpass API
KOH_LOC_078,Kijumetouma,KOH_05379,1280.28,nearest_centroid_max_2500m,OpenStreetMap Overpass API
KOH_LOC_078,Kijumetouma,KOH_05380,906.74,nearest_centroid_max_2500m,OpenStreetMap Overpass API
KOH_LOC_078,Kijumetouma,KOH_05381,713.57,nearest_centroid_max_2500m,OpenStreetMap Overpass API
KOH_LOC_078,Kijumetouma,KOH_05382,836.63,nearest_centroid_max_2500m,OpenStreetMap Overpass API
KOH_LOC_078,Kijumetouma,KOH_05383,1181.01,nearest_centroid_max_2500m,OpenStreetMap Overpass API
KOH_LOC_077,Gariphema,KOH_05384,1388.8,nearest_centroid_max_2500m,OpenStreetMap Overpass API
KOH_LOC_077,Gariphema,KOH_05385,1482.48,nearest_centroid_max_2500m,OpenStreetMap Overpass API
KOH_LOC_077,Gariphema,KOH_05386,1723.47,nearest_centroid_max_2500m,OpenStreetMap Overpass API
KOH_LOC_077,Gariphema,KOH_05387,2060.8,nearest_centroid_max_2500m,OpenStreetMap Overpass API
KOH_LOC_040,Gariphema,KOH_05388,2030.87,nearest_centroid_max_2500m,OpenStreetMap Overpass API
KOH_LOC_040,Gariphema,KOH_05389,1537.94,nearest_centroid_max_2500m,OpenStreetMap Overpass API
KOH_LOC_040,Gariphema,KOH_05390,1053.55,nearest_centroid_max_2500m,OpenStreetMap Overpass API
KOH_LOC_040,Gariphema,KOH_05391,598.78,nearest_centroid_max_2500m,OpenStreetMap Overpass API
KOH_LOC_040,Gariphema,KOH_05392,333.32,nearest_centroid_max_2500m,OpenStreetMap Overpass API
KOH_LOC_040,Gariphema,KOH_05393,606.23,nearest_centroid_max_2500m,OpenStreetMap Overpass API
KOH_LOC_040,Gariphema,KOH_05394,1062.03,nearest_centroid_max_2500m,OpenStreetMap Overpass API
KOH_LOC_040,Gariphema,KOH_05395,1546.68,nearest_centroid_max_2500m,OpenStreetMap Overpass API
KOH_LOC_040,Gariphema,KOH_05396,2039.7,nearest_centroid_max_2500m,OpenStreetMap Overpass API
KOH_LOC_064,Zunpha,KOH_05405,2317.98,nearest_centroid_max_2500m,OpenStreetMap Overpass API
KOH_LOC_003,Tseminyu,KOH_05406,2104.39,nearest_centroid_max_2500m,OpenStreetMap Overpass API
KOH_LOC_003,Tseminyu,KOH_05407,1544.29,nearest_centroid_max_2500m,OpenStreetMap Overpass API
KOH_LOC_003,Tseminyu,KOH_05408,1099.29,nearest_centroid_max_2500m,OpenStreetMap Overpass API
KOH_LOC_003,Tseminyu,KOH_05409,642.95,nearest_centroid_max_2500m,OpenStreetMap Overpass API
KOH_LOC_003,Tseminyu,KOH_05410,301.48,nearest_centroid_max_2500m,OpenStreetMap Overpass API
KOH_LOC_003,Tseminyu,KOH_05411,521.89,nearest_centroid_max_2500m,OpenStreetMap Overpass API
KOH_LOC_003,Tseminyu,KOH_05412,978.66,nearest_centroid_max_2500m,OpenStreetMap Overpass API
KOH_LOC_003,Tseminyu,KOH_05413,1465.27,nearest_centroid_max_2500m,OpenStreetMap Overpass API
KOH_LOC_003,Tseminyu,KOH_05414,1959.66,nearest_centroid_max_2500m,OpenStreetMap Overpass API
KOH_LOC_003,Tseminyu,KOH_05415,2457.12,nearest_centroid_max_2500m,OpenStreetMap Overpass API
KOH_LOC_053,Ziphenyu,KOH_05416,2283.24,nearest_centroid_max_2500m,OpenStreetMap Overpass API
KOH_LOC_053,Ziphenyu,KOH_05417,1988.33,nearest_centroid_max_2500m,OpenStreetMap Overpass API
KOH_LOC_053,Ziphenyu,KOH_05418,1788.19,nearest_centroid_max_2500m,OpenStreetMap Overpass API
KOH_LOC_052,Tesophenyu Old,KOH_05419,1710.14,nearest_centroid_max_2500m,OpenStreetMap Overpass API
KOH_LOC_052,Tesophenyu Old,KOH_05420,1501.45,nearest_centroid_max_2500m,OpenStreetMap Overpass API
KOH_LOC_051,Nsunyu,KOH_05421,1300.38,nearest_centroid_max_2500m,OpenStreetMap Overpass API
KOH_LOC_051,Nsunyu,KOH_05422,1017.31,nearest_centroid_max_2500m,OpenStreetMap Overpass API
KOH_LOC_051,Nsunyu,KOH_05423,939.54,nearest_centroid_max_2500m,OpenStreetMap Overpass API
KOH_LOC_051,Nsunyu,KOH_05424,1111.04,nearest_centroid_max_2500m,OpenStreetMap Overpass API
KOH_LOC_051,Nsunyu,KOH_05425,1445.68,nearest_centroid_max_2500m,OpenStreetMap Overpass API
KOH_LOC_036,Chunlika,KOH_05426,1822.83,nearest_centroid_max_2500m,OpenStreetMap Overpass API
KOH_LOC_036,Chunlika,KOH_05427,2243.45,nearest_centroid_max_2500m,OpenStreetMap Overpass API
KOH_LOC_078,Kijumetouma,KOH_05445,2079.52,nearest_centroid_max_2500m,OpenStreetMap Overpass API
KOH_LOC_078,Kijumetouma,KOH_05446,1581.0,nearest_centroid_max_2500m,OpenStreetMap Overpass API
KOH_LOC_078,Kijumetouma,KOH_05447,1085.64,nearest_centroid_max_2500m,OpenStreetMap Overpass API
KOH_LOC_078,Kijumetouma,KOH_05448,601.35,nearest_centroid_max_2500m,OpenStreetMap Overpass API
KOH_LOC_078,Kijumetouma,KOH_05449,220.33,nearest_centroid_max_2500m,OpenStreetMap Overpass API
KOH_LOC_078,Kijumetouma,KOH_05450,489.23,nearest_centroid_max_2500m,OpenStreetMap Overpass API
KOH_LOC_078,Kijumetouma,KOH_05451,966.49,nearest_centroid_max_2500m,OpenStreetMap Overpass API
KOH_LOC_078,Kijumetouma,KOH_05452,1460.39,nearest_centroid_max_2500m,OpenStreetMap Overpass API
KOH_LOC_077,Gariphema,KOH_05453,1957.87,nearest_centroid_max_2500m,OpenStreetMap Overpass API
KOH_LOC_077,Gariphema,KOH_05454,2146.18,nearest_centroid_max_2500m,OpenStreetMap Overpass API
KOH_LOC_077,Gariphema,KOH_05455,2425.46,nearest_centroid_max_2500m,OpenStreetMap Overpass API
KOH_LOC_040,Gariphema,KOH_05456,2010.25,nearest_centroid_max_2500m,OpenStreetMap Overpass API
KOH_LOC_040,Gariphema,KOH_05457,1510.58,nearest_centroid_max_2500m,OpenStreetMap Overpass API
KOH_LOC_040,Gariphema,KOH_05458,1013.16,nearest_centroid_max_2500m,OpenStreetMap Overpass API
KOH_LOC_040,Gariphema,KOH_05459,524.48,nearest_centroid_max_2500m,OpenStreetMap Overpass API
KOH_LOC_040,Gariphema,KOH_05460,165.99,nearest_centroid_max_2500m,OpenStreetMap Overpass API
KOH_LOC_040,Gariphema,KOH_05461,532.89,nearest_centroid_max_2500m,OpenStreetMap Overpass API
KOH_LOC_040,Gariphema,KOH_05462,1021.92,nearest_centroid_max_2500m,OpenStreetMap Overpass API
KOH_LOC_040,Gariphema,KOH_05463,1519.39,nearest_centroid_max_2500m,OpenStreetMap Overpass API
KOH_LOC_040,Gariphema,KOH_05464,2019.09,nearest_centroid_max_2500m,OpenStreetMap Overpass API
KOH_LOC_003,Tseminyu,KOH_05469,1576.45,nearest_centroid_max_2500m,OpenStreetMap Overpass API
KOH_LOC_003,Tseminyu,KOH_05470,1001.64,nearest_centroid_max_2500m,OpenStreetMap Overpass API
KOH_LOC_003,Tseminyu,KOH_05471,786.35,nearest_centroid_max_2500m,OpenStreetMap Overpass API
KOH_LOC_003,Tseminyu,KOH_05472,737.37,nearest_centroid_max_2500m,OpenStreetMap Overpass API
KOH_LOC_003,Tseminyu,KOH_05473,902.33,nearest_centroid_max_2500m,OpenStreetMap Overpass API
KOH_LOC_003,Tseminyu,KOH_05474,1224.64,nearest_centroid_max_2500m,OpenStreetMap Overpass API
KOH_LOC_003,Tseminyu,KOH_05475,1639.78,nearest_centroid_max_2500m,OpenStreetMap Overpass API
KOH_LOC_003,Tseminyu,KOH_05476,2093.35,nearest_centroid_max_2500m,OpenStreetMap Overpass API
KOH_LOC_053,Ziphenyu,KOH_05479,2432.34,nearest_centroid_max_2500m,OpenStreetMap Overpass API
KOH_LOC_053,Ziphenyu,KOH_05480,2271.65,nearest_centroid_max_2500m,OpenStreetMap Overpass API
KOH_LOC_051,Nsunyu,KOH_05481,1957.45,nearest_centroid_max_2500m,OpenStreetMap Overpass API
KOH_LOC_051,Nsunyu,KOH_05482,1472.28,nearest_centroid_max_2500m,OpenStreetMap Overpass API
KOH_LOC_051,Nsunyu,KOH_05483,1003.76,nearest_centroid_max_2500m,OpenStreetMap Overpass API
KOH_LOC_051,Nsunyu,KOH_05484,592.78,nearest_centroid_max_2500m,OpenStreetMap Overpass API
KOH_LOC_051,Nsunyu,KOH_05485,446.26,nearest_centroid_max_2500m,OpenStreetMap Overpass API
KOH_LOC_051,Nsunyu,KOH_05486,742.18,nearest_centroid_max_2500m,OpenStreetMap Overpass API
KOH_LOC_036,Chunlika,KOH_05487,1125.22,nearest_centroid_max_2500m,OpenStreetMap Overpass API
KOH_LOC_036,Chunlika,KOH_05488,1572.44,nearest_centroid_max_2500m,OpenStreetMap Overpass API
KOH_LOC_036,Chunlika,KOH_05489,2045.23,nearest_centroid_max_2500m,OpenStreetMap Overpass API
KOH_LOC_050,Kandinu,KOH_05490,2440.6,nearest_centroid_max_2500m,OpenStreetMap Overpass API
KOH_LOC_078,Kijumetouma,KOH_05507,2088.75,nearest_centroid_max_2500m,OpenStreetMap Overpass API
KOH_LOC_078,Kijumetouma,KOH_05508,1593.08,nearest_centroid_max_2500m,OpenStreetMap Overpass API
KOH_LOC_078,Kijumetouma,KOH_05509,1103.08,nearest_centroid_max_2500m,OpenStreetMap Overpass API
KOH_LOC_078,Kijumetouma,KOH_05510,632.08,nearest_centroid_max_2500m,OpenStreetMap Overpass API
KOH_LOC_078,Kijumetouma,KOH_05511,293.97,nearest_centroid_max_2500m,OpenStreetMap Overpass API
KOH_LOC_078,Kijumetouma,KOH_05512,526.47,nearest_centroid_max_2500m,OpenStreetMap Overpass API
KOH_LOC_078,Kijumetouma,KOH_05513,985.85,nearest_centroid_max_2500m,OpenStreetMap Overpass API
KOH_LOC_078,Kijumetouma,KOH_05514,1473.28,nearest_centroid_max_2500m,OpenStreetMap Overpass API
KOH_LOC_078,Kijumetouma,KOH_05515,1968.01,nearest_centroid_max_2500m,OpenStreetMap Overpass API
KOH_LOC_078,Kijumetouma,KOH_05516,2465.67,nearest_centroid_max_2500m,OpenStreetMap Overpass API
KOH_LOC_040,Gariphema,KOH_05518,2110.95,nearest_centroid_max_2500m,OpenStreetMap Overpass API
KOH_LOC_040,Gariphema,KOH_05519,1642.21,nearest_centroid_max_2500m,OpenStreetMap Overpass API
KOH_LOC_040,Gariphema,KOH_05520,1200.62,nearest_centroid_max_2500m,OpenStreetMap Overpass API
KOH_LOC_040,Gariphema,KOH_05521,830.71,nearest_centroid_max_2500m,OpenStreetMap Overpass API
KOH_LOC_040,Gariphema,KOH_05522,665.26,nearest_centroid_max_2500m,OpenStreetMap Overpass API
KOH_LOC_040,Gariphema,KOH_05523,835.98,nearest_centroid_max_2500m,OpenStreetMap Overpass API
KOH_LOC_040,Gariphema,KOH_05524,1207.97,nearest_centroid_max_2500m,OpenStreetMap Overpass API
KOH_LOC_040,Gariphema,KOH_05525,1650.29,nearest_centroid_max_2500m,OpenStreetMap Overpass API
KOH_LOC_040,Gariphema,KOH_05526,2119.34,nearest_centroid_max_2500m,OpenStreetMap Overpass API
KOH_LOC_003,Tseminyu,KOH_05530,1364.69,nearest_centroid_max_2500m,OpenStreetMap Overpass API
KOH_LOC_003,Tseminyu,KOH_05531,1593.8,nearest_centroid_max_2500m,OpenStreetMap Overpass API
KOH_LOC_003,Tseminyu,KOH_05532,1931.1,nearest_centroid_max_2500m,OpenStreetMap Overpass API
KOH_LOC_003,Tseminyu,KOH_05533,2328.57,nearest_centroid_max_2500m,OpenStreetMap Overpass API
KOH_LOC_051,Nsunyu,KOH_05537,2411.29,nearest_centroid_max_2500m,OpenStreetMap Overpass API
KOH_LOC_051,Nsunyu,KOH_05538,1909.55,nearest_centroid_max_2500m,OpenStreetMap Overpass API
KOH_LOC_051,Nsunyu,KOH_05539,1407.98,nearest_centroid_max_2500m,OpenStreetMap Overpass API
KOH_LOC_051,Nsunyu,KOH_05540,906.84,nearest_centroid_max_2500m,OpenStreetMap Overpass API
KOH_LOC_051,Nsunyu,KOH_05541,407.69,nearest_centroid_max_2500m,OpenStreetMap Overpass API
KOH_LOC_036,Chunlika,KOH_05542,115.55,nearest_centroid_max_2500m,OpenStreetMap Overpass API
KOH_LOC_036,Chunlika,KOH_05543,460.3,nearest_centroid_max_2500m,OpenStreetMap Overpass API
KOH_LOC_036,Chunlika,KOH_05544,956.19,nearest_centroid_max_2500m,OpenStreetMap Overpass API
KOH_LOC_036,Chunlika,KOH_05545,1456.25,nearest_centroid_max_2500m,OpenStreetMap Overpass API
KOH_LOC_050,Kandinu,KOH_05546,1896.26,nearest_centroid_max_2500m,OpenStreetMap Overpass API
KOH_LOC_050,Kandinu,KOH_05547,1953.03,nearest_centroid_max_2500m,OpenStreetMap Overpass API
KOH_LOC_050,Kandinu,KOH_05548,2129.87,nearest_centroid_max_2500m,OpenStreetMap Overpass API
KOH_LOC_050,Kandinu,KOH_05549,2400.56,nearest_centroid_max_2500m,OpenStreetMap Overpass API
KOH_LOC_078,Kijumetouma,KOH_05563,2213.42,nearest_centroid_max_2500m,OpenStreetMap Overpass API
KOH_LOC_078,Kijumetouma,KOH_05564,1753.35,nearest_centroid_max_2500m,OpenStreetMap Overpass API
KOH_LOC_078,Kijumetouma,KOH_05565,1324.08,nearest_centroid_max_2500m,OpenStreetMap Overpass API
KOH_LOC_078,Kijumetouma,KOH_05566,967.48,nearest_centroid_max_2500m,OpenStreetMap Overpass API
KOH_LOC_078,Kijumetouma,KOH_05567,789.17,nearest_centroid_max_2500m,OpenStreetMap Overpass API
KOH_LOC_078,Kijumetouma,KOH_05568,901.85,nearest_centroid_max_2500m,OpenStreetMap Overpass API
KOH_LOC_078,Kijumetouma,KOH_05569,1227.98,nearest_centroid_max_2500m,OpenStreetMap Overpass API
KOH_LOC_078,Kijumetouma,KOH_05570,1645.13,nearest_centroid_max_2500m,OpenStreetMap Overpass API
KOH_LOC_078,Kijumetouma,KOH_05571,2099.74,nearest_centroid_max_2500m,OpenStreetMap Overpass API
KOH_LOC_040,Gariphema,KOH_05574,2317.34,nearest_centroid_max_2500m,OpenStreetMap Overpass API
KOH_LOC_040,Gariphema,KOH_05575,1900.18,nearest_centroid_max_2500m,OpenStreetMap Overpass API
KOH_LOC_040,Gariphema,KOH_05576,1534.66,nearest_centroid_max_2500m,OpenStreetMap Overpass API
KOH_LOC_040,Gariphema,KOH_05577,1266.35,nearest_centroid_max_2500m,OpenStreetMap Overpass API
KOH_LOC_040,Gariphema,KOH_05578,1164.47,nearest_centroid_max_2500m,OpenStreetMap Overpass API
KOH_LOC_040,Gariphema,KOH_05579,1269.75,nearest_centroid_max_2500m,OpenStreetMap Overpass API
KOH_LOC_040,Gariphema,KOH_05580,1540.28,nearest_centroid_max_2500m,OpenStreetMap Overpass API
KOH_LOC_040,Gariphema,KOH_05581,1906.98,nearest_centroid_max_2500m,OpenStreetMap Overpass API
KOH_LOC_040,Gariphema,KOH_05582,2324.78,nearest_centroid_max_2500m,OpenStreetMap Overpass API
KOH_LOC_003,Tseminyu,KOH_05585,1818.09,nearest_centroid_max_2500m,OpenStreetMap Overpass API
KOH_LOC_003,Tseminyu,KOH_05586,2019.64,nearest_centroid_max_2500m,OpenStreetMap Overpass API
KOH_LOC_063,Gukhanyu,KOH_05587,2177.68,nearest_centroid_max_2500m,OpenStreetMap Overpass API
KOH_LOC_063,Gukhanyu,KOH_05588,2384.79,nearest_centroid_max_2500m,OpenStreetMap Overpass API
KOH_LOC_051,Nsunyu,KOH_05592,2475.49,nearest_centroid_max_2500m,OpenStreetMap Overpass API
KOH_LOC_051,Nsunyu,KOH_05593,1989.98,nearest_centroid_max_2500m,OpenStreetMap Overpass API
KOH_LOC_051,Nsunyu,KOH_05594,1515.23,nearest_centroid_max_2500m,OpenStreetMap Overpass API
KOH_LOC_051,Nsunyu,KOH_05595,1065.75,nearest_centroid_max_2500m,OpenStreetMap Overpass API
KOH_LOC_036,Chunlika,KOH_05596,682.32,nearest_centroid_max_2500m,OpenStreetMap Overpass API
KOH_LOC_036,Chunlika,KOH_05597,400.2,nearest_centroid_max_2500m,OpenStreetMap Overpass API
KOH_LOC_036,Chunlika,KOH_05598,598.97,nearest_centroid_max_2500m,OpenStreetMap Overpass API
KOH_LOC_036,Chunlika,KOH_05599,1030.05,nearest_centroid_max_2500m,OpenStreetMap Overpass API
KOH_LOC_050,Kandinu,KOH_05600,1495.82,nearest_centroid_max_2500m,OpenStreetMap Overpass API
KOH_LOC_050,Kandinu,KOH_05601,1397.14,nearest_centroid_max_2500m,OpenStreetMap Overpass API
KOH_LOC_050,Kandinu,KOH_05602,1473.24,nearest_centroid_max_2500m,OpenStreetMap Overpass API
KOH_LOC_050,Kandinu,KOH_05603,1700.74,nearest_centroid_max_2500m,OpenStreetMap Overpass API
KOH_LOC_050,Kandinu,KOH_05604,2029.49,nearest_centroid_max_2500m,OpenStreetMap Overpass API
KOH_LOC_050,Kandinu,KOH_05605,2418.42,nearest_centroid_max_2500m,OpenStreetMap Overpass API
KOH_LOC_078,Kijumetouma,KOH_05617,2436.01,nearest_centroid_max_2500m,OpenStreetMap Overpass API
KOH_LOC_078,Kijumetouma,KOH_05618,2027.1,nearest_centroid_max_2500m,OpenStreetMap Overpass API
KOH_LOC_078,Kijumetouma,KOH_05619,1669.74,nearest_centroid_max_2500m,OpenStreetMap Overpass API
KOH_LOC_078,Kijumetouma,KOH_05620,1403.88,nearest_centroid_max_2500m,OpenStreetMap Overpass API
KOH_LOC_078,Kijumetouma,KOH_05621,1287.48,nearest_centroid_max_2500m,OpenStreetMap Overpass API
KOH_LOC_078,Kijumetouma,KOH_05622,1359.51,nearest_centroid_max_2500m,OpenStreetMap Overpass API
KOH_LOC_078,Kijumetouma,KOH_05623,1594.63,nearest_centroid_max_2500m,OpenStreetMap Overpass API
KOH_LOC_078,Kijumetouma,KOH_05624,1934.25,nearest_centroid_max_2500m,OpenStreetMap Overpass API
KOH_LOC_078,Kijumetouma,KOH_05625,2333.19,nearest_centroid_max_2500m,OpenStreetMap Overpass API
KOH_LOC_040,Gariphema,KOH_05629,2241.06,nearest_centroid_max_2500m,OpenStreetMap Overpass API
KOH_LOC_040,Gariphema,KOH_05630,1940.83,nearest_centroid_max_2500m,OpenStreetMap Overpass API
KOH_LOC_040,Gariphema,KOH_05631,1736.53,nearest_centroid_max_2500m,OpenStreetMap Overpass API
KOH_LOC_040,Gariphema,KOH_05632,1663.69,nearest_centroid_max_2500m,OpenStreetMap Overpass API
KOH_LOC_040,Gariphema,KOH_05633,1738.99,nearest_centroid_max_2500m,OpenStreetMap Overpass API
KOH_LOC_040,Gariphema,KOH_05634,1945.31,nearest_centroid_max_2500m,OpenStreetMap Overpass API
KOH_LOC_040,Gariphema,KOH_05635,2239.45,nearest_centroid_max_2500m,OpenStreetMap Overpass API
KOH_LOC_040,Gariphema,KOH_05636,2454.61,nearest_centroid_max_2500m,OpenStreetMap Overpass API
KOH_LOC_063,Gukhanyu,KOH_05638,1795.82,nearest_centroid_max_2500m,OpenStreetMap Overpass API
KOH_LOC_063,Gukhanyu,KOH_05639,1635.64,nearest_centroid_max_2500m,OpenStreetMap Overpass API
KOH_LOC_063,Gukhanyu,KOH_05640,1711.51,nearest_centroid_max_2500m,OpenStreetMap Overpass API
KOH_LOC_063,Gukhanyu,KOH_05641,1968.22,nearest_centroid_max_2500m,OpenStreetMap Overpass API
KOH_LOC_063,Gukhanyu,KOH_05642,2307.1,nearest_centroid_max_2500m,OpenStreetMap Overpass API
KOH_LOC_051,Nsunyu,KOH_05646,2184.47,nearest_centroid_max_2500m,OpenStreetMap Overpass API
KOH_LOC_051,Nsunyu,KOH_05647,1762.92,nearest_centroid_max_2500m,OpenStreetMap Overpass API
KOH_LOC_036,Chunlika,KOH_05648,1385.71,nearest_centroid_max_2500m,OpenStreetMap Overpass API
KOH_LOC_036,Chunlika,KOH_05649,1054.01,nearest_centroid_max_2500m,OpenStreetMap Overpass API
KOH_LOC_036,Chunlika,KOH_05650,897.44,nearest_centroid_max_2500m,OpenStreetMap Overpass API
KOH_LOC_036,Chunlika,KOH_05651,1001.98,nearest_centroid_max_2500m,OpenStreetMap Overpass API
KOH_LOC_036,Chunlika,KOH_05652,1306.32,nearest_centroid_max_2500m,OpenStreetMap Overpass API
KOH_LOC_050,Kandinu,KOH_05653,1045.16,nearest_centroid_max_2500m,OpenStreetMap Overpass API
KOH_LOC_050,Kandinu,KOH_05654,898.13,nearest_centroid_max_2500m,OpenStreetMap Overpass API
KOH_LOC_050,Kandinu,KOH_05655,1012.43,nearest_centroid_max_2500m,OpenStreetMap Overpass API
KOH_LOC_050,Kandinu,KOH_05656,1321.79,nearest_centroid_max_2500m,OpenStreetMap Overpass API
KOH_LOC_050,Kandinu,KOH_05657,1724.29,nearest_centroid_max_2500m,OpenStreetMap Overpass API
KOH_LOC_050,Kandinu,KOH_05658,2168.71,nearest_centroid_max_2500m,OpenStreetMap Overpass API
KOH_LOC_078,Kijumetouma,KOH_05670,2375.4,nearest_centroid_max_2500m,OpenStreetMap Overpass API
KOH_LOC_078,Kijumetouma,KOH_05671,2078.77,nearest_centroid_max_2500m,OpenStreetMap Overpass API
KOH_LOC_078,Kijumetouma,KOH_05672,1871.88,nearest_centroid_max_2500m,OpenStreetMap Overpass API
KOH_LOC_078,Kijumetouma,KOH_05673,1786.31,nearest_centroid_max_2500m,OpenStreetMap Overpass API
KOH_LOC_078,Kijumetouma,KOH_05674,1838.86,nearest_centroid_max_2500m,OpenStreetMap Overpass API
KOH_LOC_078,Kijumetouma,KOH_05675,2018.86,nearest_centroid_max_2500m,OpenStreetMap Overpass API
KOH_LOC_078,Kijumetouma,KOH_05676,2296.55,nearest_centroid_max_2500m,OpenStreetMap Overpass API
KOH_LOC_040,Gariphema,KOH_05682,2382.72,nearest_centroid_max_2500m,OpenStreetMap Overpass API
KOH_LOC_040,Gariphema,KOH_05683,2219.36,nearest_centroid_max_2500m,OpenStreetMap Overpass API
KOH_LOC_040,Gariphema,KOH_05684,2162.9,nearest_centroid_max_2500m,OpenStreetMap Overpass API
KOH_LOC_040,Gariphema,KOH_05685,2187.48,nearest_centroid_max_2500m,OpenStreetMap Overpass API
KOH_LOC_040,Gariphema,KOH_05686,2349.94,nearest_centroid_max_2500m,OpenStreetMap Overpass API
KOH_LOC_063,Gukhanyu,KOH_05688,1167.75,nearest_centroid_max_2500m,OpenStreetMap Overpass API
KOH_LOC_063,Gukhanyu,KOH_05689,1288.33,nearest_centroid_max_2500m,OpenStreetMap Overpass API
KOH_LOC_063,Gukhanyu,KOH_05690,1599.79,nearest_centroid_max_2500m,OpenStreetMap Overpass API
KOH_LOC_063,Gukhanyu,KOH_05691,2001.97,nearest_centroid_max_2500m,OpenStreetMap Overpass API
KOH_LOC_063,Gukhanyu,KOH_05692,2441.43,nearest_centroid_max_2500m,OpenStreetMap Overpass API
KOH_LOC_051,Nsunyu,KOH_05695,2466.26,nearest_centroid_max_2500m,OpenStreetMap Overpass API
KOH_LOC_036,Chunlika,KOH_05696,2092.2,nearest_centroid_max_2500m,OpenStreetMap Overpass API
KOH_LOC_036,Chunlika,KOH_05697,1750.45,nearest_centroid_max_2500m,OpenStreetMap Overpass API
KOH_LOC_036,Chunlika,KOH_05698,1501.58,nearest_centroid_max_2500m,OpenStreetMap Overpass API
KOH_LOC_036,Chunlika,KOH_05699,1396.19,nearest_centroid_max_2500m,OpenStreetMap Overpass API
KOH_LOC_036,Chunlika,KOH_05700,1465.46,nearest_centroid_max_2500m,OpenStreetMap Overpass API
KOH_LOC_050,Kandinu,KOH_05701,1111.34,nearest_centroid_max_2500m,OpenStreetMap Overpass API
KOH_LOC_050,Kandinu,KOH_05702,667.42,nearest_centroid_max_2500m,OpenStreetMap Overpass API
KOH_LOC_050,Kandinu,KOH_05703,399.68,nearest_centroid_max_2500m,OpenStreetMap Overpass API
KOH_LOC_050,Kandinu,KOH_05704,614.79,nearest_centroid_max_2500m,OpenStreetMap Overpass API
KOH_LOC_050,Kandinu,KOH_05705,1048.89,nearest_centroid_max_2500m,OpenStreetMap Overpass API
KOH_LOC_050,Kandinu,KOH_05706,1525.2,nearest_centroid_max_2500m,OpenStreetMap Overpass API
KOH_LOC_050,Kandinu,KOH_05707,2014.0,nearest_centroid_max_2500m,OpenStreetMap Overpass API
KOH_LOC_078,Kijumetouma,KOH_05720,2352.82,nearest_centroid_max_2500m,OpenStreetMap Overpass API
KOH_LOC_078,Kijumetouma,KOH_05721,2285.31,nearest_centroid_max_2500m,OpenStreetMap Overpass API
KOH_LOC_078,Kijumetouma,KOH_05722,2326.57,nearest_centroid_max_2500m,OpenStreetMap Overpass API
KOH_LOC_078,Kijumetouma,KOH_05723,2471.36,nearest_centroid_max_2500m,OpenStreetMap Overpass API
KOH_LOC_063,Gukhanyu,KOH_05735,704.08,nearest_centroid_max_2500m,OpenStreetMap Overpass API
KOH_LOC_063,Gukhanyu,KOH_05736,895.65,nearest_centroid_max_2500m,OpenStreetMap Overpass API
KOH_LOC_063,Gukhanyu,KOH_05737,1320.3,nearest_centroid_max_2500m,OpenStreetMap Overpass API
KOH_LOC_063,Gukhanyu,KOH_05738,1786.56,nearest_centroid_max_2500m,OpenStreetMap Overpass API
KOH_LOC_063,Gukhanyu,KOH_05739,2268.0,nearest_centroid_max_2500m,OpenStreetMap Overpass API
KOH_LOC_049,Ehenu,KOH_05742,2209.07,nearest_centroid_max_2500m,OpenStreetMap Overpass API
KOH_LOC_049,Ehenu,KOH_05743,1859.88,nearest_centroid_max_2500m,OpenStreetMap Overpass API
KOH_LOC_049,Ehenu,KOH_05744,1594.44,nearest_centroid_max_2500m,OpenStreetMap Overpass API
KOH_LOC_049,Ehenu,KOH_05745,1459.2,nearest_centroid_max_2500m,OpenStreetMap Overpass API
KOH_LOC_049,Ehenu,KOH_05746,1490.01,nearest_centroid_max_2500m,OpenStreetMap Overpass API
KOH_LOC_050,Kandinu,KOH_05747,1542.8,nearest_centroid_max_2500m,OpenStreetMap Overpass API
KOH_LOC_050,Kandinu,KOH_05748,1042.43,nearest_centroid_max_2500m,OpenStreetMap Overpass API
KOH_LOC_050,Kandinu,KOH_05749,545.01,nearest_centroid_max_2500m,OpenStreetMap Overpass API
KOH_LOC_050,Kandinu,KOH_05750,106.42,nearest_centroid_max_2500m,OpenStreetMap Overpass API
KOH_LOC_050,Kandinu,KOH_05751,479.1,nearest_centroid_max_2500m,OpenStreetMap Overpass API
KOH_LOC_050,Kandinu,KOH_05752,975.53,nearest_centroid_max_2500m,OpenStreetMap Overpass API
KOH_LOC_050,Kandinu,KOH_05753,1475.6,nearest_centroid_max_2500m,OpenStreetMap Overpass API
KOH_LOC_050,Kandinu,KOH_05754,1976.68,nearest_centroid_max_2500m,OpenStreetMap Overpass API
KOH_LOC_050,Kandinu,KOH_05755,2478.11,nearest_centroid_max_2500m,OpenStreetMap Overpass API
KOH_LOC_063,Gukhanyu,KOH_05782,359.9,nearest_centroid_max_2500m,OpenStreetMap Overpass API
KOH_LOC_063,Gukhanyu,KOH_05783,718.1,nearest_centroid_max_2500m,OpenStreetMap Overpass API
KOH_LOC_063,Gukhanyu,KOH_05784,1193.82,nearest_centroid_max_2500m,OpenStreetMap Overpass API
KOH_LOC_063,Gukhanyu,KOH_05785,1695.2,nearest_centroid_max_2500m,OpenStreetMap Overpass API
KOH_LOC_063,Gukhanyu,KOH_05786,2196.84,nearest_centroid_max_2500m,OpenStreetMap Overpass API
KOH_LOC_049,Ehenu,KOH_05788,2367.68,nearest_centroid_max_2500m,OpenStreetMap Overpass API
KOH_LOC_049,Ehenu,KOH_05789,1918.64,nearest_centroid_max_2500m,OpenStreetMap Overpass API
KOH_LOC_049,Ehenu,KOH_05790,1503.54,nearest_centroid_max_2500m,OpenStreetMap Overpass API
KOH_LOC_049,Ehenu,KOH_05791,1159.16,nearest_centroid_max_2500m,OpenStreetMap Overpass API
KOH_LOC_049,Ehenu,KOH_05792,964.57,nearest_centroid_max_2500m,OpenStreetMap Overpass API
KOH_LOC_049,Ehenu,KOH_05793,1010.58,nearest_centroid_max_2500m,OpenStreetMap Overpass API
KOH_LOC_049,Ehenu,KOH_05794,1271.24,nearest_centroid_max_2500m,OpenStreetMap Overpass API
KOH_LOC_050,Kandinu,KOH_05795,1198.6,nearest_centroid_max_2500m,OpenStreetMap Overpass API
KOH_LOC_050,Kandinu,KOH_05796,804.36,nearest_centroid_max_2500m,OpenStreetMap Overpass API
KOH_LOC_050,Kandinu,KOH_05797,601.05,nearest_centroid_max_2500m,OpenStreetMap Overpass API
KOH_LOC_050,Kandinu,KOH_05798,761.22,nearest_centroid_max_2500m,OpenStreetMap Overpass API
KOH_LOC_050,Kandinu,KOH_05799,1140.81,nearest_centroid_max_2500m,OpenStreetMap Overpass API
KOH_LOC_050,Kandinu,KOH_05800,1589.77,nearest_centroid_max_2500m,OpenStreetMap Overpass API
KOH_LOC_050,Kandinu,KOH_05801,2063.3,nearest_centroid_max_2500m,OpenStreetMap Overpass API
KOH_LOC_063,Gukhanyu,KOH_05828,736.58,nearest_centroid_max_2500m,OpenStreetMap Overpass API
KOH_LOC_063,Gukhanyu,KOH_05829,845.06,nearest_centroid_max_2500m,OpenStreetMap Overpass API
KOH_LOC_063,Gukhanyu,KOH_05830,1267.28,nearest_centroid_max_2500m,OpenStreetMap Overpass API
KOH_LOC_063,Gukhanyu,KOH_05831,1747.7,nearest_centroid_max_2500m,OpenStreetMap Overpass API
KOH_LOC_063,Gukhanyu,KOH_05832,2237.51,nearest_centroid_max_2500m,OpenStreetMap Overpass API
KOH_LOC_049,Ehenu,KOH_05834,2214.92,nearest_centroid_max_2500m,OpenStreetMap Overpass API
KOH_LOC_049,Ehenu,KOH_05835,1726.54,nearest_centroid_max_2500m,OpenStreetMap Overpass API
KOH_LOC_049,Ehenu,KOH_05836,1249.02,nearest_centroid_max_2500m,OpenStreetMap Overpass API
KOH_LOC_049,Ehenu,KOH_05837,801.93,nearest_centroid_max_2500m,OpenStreetMap Overpass API
KOH_LOC_049,Ehenu,KOH_05838,479.55,nearest_centroid_max_2500m,OpenStreetMap Overpass API
KOH_LOC_049,Ehenu,KOH_05839,566.36,nearest_centroid_max_2500m,OpenStreetMap Overpass API
KOH_LOC_049,Ehenu,KOH_05840,956.8,nearest_centroid_max_2500m,OpenStreetMap Overpass API
KOH_LOC_049,Ehenu,KOH_05841,1419.15,nearest_centroid_max_2500m,OpenStreetMap Overpass API
KOH_LOC_050,Kandinu,KOH_05842,1222.94,nearest_centroid_max_2500m,OpenStreetMap Overpass API
KOH_LOC_050,Kandinu,KOH_05843,1099.86,nearest_centroid_max_2500m,OpenStreetMap Overpass API
KOH_LOC_050,Kandinu,KOH_05844,1194.96,nearest_centroid_max_2500m,OpenStreetMap Overpass API
KOH_LOC_050,Kandinu,KOH_05845,1466.18,nearest_centroid_max_2500m,OpenStreetMap Overpass API
KOH_LOC_050,Kandinu,KOH_05846,1837.3,nearest_centroid_max_2500m,OpenStreetMap Overpass API
KOH_LOC_050,Kandinu,KOH_05847,2259.5,nearest_centroid_max_2500m,OpenStreetMap Overpass API
KOH_LOC_063,Gukhanyu,KOH_05874,833.33,nearest_centroid_max_2500m,OpenStreetMap Overpass API
KOH_LOC_063,Gukhanyu,KOH_05875,1165.58,nearest_centroid_max_2500m,OpenStreetMap Overpass API
KOH_LOC_063,Gukhanyu,KOH_05876,1511.67,nearest_centroid_max_2500m,OpenStreetMap Overpass API
KOH_LOC_063,Gukhanyu,KOH_05877,1932.22,nearest_centroid_max_2500m,OpenStreetMap Overpass API
KOH_LOC_063,Gukhanyu,KOH_05878,2384.47,nearest_centroid_max_2500m,OpenStreetMap Overpass API
KOH_LOC_049,Ehenu,KOH_05880,2168.91,nearest_centroid_max_2500m,OpenStreetMap Overpass API
KOH_LOC_049,Ehenu,KOH_05881,1667.1,nearest_centroid_max_2500m,OpenStreetMap Overpass API
KOH_LOC_049,Ehenu,KOH_05882,1165.43,nearest_centroid_max_2500m,OpenStreetMap Overpass API
KOH_LOC_049,Ehenu,KOH_05883,664.2,nearest_centroid_max_2500m,OpenStreetMap Overpass API
KOH_LOC_049,Ehenu,KOH_05884,167.37,nearest_centroid_max_2500m,OpenStreetMap Overpass API
KOH_LOC_049,Ehenu,KOH_05885,344.66,nearest_centroid_max_2500m,OpenStreetMap Overpass API
KOH_LOC_049,Ehenu,KOH_05886,844.56,nearest_centroid_max_2500m,OpenStreetMap Overpass API
KOH_LOC_049,Ehenu,KOH_05887,1346.03,nearest_centroid_max_2500m,OpenStreetMap Overpass API
KOH_LOC_050,Kandinu,KOH_05888,1686.01,nearest_centroid_max_2500m,OpenStreetMap Overpass API
KOH_LOC_050,Kandinu,KOH_05889,1598.93,nearest_centroid_max_2500m,OpenStreetMap Overpass API
KOH_LOC_050,Kandinu,KOH_05890,1665.76,nearest_centroid_max_2500m,OpenStreetMap Overpass API
KOH_LOC_050,Kandinu,KOH_05891,1869.9,nearest_centroid_max_2500m,OpenStreetMap Overpass API
KOH_LOC_050,Kandinu,KOH_05892,2173.07,nearest_centroid_max_2500m,OpenStreetMap Overpass API
KOH_LOC_063,Gukhanyu,KOH_05917,1582.18,nearest_centroid_max_2500m,OpenStreetMap Overpass API
KOH_LOC_063,Gukhanyu,KOH_05918,1860.81,nearest_centroid_max_2500m,OpenStreetMap Overpass API
KOH_LOC_063,Gukhanyu,KOH_05919,2216.09,nearest_centroid_max_2500m,OpenStreetMap Overpass API
KOH_LOC_049,Ehenu,KOH_05922,2236.16,nearest_centroid_max_2500m,OpenStreetMap Overpass API
KOH_LOC_049,Ehenu,KOH_05923,1753.81,nearest_centroid_max_2500m,OpenStreetMap Overpass API
KOH_LOC_049,Ehenu,KOH_05924,1286.4,nearest_centroid_max_2500m,OpenStreetMap Overpass API
KOH_LOC_049,Ehenu,KOH_05925,858.9,nearest_centroid_max_2500m,OpenStreetMap Overpass API
KOH_LOC_049,Ehenu,KOH_05926,569.58,nearest_centroid_max_2500m,OpenStreetMap Overpass API
KOH_LOC_049,Ehenu,KOH_05927,644.34,nearest_centroid_max_2500m,OpenStreetMap Overpass API
KOH_LOC_049,Ehenu,KOH_05928,1004.81,nearest_centroid_max_2500m,OpenStreetMap Overpass API
KOH_LOC_049,Ehenu,KOH_05929,1451.9,nearest_centroid_max_2500m,OpenStreetMap Overpass API
KOH_LOC_049,Ehenu,KOH_05930,1926.24,nearest_centroid_max_2500m,OpenStreetMap Overpass API
KOH_LOC_050,Kandinu,KOH_05931,2098.08,nearest_centroid_max_2500m,OpenStreetMap Overpass API
KOH_LOC_050,Kandinu,KOH_05932,2149.43,nearest_centroid_max_2500m,OpenStreetMap Overpass API
KOH_LOC_050,Kandinu,KOH_05933,2311.29,nearest_centroid_max_2500m,OpenStreetMap Overpass API
KOH_LOC_063,Gukhanyu,KOH_05958,2160.7,nearest_centroid_max_2500m,OpenStreetMap Overpass API
KOH_LOC_063,Gukhanyu,KOH_05959,2259.12,nearest_centroid_max_2500m,OpenStreetMap Overpass API
KOH_LOC_049,Ehenu,KOH_05963,2407.48,nearest_centroid_max_2500m,OpenStreetMap Overpass API
KOH_LOC_049,Ehenu,KOH_05964,1967.43,nearest_centroid_max_2500m,OpenStreetMap Overpass API
KOH_LOC_049,Ehenu,KOH_05965,1565.15,nearest_centroid_max_2500m,OpenStreetMap Overpass API
KOH_LOC_049,Ehenu,KOH_05966,1237.96,nearest_centroid_max_2500m,OpenStreetMap Overpass API
KOH_LOC_049,Ehenu,KOH_05967,1057.97,nearest_centroid_max_2500m,OpenStreetMap Overpass API
KOH_LOC_049,Ehenu,KOH_05968,1100.0,nearest_centroid_max_2500m,OpenStreetMap Overpass API
KOH_LOC_049,Ehenu,KOH_05969,1343.29,nearest_centroid_max_2500m,OpenStreetMap Overpass API
KOH_LOC_049,Ehenu,KOH_05970,1703.77,nearest_centroid_max_2500m,OpenStreetMap Overpass API
KOH_LOC_049,Ehenu,KOH_05971,2122.54,nearest_centroid_max_2500m,OpenStreetMap Overpass API
KOH_LOC_049,Ehenu,KOH_06001,2272.51,nearest_centroid_max_2500m,OpenStreetMap Overpass API
KOH_LOC_049,Ehenu,KOH_06002,1934.73,nearest_centroid_max_2500m,OpenStreetMap Overpass API
KOH_LOC_049,Ehenu,KOH_06003,1681.05,nearest_centroid_max_2500m,OpenStreetMap Overpass API
KOH_LOC_048,Tsaphimi,KOH_06004,1403.18,nearest_centroid_max_2500m,OpenStreetMap Overpass API
KOH_LOC_048,Tsaphimi,KOH_06005,1293.65,nearest_centroid_max_2500m,OpenStreetMap Overpass API
KOH_LOC_048,Tsaphimi,KOH_06006,1329.89,nearest_centroid_max_2500m,OpenStreetMap Overpass API
KOH_LOC_048,Tsaphimi,KOH_06007,1547.03,nearest_centroid_max_2500m,OpenStreetMap Overpass API
KOH_LOC_048,Tsaphimi,KOH_06008,1996.65,nearest_centroid_max_2500m,OpenStreetMap Overpass API
KOH_LOC_048,Tsaphimi,KOH_06009,2318.68,nearest_centroid_max_2500m,OpenStreetMap Overpass API
KOH_LOC_041,Ighanumi,KOH_06017,2422.33,nearest_centroid_max_2500m,OpenStreetMap Overpass API
KOH_LOC_041,Ighanumi,KOH_06018,2341.05,nearest_centroid_max_2500m,OpenStreetMap Overpass API
KOH_LOC_041,Ighanumi,KOH_06019,2369.72,nearest_centroid_max_2500m,OpenStreetMap Overpass API
KOH_LOC_041,Ighanumi,KOH_06020,2481.41,nearest_centroid_max_2500m,OpenStreetMap Overpass API
KOH_LOC_048,Tsaphimi,KOH_06029,2252.9,nearest_centroid_max_2500m,OpenStreetMap Overpass API
KOH_LOC_048,Tsaphimi,KOH_06030,1839.13,nearest_centroid_max_2500m,OpenStreetMap Overpass API
KOH_LOC_048,Tsaphimi,KOH_06031,1395.0,nearest_centroid_max_2500m,OpenStreetMap Overpass API
KOH_LOC_048,Tsaphimi,KOH_06032,1153.07,nearest_centroid_max_2500m,OpenStreetMap Overpass API
KOH_LOC_048,Tsaphimi,KOH_06033,1047.41,nearest_centroid_max_2500m,OpenStreetMap Overpass API
KOH_LOC_048,Tsaphimi,KOH_06034,1102.26,nearest_centroid_max_2500m,OpenStreetMap Overpass API
KOH_LOC_048,Tsaphimi,KOH_06035,1214.56,nearest_centroid_max_2500m,OpenStreetMap Overpass API
KOH_LOC_041,Ighanumi,KOH_06038,2463.58,nearest_centroid_max_2500m,OpenStreetMap Overpass API
KOH_LOC_041,Ighanumi,KOH_06039,2187.93,nearest_centroid_max_2500m,OpenStreetMap Overpass API
KOH_LOC_041,Ighanumi,KOH_06040,1955.11,nearest_centroid_max_2500m,OpenStreetMap Overpass API
KOH_LOC_041,Ighanumi,KOH_06041,1916.06,nearest_centroid_max_2500m,OpenStreetMap Overpass API
KOH_LOC_041,Ighanumi,KOH_06042,2051.66,nearest_centroid_max_2500m,OpenStreetMap Overpass API
KOH_LOC_048,Tsaphimi,KOH_06047,2162.21,nearest_centroid_max_2500m,OpenStreetMap Overpass API
KOH_LOC_048,Tsaphimi,KOH_06048,1801.71,nearest_centroid_max_2500m,OpenStreetMap Overpass API
KOH_LOC_041,Ighanumi,KOH_06049,2474.04,nearest_centroid_max_2500m,OpenStreetMap Overpass API
KOH_LOC_041,Ighanumi,KOH_06050,2244.18,nearest_centroid_max_2500m,OpenStreetMap Overpass API
KOH_LOC_041,Ighanumi,KOH_06051,2031.66,nearest_centroid_max_2500m,OpenStreetMap Overpass API
KOH_LOC_041,Ighanumi,KOH_06052,1613.88,nearest_centroid_max_2500m,OpenStreetMap Overpass API
KOH_LOC_041,Ighanumi,KOH_06053,1577.35,nearest_centroid_max_2500m,OpenStreetMap Overpass API
AIZ_LOC_008,Lallen,AIZ_00008,1327.27,nearest_centroid_max_2500m,OpenStreetMap Overpass API
AIZ_LOC_008,Lallen,AIZ_00009,1159.56,nearest_centroid_max_2500m,OpenStreetMap Overpass API
AIZ_LOC_008,Lallen,AIZ_00025,2364.15,nearest_centroid_max_2500m,OpenStreetMap Overpass API
AIZ_LOC_008,Lallen,AIZ_00026,2010.53,nearest_centroid_max_2500m,OpenStreetMap Overpass API
AIZ_LOC_008,Lallen,AIZ_00027,1577.81,nearest_centroid_max_2500m,OpenStreetMap Overpass API
AIZ_LOC_008,Lallen,AIZ_00028,1275.26,nearest_centroid_max_2500m,OpenStreetMap Overpass API
AIZ_LOC_008,Lallen,AIZ_00029,1155.98,nearest_centroid_max_2500m,OpenStreetMap Overpass API
AIZ_LOC_008,Lallen,AIZ_00030,1240.26,nearest_centroid_max_2500m,OpenStreetMap Overpass API
AIZ_LOC_008,Lallen,AIZ_00057,2286.64,nearest_centroid_max_2500m,OpenStreetMap Overpass API
AIZ_LOC_008,Lallen,AIZ_00058,1958.64,nearest_centroid_max_2500m,OpenStreetMap Overpass API
AIZ_LOC_008,Lallen,AIZ_00059,1716.98,nearest_centroid_max_2500m,OpenStreetMap Overpass API
AIZ_LOC_008,Lallen,AIZ_00060,1601.36,nearest_centroid_max_2500m,OpenStreetMap Overpass API
AIZ_LOC_008,Lallen,AIZ_00061,1652.42,nearest_centroid_max_2500m,OpenStreetMap Overpass API
AIZ_LOC_008,Lallen,AIZ_00062,1938.37,nearest_centroid_max_2500m,OpenStreetMap Overpass API
AIZ_LOC_029,Reiek,AIZ_00063,2293.35,nearest_centroid_max_2500m,OpenStreetMap Overpass API
AIZ_LOC_008,Lallen,AIZ_00101,2383.14,nearest_centroid_max_2500m,OpenStreetMap Overpass API
AIZ_LOC_008,Lallen,AIZ_00102,2188.88,nearest_centroid_max_2500m,OpenStreetMap Overpass API
AIZ_LOC_008,Lallen,AIZ_00103,2099.37,nearest_centroid_max_2500m,OpenStreetMap Overpass API
AIZ_LOC_008,Lallen,AIZ_00104,2128.0,nearest_centroid_max_2500m,OpenStreetMap Overpass API
AIZ_LOC_008,Lallen,AIZ_00105,2306.46,nearest_centroid_max_2500m,OpenStreetMap Overpass API
AIZ_LOC_029,Reiek,AIZ_00107,2410.64,nearest_centroid_max_2500m,OpenStreetMap Overpass API
AIZ_LOC_029,Reiek,AIZ_00108,2499.71,nearest_centroid_max_2500m,OpenStreetMap Overpass API
AIZ_LOC_006,Sairang,AIZ_00129,2416.83,nearest_centroid_max_2500m,OpenStreetMap Overpass API
AIZ_LOC_003,Lengpui,AIZ_00130,2154.04,nearest_centroid_max_2500m,OpenStreetMap Overpass API
AIZ_LOC_003,Lengpui,AIZ_00131,1686.1,nearest_centroid_max_2500m,OpenStreetMap Overpass API
AIZ_LOC_003,Lengpui,AIZ_00132,1372.27,nearest_centroid_max_2500m,OpenStreetMap Overpass API
AIZ_LOC_006,Sairang,AIZ_00181,2271.59,nearest_centroid_max_2500m,OpenStreetMap Overpass API
AIZ_LOC_006,Sairang,AIZ_00182,2132.6,nearest_centroid_max_2500m,OpenStreetMap Overpass API
AIZ_LOC_006,Sairang,AIZ_00183,2107.22,nearest_centroid_max_2500m,OpenStreetMap Overpass API
AIZ_LOC_003,Lengpui,AIZ_00184,1726.03,nearest_centroid_max_2500m,OpenStreetMap Overpass API
AIZ_LOC_003,Lengpui,AIZ_00185,1347.6,nearest_centroid_max_2500m,OpenStreetMap Overpass API
AIZ_LOC_006,Sairang,AIZ_00252,2459.1,nearest_centroid_max_2500m,OpenStreetMap Overpass API
AIZ_LOC_006,Sairang,AIZ_00253,2103.94,nearest_centroid_max_2500m,OpenStreetMap Overpass API
AIZ_LOC_006,Sairang,AIZ_00254,1819.32,nearest_centroid_max_2500m,OpenStreetMap Overpass API
AIZ_LOC_006,Sairang,AIZ_00255,1642.55,nearest_centroid_max_2500m,OpenStreetMap Overpass API
AIZ_LOC_006,Sairang,AIZ_00256,1609.35,nearest_centroid_max_2500m,OpenStreetMap Overpass API
AIZ_LOC_006,Sairang,AIZ_00257,1728.21,nearest_centroid_max_2500m,OpenStreetMap Overpass API
AIZ_LOC_003,Lengpui,AIZ_00258,1465.8,nearest_centroid_max_2500m,OpenStreetMap Overpass API
AIZ_LOC_003,Lengpui,AIZ_00259,1113.55,nearest_centroid_max_2500m,OpenStreetMap Overpass API
AIZ_LOC_003,Lengpui,AIZ_00260,1117.69,nearest_centroid_max_2500m,OpenStreetMap Overpass API
AIZ_LOC_006,Sairang,AIZ_00338,2166.97,nearest_centroid_max_2500m,OpenStreetMap Overpass API
AIZ_LOC_006,Sairang,AIZ_00339,1753.54,nearest_centroid_max_2500m,OpenStreetMap Overpass API
AIZ_LOC_006,Sairang,AIZ_00340,1399.48,nearest_centroid_max_2500m,OpenStreetMap Overpass API
AIZ_LOC_006,Sairang,AIZ_00341,1160.28,nearest_centroid_max_2500m,OpenStreetMap Overpass API
AIZ_LOC_006,Sairang,AIZ_00342,1112.96,nearest_centroid_max_2500m,OpenStreetMap Overpass API
AIZ_LOC_006,Sairang,AIZ_00343,1278.75,nearest_centroid_max_2500m,OpenStreetMap Overpass API
AIZ_LOC_006,Sairang,AIZ_00344,1592.5,nearest_centroid_max_2500m,OpenStreetMap Overpass API
AIZ_LOC_003,Lengpui,AIZ_00345,1457.96,nearest_centroid_max_2500m,OpenStreetMap Overpass API
AIZ_LOC_003,Lengpui,AIZ_00346,1375.35,nearest_centroid_max_2500m,OpenStreetMap Overpass API
AIZ_LOC_006,Sairang,AIZ_00429,2442.99,nearest_centroid_max_2500m,OpenStreetMap Overpass API
AIZ_LOC_006,Sairang,AIZ_00430,1960.37,nearest_centroid_max_2500m,OpenStreetMap Overpass API
AIZ_LOC_006,Sairang,AIZ_00431,1490.6,nearest_centroid_max_2500m,OpenStreetMap Overpass API
AIZ_LOC_006,Sairang,AIZ_00432,1051.42,nearest_centroid_max_2500m,OpenStreetMap Overpass API
AIZ_LOC_006,Sairang,AIZ_00433,702.52,nearest_centroid_max_2500m,OpenStreetMap Overpass API
AIZ_LOC_006,Sairang,AIZ_00434,621.11,nearest_centroid_max_2500m,OpenStreetMap Overpass API
AIZ_LOC_006,Sairang,AIZ_00435,884.5,nearest_centroid_max_2500m,OpenStreetMap Overpass API
AIZ_LOC_006,Sairang,AIZ_00436,1297.4,nearest_centroid_max_2500m,OpenStreetMap Overpass API
AIZ_LOC_006,Sairang,AIZ_00437,1757.54,nearest_centroid_max_2500m,OpenStreetMap Overpass API
AIZ_LOC_003,Lengpui,AIZ_00438,1745.85,nearest_centroid_max_2500m,OpenStreetMap Overpass API
AIZ_LOC_006,Sairang,AIZ_00531,2369.41,nearest_centroid_max_2500m,OpenStreetMap Overpass API
AIZ_LOC_006,Sairang,AIZ_00532,1867.77,nearest_centroid_max_2500m,OpenStreetMap Overpass API
AIZ_LOC_006,Sairang,AIZ_00533,1366.69,nearest_centroid_max_2500m,OpenStreetMap Overpass API
AIZ_LOC_006,Sairang,AIZ_00534,866.87,nearest_centroid_max_2500m,OpenStreetMap Overpass API
AIZ_LOC_006,Sairang,AIZ_00535,373.37,nearest_centroid_max_2500m,OpenStreetMap Overpass API
AIZ_LOC_006,Sairang,AIZ_00536,177.97,nearest_centroid_max_2500m,OpenStreetMap Overpass API
AIZ_LOC_006,Sairang,AIZ_00537,654.42,nearest_centroid_max_2500m,OpenStreetMap Overpass API
AIZ_LOC_006,Sairang,AIZ_00538,1153.01,nearest_centroid_max_2500m,OpenStreetMap Overpass API
AIZ_LOC_006,Sairang,AIZ_00539,1625.05,nearest_centroid_max_2500m,OpenStreetMap Overpass API
AIZ_LOC_006,Sairang,AIZ_00540,1934.34,nearest_centroid_max_2500m,OpenStreetMap Overpass API
AIZ_LOC_006,Sairang,AIZ_00633,2399.73,nearest_centroid_max_2500m,OpenStreetMap Overpass API
AIZ_LOC_006,Sairang,AIZ_00634,1906.08,nearest_centroid_max_2500m,OpenStreetMap Overpass API
AIZ_LOC_006,Sairang,AIZ_00635,1418.61,nearest_centroid_max_2500m,OpenStreetMap Overpass API
AIZ_LOC_006,Sairang,AIZ_00636,946.61,nearest_centroid_max_2500m,OpenStreetMap Overpass API
AIZ_LOC_006,Sairang,AIZ_00637,532.92,nearest_centroid_max_2500m,OpenStreetMap Overpass API
AIZ_LOC_006,Sairang,AIZ_00638,419.85,nearest_centroid_max_2500m,OpenStreetMap Overpass API
AIZ_LOC_006,Sairang,AIZ_00639,757.03,nearest_centroid_max_2500m,OpenStreetMap Overpass API
AIZ_LOC_006,Sairang,AIZ_00640,1214.14,nearest_centroid_max_2500m,OpenStreetMap Overpass API
AIZ_LOC_006,Sairang,AIZ_00641,1643.8,nearest_centroid_max_2500m,OpenStreetMap Overpass API
AIZ_LOC_006,Sairang,AIZ_00739,2068.04,nearest_centroid_max_2500m,OpenStreetMap Overpass API
AIZ_LOC_006,Sairang,AIZ_00740,1629.62,nearest_centroid_max_2500m,OpenStreetMap Overpass API
AIZ_LOC_006,Sairang,AIZ_00741,1240.75,nearest_centroid_max_2500m,OpenStreetMap Overpass API
AIZ_LOC_006,Sairang,AIZ_00742,963.01,nearest_centroid_max_2500m,OpenStreetMap Overpass API
AIZ_LOC_006,Sairang,AIZ_00743,905.35,nearest_centroid_max_2500m,OpenStreetMap Overpass API
AIZ_LOC_006,Sairang,AIZ_00744,1102.83,nearest_centroid_max_2500m,OpenStreetMap Overpass API
AIZ_LOC_006,Sairang,AIZ_00745,1455.19,nearest_centroid_max_2500m,OpenStreetMap Overpass API
AIZ_LOC_006,Sairang,AIZ_00746,1835.97,nearest_centroid_max_2500m,OpenStreetMap Overpass API
AIZ_LOC_006,Sairang,AIZ_00845,2327.81,nearest_centroid_max_2500m,OpenStreetMap Overpass API
AIZ_LOC_006,Sairang,AIZ_00846,1948.81,nearest_centroid_max_2500m,OpenStreetMap Overpass API
AIZ_LOC_006,Sairang,AIZ_00847,1637.5,nearest_centroid_max_2500m,OpenStreetMap Overpass API
AIZ_LOC_006,Sairang,AIZ_00848,1438.51,nearest_centroid_max_2500m,OpenStreetMap Overpass API
AIZ_LOC_006,Sairang,AIZ_00849,1400.65,nearest_centroid_max_2500m,OpenStreetMap Overpass API
AIZ_LOC_006,Sairang,AIZ_00850,1535.7,nearest_centroid_max_2500m,OpenStreetMap Overpass API
AIZ_LOC_006,Sairang,AIZ_00851,1805.42,nearest_centroid_max_2500m,OpenStreetMap Overpass API
AIZ_LOC_006,Sairang,AIZ_00852,2140.05,nearest_centroid_max_2500m,OpenStreetMap Overpass API
AIZ_LOC_006,Sairang,AIZ_00955,2332.11,nearest_centroid_max_2500m,OpenStreetMap Overpass API
AIZ_LOC_006,Sairang,AIZ_00956,2078.98,nearest_centroid_max_2500m,OpenStreetMap Overpass API
AIZ_LOC_006,Sairang,AIZ_00957,1926.21,nearest_centroid_max_2500m,OpenStreetMap Overpass API
AIZ_LOC_006,Sairang,AIZ_00958,1898.09,nearest_centroid_max_2500m,OpenStreetMap Overpass API
AIZ_LOC_006,Sairang,AIZ_00959,1999.82,nearest_centroid_max_2500m,OpenStreetMap Overpass API
AIZ_LOC_006,Sairang,AIZ_00960,2213.71,nearest_centroid_max_2500m,OpenStreetMap Overpass API
AIZ_LOC_001,Aibawk,AIZ_01013,2436.76,nearest_centroid_max_2500m,OpenStreetMap Overpass API
AIZ_LOC_001,Aibawk,AIZ_01014,2321.45,nearest_centroid_max_2500m,OpenStreetMap Overpass API
AIZ_LOC_001,Aibawk,AIZ_01015,2311.87,nearest_centroid_max_2500m,OpenStreetMap Overpass API
AIZ_LOC_001,Aibawk,AIZ_01016,2409.32,nearest_centroid_max_2500m,OpenStreetMap Overpass API
AIZ_LOC_006,Sairang,AIZ_01071,2418.58,nearest_centroid_max_2500m,OpenStreetMap Overpass API
AIZ_LOC_006,Sairang,AIZ_01072,2396.25,nearest_centroid_max_2500m,OpenStreetMap Overpass API
AIZ_LOC_006,Sairang,AIZ_01073,2477.66,nearest_centroid_max_2500m,OpenStreetMap Overpass API
AIZ_LOC_001,Aibawk,AIZ_01126,2222.76,nearest_centroid_max_2500m,OpenStreetMap Overpass API
AIZ_LOC_001,Aibawk,AIZ_01127,1971.65,nearest_centroid_max_2500m,OpenStreetMap Overpass API
AIZ_LOC_001,Aibawk,AIZ_01128,1827.23,nearest_centroid_max_2500m,OpenStreetMap Overpass API
AIZ_LOC_001,Aibawk,AIZ_01129,1815.06,nearest_centroid_max_2500m,OpenStreetMap Overpass API
AIZ_LOC_001,Aibawk,AIZ_01130,1937.69,nearest_centroid_max_2500m,OpenStreetMap Overpass API
AIZ_LOC_001,Aibawk,AIZ_01131,2172.34,nearest_centroid_max_2500m,OpenStreetMap Overpass API
AIZ_LOC_001,Aibawk,AIZ_01132,2487.54,nearest_centroid_max_2500m,OpenStreetMap Overpass API
AIZ_LOC_001,Aibawk,AIZ_01240,2224.09,nearest_centroid_max_2500m,OpenStreetMap Overpass API
AIZ_LOC_001,Aibawk,AIZ_01241,1840.98,nearest_centroid_max_2500m,OpenStreetMap Overpass API
AIZ_LOC_001,Aibawk,AIZ_01242,1528.32,nearest_centroid_max_2500m,OpenStreetMap Overpass API
AIZ_LOC_001,Aibawk,AIZ_01243,1336.85,nearest_centroid_max_2500m,OpenStreetMap Overpass API
AIZ_LOC_001,Aibawk,AIZ_01244,1320.19,nearest_centroid_max_2500m,OpenStreetMap Overpass API
AIZ_LOC_001,Aibawk,AIZ_01245,1484.29,nearest_centroid_max_2500m,OpenStreetMap Overpass API
AIZ_LOC_001,Aibawk,AIZ_01246,1779.71,nearest_centroid_max_2500m,OpenStreetMap Overpass API
AIZ_LOC_001,Aibawk,AIZ_01247,2153.18,nearest_centroid_max_2500m,OpenStreetMap Overpass API
AIZ_LOC_001,Aibawk,AIZ_01354,2440.45,nearest_centroid_max_2500m,OpenStreetMap Overpass API
AIZ_LOC_001,Aibawk,AIZ_01355,1973.24,nearest_centroid_max_2500m,OpenStreetMap Overpass API
AIZ_LOC_001,Aibawk,AIZ_01356,1528.46,nearest_centroid_max_2500m,OpenStreetMap Overpass API
AIZ_LOC_001,Aibawk,AIZ_01357,1132.78,nearest_centroid_max_2500m,OpenStreetMap Overpass API
AIZ_LOC_001,Aibawk,AIZ_01358,856.92,nearest_centroid_max_2500m,OpenStreetMap Overpass API
AIZ_LOC_001,Aibawk,AIZ_01359,830.71,nearest_centroid_max_2500m,OpenStreetMap Overpass API
AIZ_LOC_001,Aibawk,AIZ_01360,1072.39,nearest_centroid_max_2500m,OpenStreetMap Overpass API
AIZ_LOC_001,Aibawk,AIZ_01361,1454.2,nearest_centroid_max_2500m,OpenStreetMap Overpass API
AIZ_LOC_001,Aibawk,AIZ_01362,1892.98,nearest_centroid_max_2500m,OpenStreetMap Overpass API
AIZ_LOC_001,Aibawk,AIZ_01363,2357.24,nearest_centroid_max_2500m,OpenStreetMap Overpass API
AIZ_LOC_001,Aibawk,AIZ_01469,2324.11,nearest_centroid_max_2500m,OpenStreetMap Overpass API
AIZ_LOC_001,Aibawk,AIZ_01470,1827.48,nearest_centroid_max_2500m,OpenStreetMap Overpass API
AIZ_LOC_001,Aibawk,AIZ_01471,1334.92,nearest_centroid_max_2500m,OpenStreetMap Overpass API
AIZ_LOC_001,Aibawk,AIZ_01472,853.79,nearest_centroid_max_2500m,OpenStreetMap Overpass API
AIZ_LOC_001,Aibawk,AIZ_01473,424.56,nearest_centroid_max_2500m,OpenStreetMap Overpass API
AIZ_LOC_001,Aibawk,AIZ_01474,368.75,nearest_centroid_max_2500m,OpenStreetMap Overpass API
AIZ_LOC_001,Aibawk,AIZ_01475,772.03,nearest_centroid_max_2500m,OpenStreetMap Overpass API
AIZ_LOC_001,Aibawk,AIZ_01476,1249.16,nearest_centroid_max_2500m,OpenStreetMap Overpass API
AIZ_LOC_001,Aibawk,AIZ_01477,1740.56,nearest_centroid_max_2500m,OpenStreetMap Overpass API
AIZ_LOC_001,Aibawk,AIZ_01478,2236.67,nearest_centroid_max_2500m,OpenStreetMap Overpass API
AIZ_LOC_032,Muallungthu,AIZ_01486,2380.41,nearest_centroid_max_2500m,OpenStreetMap Overpass API
AIZ_LOC_032,Muallungthu,AIZ_01487,2319.14,nearest_centroid_max_2500m,OpenStreetMap Overpass API
AIZ_LOC_032,Muallungthu,AIZ_01488,2365.33,nearest_centroid_max_2500m,OpenStreetMap Overpass API
AIZ_LOC_030,Tlangnuam,AIZ_01506,2394.87,nearest_centroid_max_2500m,OpenStreetMap Overpass API
AIZ_LOC_030,Tlangnuam,AIZ_01507,2226.81,nearest_centroid_max_2500m,OpenStreetMap Overpass API
AIZ_LOC_030,Tlangnuam,AIZ_01508,2164.74,nearest_centroid_max_2500m,OpenStreetMap Overpass API
AIZ_LOC_030,Tlangnuam,AIZ_01509,2217.72,nearest_centroid_max_2500m,OpenStreetMap Overpass API
AIZ_LOC_030,Tlangnuam,AIZ_01510,2377.88,nearest_centroid_max_2500m,OpenStreetMap Overpass API
AIZ_LOC_002,Aizawl,AIZ_01511,2385.6,nearest_centroid_max_2500m,OpenStreetMap Overpass API
AIZ_LOC_002,Aizawl,AIZ_01512,2288.6,nearest_centroid_max_2500m,OpenStreetMap Overpass API
AIZ_LOC_002,Aizawl,AIZ_01513,2299.8,nearest_centroid_max_2500m,OpenStreetMap Overpass API
AIZ_LOC_002,Aizawl,AIZ_01514,2417.5,nearest_centroid_max_2500m,OpenStreetMap Overpass API
AIZ_LOC_001,Aibawk,AIZ_01585,2312.2,nearest_centroid_max_2500m,OpenStreetMap Overpass API
AIZ_LOC_001,Aibawk,AIZ_01586,1812.2,nearest_centroid_max_2500m,OpenStreetMap Overpass API
AIZ_LOC_001,Aibawk,AIZ_01587,1314.04,nearest_centroid_max_2500m,OpenStreetMap Overpass API
AIZ_LOC_001,Aibawk,AIZ_01588,820.66,nearest_centroid_max_2500m,OpenStreetMap Overpass API
AIZ_LOC_001,Aibawk,AIZ_01589,353.38,nearest_centroid_max_2500m,OpenStreetMap Overpass API
AIZ_LOC_001,Aibawk,AIZ_01590,283.82,nearest_centroid_max_2500m,OpenStreetMap Overpass API
AIZ_LOC_001,Aibawk,AIZ_01591,735.36,nearest_centroid_max_2500m,OpenStreetMap Overpass API
AIZ_LOC_001,Aibawk,AIZ_01592,1226.88,nearest_centroid_max_2500m,OpenStreetMap Overpass API
AIZ_LOC_001,Aibawk,AIZ_01593,1724.54,nearest_centroid_max_2500m,OpenStreetMap Overpass API
AIZ_LOC_001,Aibawk,AIZ_01594,2224.32,nearest_centroid_max_2500m,OpenStreetMap Overpass API
AIZ_LOC_032,Muallungthu,AIZ_01600,2384.99,nearest_centroid_max_2500m,OpenStreetMap Overpass API
AIZ_LOC_032,Muallungthu,AIZ_01601,2095.63,nearest_centroid_max_2500m,OpenStreetMap Overpass API
AIZ_LOC_032,Muallungthu,AIZ_01602,1897.22,nearest_centroid_max_2500m,OpenStreetMap Overpass API
AIZ_LOC_032,Muallungthu,AIZ_01603,1819.88,nearest_centroid_max_2500m,OpenStreetMap Overpass API
AIZ_LOC_032,Muallungthu,AIZ_01604,1878.43,nearest_centroid_max_2500m,OpenStreetMap Overpass API
AIZ_LOC_032,Muallungthu,AIZ_01605,2061.4,nearest_centroid_max_2500m,OpenStreetMap Overpass API
AIZ_LOC_032,Muallungthu,AIZ_01606,2339.78,nearest_centroid_max_2500m,OpenStreetMap Overpass API
AIZ_LOC_030,Tlangnuam,AIZ_01621,2259.23,nearest_centroid_max_2500m,OpenStreetMap Overpass API
AIZ_LOC_030,Tlangnuam,AIZ_01622,1955.23,nearest_centroid_max_2500m,OpenStreetMap Overpass API
AIZ_LOC_030,Tlangnuam,AIZ_01623,1745.29,nearest_centroid_max_2500m,OpenStreetMap Overpass API
AIZ_LOC_030,Tlangnuam,AIZ_01624,1665.49,nearest_centroid_max_2500m,OpenStreetMap Overpass API
AIZ_LOC_030,Tlangnuam,AIZ_01625,1733.71,nearest_centroid_max_2500m,OpenStreetMap Overpass API
AIZ_LOC_030,Tlangnuam,AIZ_01626,1934.41,nearest_centroid_max_2500m,OpenStreetMap Overpass API
AIZ_LOC_002,Aizawl,AIZ_01627,1914.07,nearest_centroid_max_2500m,OpenStreetMap Overpass API
AIZ_LOC_002,Aizawl,AIZ_01628,1791.74,nearest_centroid_max_2500m,OpenStreetMap Overpass API
AIZ_LOC_002,Aizawl,AIZ_01629,1805.93,nearest_centroid_max_2500m,OpenStreetMap Overpass API
AIZ_LOC_002,Aizawl,AIZ_01630,1953.66,nearest_centroid_max_2500m,OpenStreetMap Overpass API
AIZ_LOC_002,Aizawl,AIZ_01631,2208.37,nearest_centroid_max_2500m,OpenStreetMap Overpass API
AIZ_LOC_001,Aibawk,AIZ_01700,2406.1,nearest_centroid_max_2500m,OpenStreetMap Overpass API
AIZ_LOC_001,Aibawk,AIZ_01701,1930.7,nearest_centroid_max_2500m,OpenStreetMap Overpass API
AIZ_LOC_001,Aibawk,AIZ_01702,1473.06,nearest_centroid_max_2500m,OpenStreetMap Overpass API
AIZ_LOC_001,Aibawk,AIZ_01703,1056.86,nearest_centroid_max_2500m,OpenStreetMap Overpass API
AIZ_LOC_001,Aibawk,AIZ_01704,753.86,nearest_centroid_max_2500m,OpenStreetMap Overpass API
AIZ_LOC_001,Aibawk,AIZ_01705,723.81,nearest_centroid_max_2500m,OpenStreetMap Overpass API
AIZ_LOC_001,Aibawk,AIZ_01706,991.98,nearest_centroid_max_2500m,OpenStreetMap Overpass API
AIZ_LOC_001,Aibawk,AIZ_01707,1395.88,nearest_centroid_max_2500m,OpenStreetMap Overpass API
AIZ_LOC_001,Aibawk,AIZ_01708,1848.68,nearest_centroid_max_2500m,OpenStreetMap Overpass API
AIZ_LOC_001,Aibawk,AIZ_01709,2321.82,nearest_centroid_max_2500m,OpenStreetMap Overpass API
AIZ_LOC_032,Muallungthu,AIZ_01714,2433.35,nearest_centroid_max_2500m,OpenStreetMap Overpass API
AIZ_LOC_032,Muallungthu,AIZ_01715,2029.87,nearest_centroid_max_2500m,OpenStreetMap Overpass API
AIZ_LOC_032,Muallungthu,AIZ_01716,1680.45,nearest_centroid_max_2500m,OpenStreetMap Overpass API
AIZ_LOC_032,Muallungthu,AIZ_01717,1425.35,nearest_centroid_max_2500m,OpenStreetMap Overpass API
AIZ_LOC_032,Muallungthu,AIZ_01718,1320.56,nearest_centroid_max_2500m,OpenStreetMap Overpass API
AIZ_LOC_032,Muallungthu,AIZ_01719,1400.18,nearest_centroid_max_2500m,OpenStreetMap Overpass API
AIZ_LOC_032,Muallungthu,AIZ_01720,1637.58,nearest_centroid_max_2500m,OpenStreetMap Overpass API
AIZ_LOC_032,Muallungthu,AIZ_01721,1976.68,nearest_centroid_max_2500m,OpenStreetMap Overpass API
AIZ_LOC_032,Muallungthu,AIZ_01722,2374.22,nearest_centroid_max_2500m,OpenStreetMap Overpass API
AIZ_LOC_030,Tlangnuam,AIZ_01735,2340.01,nearest_centroid_max_2500m,OpenStreetMap Overpass API
AIZ_LOC_030,Tlangnuam,AIZ_01736,1920.98,nearest_centroid_max_2500m,OpenStreetMap Overpass API
AIZ_LOC_030,Tlangnuam,AIZ_01737,1552.1,nearest_centroid_max_2500m,OpenStreetMap Overpass API
AIZ_LOC_030,Tlangnuam,AIZ_01738,1277.62,nearest_centroid_max_2500m,OpenStreetMap Overpass API
AIZ_LOC_030,Tlangnuam,AIZ_01739,1166.15,nearest_centroid_max_2500m,OpenStreetMap Overpass API
AIZ_LOC_030,Tlangnuam,AIZ_01740,1261.68,nearest_centroid_max_2500m,OpenStreetMap Overpass API
AIZ_LOC_030,Tlangnuam,AIZ_01741,1525.81,nearest_centroid_max_2500m,OpenStreetMap Overpass API
AIZ_LOC_002,Aizawl,AIZ_01742,1460.98,nearest_centroid_max_2500m,OpenStreetMap Overpass API
AIZ_LOC_002,Aizawl,AIZ_01743,1296.64,nearest_centroid_max_2500m,OpenStreetMap Overpass API
AIZ_LOC_002,Aizawl,AIZ_01744,1316.21,nearest_centroid_max_2500m,OpenStreetMap Overpass API
AIZ_LOC_002,Aizawl,AIZ_01745,1512.65,nearest_centroid_max_2500m,OpenStreetMap Overpass API
AIZ_LOC_002,Aizawl,AIZ_01746,1829.81,nearest_centroid_max_2500m,OpenStreetMap Overpass API
AIZ_LOC_002,Aizawl,AIZ_01747,2216.39,nearest_centroid_max_2500m,OpenStreetMap Overpass API
AIZ_LOC_021,Durtlang,AIZ_01754,2364.9,nearest_centroid_max_2500m,OpenStreetMap Overpass API
AIZ_LOC_021,Durtlang,AIZ_01755,2275.65,nearest_centroid_max_2500m,OpenStreetMap Overpass API
AIZ_LOC_021,Durtlang,AIZ_01756,2295.41,nearest_centroid_max_2500m,OpenStreetMap Overpass API
AIZ_LOC_021,Durtlang,AIZ_01757,2421.57,nearest_centroid_max_2500m,OpenStreetMap Overpass API
AIZ_LOC_001,Aibawk,AIZ_01814,2160.94,nearest_centroid_max_2500m,OpenStreetMap Overpass API
AIZ_LOC_001,Aibawk,AIZ_01815,1764.07,nearest_centroid_max_2500m,OpenStreetMap Overpass API
AIZ_LOC_001,Aibawk,AIZ_01816,1434.89,nearest_centroid_max_2500m,OpenStreetMap Overpass API
AIZ_LOC_001,Aibawk,AIZ_01817,1228.92,nearest_centroid_max_2500m,OpenStreetMap Overpass API
AIZ_LOC_001,Aibawk,AIZ_01818,1210.85,nearest_centroid_max_2500m,OpenStreetMap Overpass API
AIZ_LOC_001,Aibawk,AIZ_01819,1387.89,nearest_centroid_max_2500m,OpenStreetMap Overpass API
AIZ_LOC_001,Aibawk,AIZ_01820,1700.19,nearest_centroid_max_2500m,OpenStreetMap Overpass API
AIZ_LOC_001,Aibawk,AIZ_01821,2088.0,nearest_centroid_max_2500m,OpenStreetMap Overpass API
AIZ_LOC_032,Muallungthu,AIZ_01827,2202.75,nearest_centroid_max_2500m,OpenStreetMap Overpass API
AIZ_LOC_032,Muallungthu,AIZ_01828,1746.8,nearest_centroid_max_2500m,OpenStreetMap Overpass API
AIZ_LOC_032,Muallungthu,AIZ_01829,1324.71,nearest_centroid_max_2500m,OpenStreetMap Overpass API
AIZ_LOC_032,Muallungthu,AIZ_01830,981.12,nearest_centroid_max_2500m,OpenStreetMap Overpass API
AIZ_LOC_032,Muallungthu,AIZ_01831,821.52,nearest_centroid_max_2500m,OpenStreetMap Overpass API
AIZ_LOC_032,Muallungthu,AIZ_01832,944.2,nearest_centroid_max_2500m,OpenStreetMap Overpass API
AIZ_LOC_032,Muallungthu,AIZ_01833,1269.91,nearest_centroid_max_2500m,OpenStreetMap Overpass API
AIZ_LOC_032,Muallungthu,AIZ_01834,1684.65,nearest_centroid_max_2500m,OpenStreetMap Overpass API
AIZ_LOC_032,Muallungthu,AIZ_01835,2137.23,nearest_centroid_max_2500m,OpenStreetMap Overpass API
AIZ_LOC_030,Tlangnuam,AIZ_01848,2135.57,nearest_centroid_max_2500m,OpenStreetMap Overpass API
AIZ_LOC_030,Tlangnuam,AIZ_01849,1665.89,nearest_centroid_max_2500m,OpenStreetMap Overpass API
AIZ_LOC_030,Tlangnuam,AIZ_01850,1222.22,nearest_centroid_max_2500m,OpenStreetMap Overpass API
AIZ_LOC_030,Tlangnuam,AIZ_01851,846.84,nearest_centroid_max_2500m,OpenStreetMap Overpass API
AIZ_LOC_030,Tlangnuam,AIZ_01852,666.9,nearest_centroid_max_2500m,OpenStreetMap Overpass API
AIZ_LOC_030,Tlangnuam,AIZ_01853,822.62,nearest_centroid_max_2500m,OpenStreetMap Overpass API
AIZ_LOC_030,Tlangnuam,AIZ_01854,1188.78,nearest_centroid_max_2500m,OpenStreetMap Overpass API
AIZ_LOC_002,Aizawl,AIZ_01855,1050.91,nearest_centroid_max_2500m,OpenStreetMap Overpass API
AIZ_LOC_002,Aizawl,AIZ_01856,807.0,nearest_centroid_max_2500m,OpenStreetMap Overpass API
AIZ_LOC_002,Aizawl,AIZ_01857,838.1,nearest_centroid_max_2500m,OpenStreetMap Overpass API
AIZ_LOC_002,Aizawl,AIZ_01858,1121.63,nearest_centroid_max_2500m,OpenStreetMap Overpass API
AIZ_LOC_002,Aizawl,AIZ_01859,1522.49,nearest_centroid_max_2500m,OpenStreetMap Overpass API
AIZ_LOC_002,Aizawl,AIZ_01860,1970.33,nearest_centroid_max_2500m,OpenStreetMap Overpass API
AIZ_LOC_002,Aizawl,AIZ_01861,2439.42,nearest_centroid_max_2500m,OpenStreetMap Overpass API
AIZ_LOC_021,Durtlang,AIZ_01865,2432.34,nearest_centroid_max_2500m,OpenStreetMap Overpass API
AIZ_LOC_021,Durtlang,AIZ_01866,2119.8,nearest_centroid_max_2500m,OpenStreetMap Overpass API
AIZ_LOC_021,Durtlang,AIZ_01867,1890.78,nearest_centroid_max_2500m,OpenStreetMap Overpass API
AIZ_LOC_021,Durtlang,AIZ_01868,1777.95,nearest_centroid_max_2500m,OpenStreetMap Overpass API
AIZ_LOC_021,Durtlang,AIZ_01869,1803.18,nearest_centroid_max_2500m,OpenStreetMap Overpass API
AIZ_LOC_021,Durtlang,AIZ_01870,1961.17,nearest_centroid_max_2500m,OpenStreetMap Overpass API
AIZ_LOC_021,Durtlang,AIZ_01871,2223.78,nearest_centroid_max_2500m,OpenStreetMap Overpass API
AIZ_LOC_001,Aibawk,AIZ_01926,2471.97,nearest_centroid_max_2500m,OpenStreetMap Overpass API
AIZ_LOC_001,Aibawk,AIZ_01927,2133.74,nearest_centroid_max_2500m,OpenStreetMap Overpass API
AIZ_LOC_001,Aibawk,AIZ_01928,1870.77,nearest_centroid_max_2500m,OpenStreetMap Overpass API
AIZ_LOC_001,Aibawk,AIZ_01929,1717.86,nearest_centroid_max_2500m,OpenStreetMap Overpass API
AIZ_LOC_001,Aibawk,AIZ_01930,1705.0,nearest_centroid_max_2500m,OpenStreetMap Overpass API
AIZ_LOC_001,Aibawk,AIZ_01931,1834.95,nearest_centroid_max_2500m,OpenStreetMap Overpass API
AIZ_LOC_001,Aibawk,AIZ_01932,2081.19,nearest_centroid_max_2500m,OpenStreetMap Overpass API
AIZ_LOC_001,Aibawk,AIZ_01933,2408.48,nearest_centroid_max_2500m,OpenStreetMap Overpass API
AIZ_LOC_032,Muallungthu,AIZ_01939,2069.25,nearest_centroid_max_2500m,OpenStreetMap Overpass API
AIZ_LOC_032,Muallungthu,AIZ_01940,1575.13,nearest_centroid_max_2500m,OpenStreetMap Overpass API
AIZ_LOC_032,Muallungthu,AIZ_01941,1088.35,nearest_centroid_max_2500m,OpenStreetMap Overpass API
AIZ_LOC_032,Muallungthu,AIZ_01942,626.3,nearest_centroid_max_2500m,OpenStreetMap Overpass API
AIZ_LOC_032,Muallungthu,AIZ_01943,323.36,nearest_centroid_max_2500m,OpenStreetMap Overpass API
AIZ_LOC_032,Muallungthu,AIZ_01944,566.74,nearest_centroid_max_2500m,OpenStreetMap Overpass API
AIZ_LOC_032,Muallungthu,AIZ_01945,1020.93,nearest_centroid_max_2500m,OpenStreetMap Overpass API
AIZ_LOC_032,Muallungthu,AIZ_01946,1505.88,nearest_centroid_max_2500m,OpenStreetMap Overpass API
AIZ_LOC_032,Muallungthu,AIZ_01947,1999.35,nearest_centroid_max_2500m,OpenStreetMap Overpass API
AIZ_LOC_032,Muallungthu,AIZ_01948,2496.39,nearest_centroid_max_2500m,OpenStreetMap Overpass API
AIZ_LOC_030,Tlangnuam,AIZ_01960,2035.75,nearest_centroid_max_2500m,OpenStreetMap Overpass API
AIZ_LOC_030,Tlangnuam,AIZ_01961,1535.85,nearest_centroid_max_2500m,OpenStreetMap Overpass API
AIZ_LOC_030,Tlangnuam,AIZ_01962,1038.01,nearest_centroid_max_2500m,OpenStreetMap Overpass API
AIZ_LOC_030,Tlangnuam,AIZ_01963,548.39,nearest_centroid_max_2500m,OpenStreetMap Overpass API
AIZ_LOC_030,Tlangnuam,AIZ_01964,168.42,nearest_centroid_max_2500m,OpenStreetMap Overpass API
AIZ_LOC_030,Tlangnuam,AIZ_01965,510.21,nearest_centroid_max_2500m,OpenStreetMap Overpass API
AIZ_LOC_030,Tlangnuam,AIZ_01966,998.41,nearest_centroid_max_2500m,OpenStreetMap Overpass API
AIZ_LOC_002,Aizawl,AIZ_01967,756.98,nearest_centroid_max_2500m,OpenStreetMap Overpass API
AIZ_LOC_002,Aizawl,AIZ_01968,346.11,nearest_centroid_max_2500m,OpenStreetMap Overpass API
AIZ_LOC_002,Aizawl,AIZ_01969,413.47,nearest_centroid_max_2500m,OpenStreetMap Overpass API
AIZ_LOC_002,Aizawl,AIZ_01970,852.42,nearest_centroid_max_2500m,OpenStreetMap Overpass API
AIZ_LOC_002,Aizawl,AIZ_01971,1336.61,nearest_centroid_max_2500m,OpenStreetMap Overpass API
AIZ_LOC_002,Aizawl,AIZ_01972,1830.51,nearest_centroid_max_2500m,OpenStreetMap Overpass API
AIZ_LOC_002,Aizawl,AIZ_01973,2327.94,nearest_centroid_max_2500m,OpenStreetMap Overpass API
AIZ_LOC_021,Durtlang,AIZ_01977,2096.97,nearest_centroid_max_2500m,OpenStreetMap Overpass API
AIZ_LOC_021,Durtlang,AIZ_01978,1724.63,nearest_centroid_max_2500m,OpenStreetMap Overpass API
AIZ_LOC_021,Durtlang,AIZ_01979,1433.83,nearest_centroid_max_2500m,OpenStreetMap Overpass API
AIZ_LOC_021,Durtlang,AIZ_01980,1281.39,nearest_centroid_max_2500m,OpenStreetMap Overpass API
AIZ_LOC_021,Durtlang,AIZ_01981,1316.2,nearest_centroid_max_2500m,OpenStreetMap Overpass API
AIZ_LOC_021,Durtlang,AIZ_01982,1525.49,nearest_centroid_max_2500m,OpenStreetMap Overpass API
AIZ_LOC_021,Durtlang,AIZ_01983,1851.08,nearest_centroid_max_2500m,OpenStreetMap Overpass API
AIZ_LOC_021,Durtlang,AIZ_01984,2242.76,nearest_centroid_max_2500m,OpenStreetMap Overpass API
AIZ_LOC_001,Aibawk,AIZ_02041,2332.26,nearest_centroid_max_2500m,OpenStreetMap Overpass API
AIZ_LOC_001,Aibawk,AIZ_02042,2211.47,nearest_centroid_max_2500m,OpenStreetMap Overpass API
AIZ_LOC_001,Aibawk,AIZ_02043,2201.5,nearest_centroid_max_2500m,OpenStreetMap Overpass API
AIZ_LOC_001,Aibawk,AIZ_02044,2303.59,nearest_centroid_max_2500m,OpenStreetMap Overpass API
AIZ_LOC_032,Muallungthu,AIZ_02052,2051.85,nearest_centroid_max_2500m,OpenStreetMap Overpass API
AIZ_LOC_032,Muallungthu,AIZ_02053,1552.19,nearest_centroid_max_2500m,OpenStreetMap Overpass API
AIZ_LOC_032,Muallungthu,AIZ_02054,1054.93,nearest_centroid_max_2500m,OpenStreetMap Overpass API
AIZ_LOC_032,Muallungthu,AIZ_02055,566.23,nearest_centroid_max_2500m,OpenStreetMap Overpass API
AIZ_LOC_032,Muallungthu,AIZ_02056,181.41,nearest_centroid_max_2500m,OpenStreetMap Overpass API
AIZ_LOC_032,Muallungthu,AIZ_02057,499.56,nearest_centroid_max_2500m,OpenStreetMap Overpass API
AIZ_LOC_032,Muallungthu,AIZ_02058,985.25,nearest_centroid_max_2500m,OpenStreetMap Overpass API
AIZ_LOC_032,Muallungthu,AIZ_02059,1481.94,nearest_centroid_max_2500m,OpenStreetMap Overpass API
AIZ_LOC_032,Muallungthu,AIZ_02060,1981.37,nearest_centroid_max_2500m,OpenStreetMap Overpass API
AIZ_LOC_032,Muallungthu,AIZ_02061,2482.02,nearest_centroid_max_2500m,OpenStreetMap Overpass API
AIZ_LOC_030,Tlangnuam,AIZ_02073,2055.86,nearest_centroid_max_2500m,OpenStreetMap Overpass API
AIZ_LOC_030,Tlangnuam,AIZ_02074,1562.41,nearest_centroid_max_2500m,OpenStreetMap Overpass API
AIZ_LOC_030,Tlangnuam,AIZ_02075,1076.93,nearest_centroid_max_2500m,OpenStreetMap Overpass API
AIZ_LOC_030,Tlangnuam,AIZ_02076,618.92,nearest_centroid_max_2500m,OpenStreetMap Overpass API
AIZ_LOC_030,Tlangnuam,AIZ_02077,332.78,nearest_centroid_max_2500m,OpenStreetMap Overpass API
AIZ_LOC_030,Tlangnuam,AIZ_02078,585.39,nearest_centroid_max_2500m,OpenStreetMap Overpass API
AIZ_LOC_030,Tlangnuam,AIZ_02079,1038.83,nearest_centroid_max_2500m,OpenStreetMap Overpass API
AIZ_LOC_002,Aizawl,AIZ_02080,735.04,nearest_centroid_max_2500m,OpenStreetMap Overpass API
AIZ_LOC_002,Aizawl,AIZ_02081,295.16,nearest_centroid_max_2500m,OpenStreetMap Overpass API
AIZ_LOC_002,Aizawl,AIZ_02082,371.9,nearest_centroid_max_2500m,OpenStreetMap Overpass API
AIZ_LOC_002,Aizawl,AIZ_02083,833.05,nearest_centroid_max_2500m,OpenStreetMap Overpass API
AIZ_LOC_002,Aizawl,AIZ_02084,1324.34,nearest_centroid_max_2500m,OpenStreetMap Overpass API
AIZ_LOC_002,Aizawl,AIZ_02085,1821.58,nearest_centroid_max_2500m,OpenStreetMap Overpass API
AIZ_LOC_002,Aizawl,AIZ_02086,2320.93,nearest_centroid_max_2500m,OpenStreetMap Overpass API
AIZ_LOC_021,Durtlang,AIZ_02089,2303.02,nearest_centroid_max_2500m,OpenStreetMap Overpass API
AIZ_LOC_021,Durtlang,AIZ_02090,1837.64,nearest_centroid_max_2500m,OpenStreetMap Overpass API
AIZ_LOC_021,Durtlang,AIZ_02091,1397.9,nearest_centroid_max_2500m,OpenStreetMap Overpass API
AIZ_LOC_021,Durtlang,AIZ_02092,1017.68,nearest_centroid_max_2500m,OpenStreetMap Overpass API
AIZ_LOC_021,Durtlang,AIZ_02093,788.54,nearest_centroid_max_2500m,OpenStreetMap Overpass API
AIZ_LOC_021,Durtlang,AIZ_02094,843.85,nearest_centroid_max_2500m,OpenStreetMap Overpass API
AIZ_LOC_021,Durtlang,AIZ_02095,1143.17,nearest_centroid_max_2500m,OpenStreetMap Overpass API
AIZ_LOC_021,Durtlang,AIZ_02096,1551.2,nearest_centroid_max_2500m,OpenStreetMap Overpass API
AIZ_LOC_021,Durtlang,AIZ_02097,2002.4,nearest_centroid_max_2500m,OpenStreetMap Overpass API
AIZ_LOC_021,Durtlang,AIZ_02098,2473.35,nearest_centroid_max_2500m,OpenStreetMap Overpass API
AIZ_LOC_032,Muallungthu,AIZ_02166,2153.47,nearest_centroid_max_2500m,OpenStreetMap Overpass API
AIZ_LOC_032,Muallungthu,AIZ_02167,1684.13,nearest_centroid_max_2500m,OpenStreetMap Overpass API
AIZ_LOC_032,Muallungthu,AIZ_02168,1240.95,nearest_centroid_max_2500m,OpenStreetMap Overpass API
AIZ_LOC_032,Muallungthu,AIZ_02169,864.74,nearest_centroid_max_2500m,OpenStreetMap Overpass API
AIZ_LOC_032,Muallungthu,AIZ_02170,678.28,nearest_centroid_max_2500m,OpenStreetMap Overpass API
AIZ_LOC_032,Muallungthu,AIZ_02171,822.6,nearest_centroid_max_2500m,OpenStreetMap Overpass API
AIZ_LOC_032,Muallungthu,AIZ_02172,1182.25,nearest_centroid_max_2500m,OpenStreetMap Overpass API
AIZ_LOC_032,Muallungthu,AIZ_02173,1619.66,nearest_centroid_max_2500m,OpenStreetMap Overpass API
AIZ_LOC_032,Muallungthu,AIZ_02174,2086.41,nearest_centroid_max_2500m,OpenStreetMap Overpass API
AIZ_LOC_030,Tlangnuam,AIZ_02187,2192.59,nearest_centroid_max_2500m,OpenStreetMap Overpass API
AIZ_LOC_030,Tlangnuam,AIZ_02188,1738.42,nearest_centroid_max_2500m,OpenStreetMap Overpass API
AIZ_LOC_030,Tlangnuam,AIZ_02189,1319.44,nearest_centroid_max_2500m,OpenStreetMap Overpass API
AIZ_LOC_030,Tlangnuam,AIZ_02190,981.9,nearest_centroid_max_2500m,OpenStreetMap Overpass API
AIZ_LOC_030,Tlangnuam,AIZ_02191,831.8,nearest_centroid_max_2500m,OpenStreetMap Overpass API
AIZ_LOC_030,Tlangnuam,AIZ_02192,961.14,nearest_centroid_max_2500m,OpenStreetMap Overpass API
AIZ_LOC_030,Tlangnuam,AIZ_02193,1288.48,nearest_centroid_max_2500m,OpenStreetMap Overpass API
AIZ_LOC_002,Aizawl,AIZ_02194,1003.13,nearest_centroid_max_2500m,OpenStreetMap Overpass API
AIZ_LOC_002,Aizawl,AIZ_02195,743.78,nearest_centroid_max_2500m,OpenStreetMap Overpass API
AIZ_LOC_002,Aizawl,AIZ_02196,777.39,nearest_centroid_max_2500m,OpenStreetMap Overpass API
AIZ_LOC_002,Aizawl,AIZ_02197,1077.0,nearest_centroid_max_2500m,OpenStreetMap Overpass API
AIZ_LOC_002,Aizawl,AIZ_02198,1489.96,nearest_centroid_max_2500m,OpenStreetMap Overpass API
AIZ_LOC_002,Aizawl,AIZ_02199,1945.34,nearest_centroid_max_2500m,OpenStreetMap Overpass API
AIZ_LOC_002,Aizawl,AIZ_02200,2419.27,nearest_centroid_max_2500m,OpenStreetMap Overpass API
AIZ_LOC_021,Durtlang,AIZ_02203,2186.83,nearest_centroid_max_2500m,OpenStreetMap Overpass API
AIZ_LOC_021,Durtlang,AIZ_02204,1689.75,nearest_centroid_max_2500m,OpenStreetMap Overpass API
AIZ_LOC_021,Durtlang,AIZ_02205,1196.9,nearest_centroid_max_2500m,OpenStreetMap Overpass API
AIZ_LOC_021,Durtlang,AIZ_02206,717.02,nearest_centroid_max_2500m,OpenStreetMap Overpass API
AIZ_LOC_021,Durtlang,AIZ_02207,316.53,nearest_centroid_max_2500m,OpenStreetMap Overpass API
AIZ_LOC_021,Durtlang,AIZ_02208,436.63,nearest_centroid_max_2500m,OpenStreetMap Overpass API
AIZ_LOC_021,Durtlang,AIZ_02209,886.21,nearest_centroid_max_2500m,OpenStreetMap Overpass API
AIZ_LOC_021,Durtlang,AIZ_02210,1372.76,nearest_centroid_max_2500m,OpenStreetMap Overpass API
AIZ_LOC_021,Durtlang,AIZ_02211,1867.68,nearest_centroid_max_2500m,OpenStreetMap Overpass API
AIZ_LOC_021,Durtlang,AIZ_02212,2365.61,nearest_centroid_max_2500m,OpenStreetMap Overpass API
AIZ_LOC_032,Muallungthu,AIZ_02280,2358.62,nearest_centroid_max_2500m,OpenStreetMap Overpass API
AIZ_LOC_032,Muallungthu,AIZ_02281,1939.68,nearest_centroid_max_2500m,OpenStreetMap Overpass API
AIZ_LOC_032,Muallungthu,AIZ_02282,1570.19,nearest_centroid_max_2500m,OpenStreetMap Overpass API
AIZ_LOC_032,Muallungthu,AIZ_02283,1293.65,nearest_centroid_max_2500m,OpenStreetMap Overpass API
AIZ_LOC_032,Muallungthu,AIZ_02284,1177.23,nearest_centroid_max_2500m,OpenStreetMap Overpass API
AIZ_LOC_032,Muallungthu,AIZ_02285,1265.96,nearest_centroid_max_2500m,OpenStreetMap Overpass API
AIZ_LOC_032,Muallungthu,AIZ_02286,1524.39,nearest_centroid_max_2500m,OpenStreetMap Overpass API
AIZ_LOC_032,Muallungthu,AIZ_02287,1883.87,nearest_centroid_max_2500m,OpenStreetMap Overpass API
AIZ_LOC_032,Muallungthu,AIZ_02288,2297.64,nearest_centroid_max_2500m,OpenStreetMap Overpass API
AIZ_LOC_030,Tlangnuam,AIZ_02301,2426.4,nearest_centroid_max_2500m,OpenStreetMap Overpass API
AIZ_LOC_030,Tlangnuam,AIZ_02302,2025.26,nearest_centroid_max_2500m,OpenStreetMap Overpass API
AIZ_LOC_030,Tlangnuam,AIZ_02303,1679.5,nearest_centroid_max_2500m,OpenStreetMap Overpass API
AIZ_LOC_030,Tlangnuam,AIZ_02304,1429.72,nearest_centroid_max_2500m,OpenStreetMap Overpass API
AIZ_LOC_030,Tlangnuam,AIZ_02305,1330.99,nearest_centroid_max_2500m,OpenStreetMap Overpass API
AIZ_LOC_030,Tlangnuam,AIZ_02306,1415.5,nearest_centroid_max_2500m,OpenStreetMap Overpass API
AIZ_LOC_030,Tlangnuam,AIZ_02307,1655.33,nearest_centroid_max_2500m,OpenStreetMap Overpass API
AIZ_LOC_002,Aizawl,AIZ_02308,1403.93,nearest_centroid_max_2500m,OpenStreetMap Overpass API
AIZ_LOC_002,Aizawl,AIZ_02309,1232.02,nearest_centroid_max_2500m,OpenStreetMap Overpass API
AIZ_LOC_002,Aizawl,AIZ_02310,1252.68,nearest_centroid_max_2500m,OpenStreetMap Overpass API
AIZ_LOC_002,Aizawl,AIZ_02311,1457.69,nearest_centroid_max_2500m,OpenStreetMap Overpass API
AIZ_LOC_002,Aizawl,AIZ_02312,1784.54,nearest_centroid_max_2500m,OpenStreetMap Overpass API
AIZ_LOC_002,Aizawl,AIZ_02313,2179.28,nearest_centroid_max_2500m,OpenStreetMap Overpass API
AIZ_LOC_021,Durtlang,AIZ_02317,2181.57,nearest_centroid_max_2500m,OpenStreetMap Overpass API
AIZ_LOC_021,Durtlang,AIZ_02318,1682.93,nearest_centroid_max_2500m,OpenStreetMap Overpass API
AIZ_LOC_021,Durtlang,AIZ_02319,1187.29,nearest_centroid_max_2500m,OpenStreetMap Overpass API
AIZ_LOC_021,Durtlang,AIZ_02320,700.99,nearest_centroid_max_2500m,OpenStreetMap Overpass API
AIZ_LOC_021,Durtlang,AIZ_02321,278.2,nearest_centroid_max_2500m,OpenStreetMap Overpass API
AIZ_LOC_021,Durtlang,AIZ_02322,409.69,nearest_centroid_max_2500m,OpenStreetMap Overpass API
AIZ_LOC_021,Durtlang,AIZ_02323,873.3,nearest_centroid_max_2500m,OpenStreetMap Overpass API
AIZ_LOC_021,Durtlang,AIZ_02324,1364.46,nearest_centroid_max_2500m,OpenStreetMap Overpass API
AIZ_LOC_021,Durtlang,AIZ_02325,1861.51,nearest_centroid_max_2500m,OpenStreetMap Overpass API
AIZ_LOC_021,Durtlang,AIZ_02326,2360.72,nearest_centroid_max_2500m,OpenStreetMap Overpass API
AIZ_LOC_032,Muallungthu,AIZ_02395,2277.46,nearest_centroid_max_2500m,OpenStreetMap Overpass API
AIZ_LOC_032,Muallungthu,AIZ_02396,1972.34,nearest_centroid_max_2500m,OpenStreetMap Overpass API
AIZ_LOC_032,Muallungthu,AIZ_02397,1760.14,nearest_centroid_max_2500m,OpenStreetMap Overpass API
AIZ_LOC_032,Muallungthu,AIZ_02398,1676.41,nearest_centroid_max_2500m,OpenStreetMap Overpass API
AIZ_LOC_032,Muallungthu,AIZ_02399,1739.85,nearest_centroid_max_2500m,OpenStreetMap Overpass API
AIZ_LOC_032,Muallungthu,AIZ_02400,1936.0,nearest_centroid_max_2500m,OpenStreetMap Overpass API
AIZ_LOC_032,Muallungthu,AIZ_02401,2230.2,nearest_centroid_max_2500m,OpenStreetMap Overpass API
AIZ_LOC_030,Tlangnuam,AIZ_02416,2383.4,nearest_centroid_max_2500m,OpenStreetMap Overpass API
AIZ_LOC_030,Tlangnuam,AIZ_02417,2097.43,nearest_centroid_max_2500m,OpenStreetMap Overpass API
AIZ_LOC_030,Tlangnuam,AIZ_02418,1903.25,nearest_centroid_max_2500m,OpenStreetMap Overpass API
AIZ_LOC_030,Tlangnuam,AIZ_02419,1830.33,nearest_centroid_max_2500m,OpenStreetMap Overpass API
AIZ_LOC_030,Tlangnuam,AIZ_02420,1892.66,nearest_centroid_max_2500m,OpenStreetMap Overpass API
AIZ_LOC_030,Tlangnuam,AIZ_02421,2078.16,nearest_centroid_max_2500m,OpenStreetMap Overpass API
AIZ_LOC_002,Aizawl,AIZ_02422,1853.28,nearest_centroid_max_2500m,OpenStreetMap Overpass API
AIZ_LOC_002,Aizawl,AIZ_02423,1726.72,nearest_centroid_max_2500m,OpenStreetMap Overpass API
AIZ_LOC_002,Aizawl,AIZ_02424,1741.5,nearest_centroid_max_2500m,OpenStreetMap Overpass API
AIZ_LOC_002,Aizawl,AIZ_02425,1894.26,nearest_centroid_max_2500m,OpenStreetMap Overpass API
AIZ_LOC_002,Aizawl,AIZ_02426,2155.98,nearest_centroid_max_2500m,OpenStreetMap Overpass API
AIZ_LOC_002,Aizawl,AIZ_02427,2492.5,nearest_centroid_max_2500m,OpenStreetMap Overpass API
AIZ_LOC_021,Durtlang,AIZ_02431,2288.07,nearest_centroid_max_2500m,OpenStreetMap Overpass API
AIZ_LOC_021,Durtlang,AIZ_02432,1818.87,nearest_centroid_max_2500m,OpenStreetMap Overpass API
AIZ_LOC_021,Durtlang,AIZ_02433,1373.19,nearest_centroid_max_2500m,OpenStreetMap Overpass API
AIZ_LOC_021,Durtlang,AIZ_02434,983.47,nearest_centroid_max_2500m,OpenStreetMap Overpass API
AIZ_LOC_021,Durtlang,AIZ_02435,743.86,nearest_centroid_max_2500m,OpenStreetMap Overpass API
AIZ_LOC_021,Durtlang,AIZ_02436,802.36,nearest_centroid_max_2500m,OpenStreetMap Overpass API
AIZ_LOC_021,Durtlang,AIZ_02437,1112.9,nearest_centroid_max_2500m,OpenStreetMap Overpass API
AIZ_LOC_021,Durtlang,AIZ_02438,1528.99,nearest_centroid_max_2500m,OpenStreetMap Overpass API
AIZ_LOC_021,Durtlang,AIZ_02439,1985.28,nearest_centroid_max_2500m,OpenStreetMap Overpass API
AIZ_LOC_021,Durtlang,AIZ_02440,2459.51,nearest_centroid_max_2500m,OpenStreetMap Overpass API
AIZ_LOC_032,Muallungthu,AIZ_02510,2411.11,nearest_centroid_max_2500m,OpenStreetMap Overpass API
AIZ_LOC_032,Muallungthu,AIZ_02511,2240.81,nearest_centroid_max_2500m,OpenStreetMap Overpass API
AIZ_LOC_032,Muallungthu,AIZ_02512,2175.77,nearest_centroid_max_2500m,OpenStreetMap Overpass API
AIZ_LOC_032,Muallungthu,AIZ_02513,2224.99,nearest_centroid_max_2500m,OpenStreetMap Overpass API
AIZ_LOC_032,Muallungthu,AIZ_02514,2381.54,nearest_centroid_max_2500m,OpenStreetMap Overpass API
AIZ_LOC_030,Tlangnuam,AIZ_02532,2387.43,nearest_centroid_max_2500m,OpenStreetMap Overpass API
AIZ_LOC_030,Tlangnuam,AIZ_02533,2329.69,nearest_centroid_max_2500m,OpenStreetMap Overpass API
AIZ_LOC_030,Tlangnuam,AIZ_02534,2378.97,nearest_centroid_max_2500m,OpenStreetMap Overpass API
AIZ_LOC_002,Aizawl,AIZ_02536,2323.1,nearest_centroid_max_2500m,OpenStreetMap Overpass API
AIZ_LOC_002,Aizawl,AIZ_02537,2223.43,nearest_centroid_max_2500m,OpenStreetMap Overpass API
AIZ_LOC_002,Aizawl,AIZ_02538,2234.92,nearest_centroid_max_2500m,OpenStreetMap Overpass API
AIZ_LOC_002,Aizawl,AIZ_02539,2355.94,nearest_centroid_max_2500m,OpenStreetMap Overpass API
AIZ_LOC_021,Durtlang,AIZ_02545,2491.99,nearest_centroid_max_2500m,OpenStreetMap Overpass API
AIZ_LOC_021,Durtlang,AIZ_02546,2069.45,nearest_centroid_max_2500m,OpenStreetMap Overpass API
AIZ_LOC_021,Durtlang,AIZ_02547,1691.17,nearest_centroid_max_2500m,OpenStreetMap Overpass API
AIZ_LOC_021,Durtlang,AIZ_02548,1393.48,nearest_centroid_max_2500m,OpenStreetMap Overpass API
AIZ_LOC_021,Durtlang,AIZ_02549,1236.07,nearest_centroid_max_2500m,OpenStreetMap Overpass API
AIZ_LOC_021,Durtlang,AIZ_02550,1272.14,nearest_centroid_max_2500m,OpenStreetMap Overpass API
AIZ_LOC_021,Durtlang,AIZ_02551,1487.67,nearest_centroid_max_2500m,OpenStreetMap Overpass API
AIZ_LOC_021,Durtlang,AIZ_02552,1819.98,nearest_centroid_max_2500m,OpenStreetMap Overpass API
AIZ_LOC_021,Durtlang,AIZ_02553,2217.16,nearest_centroid_max_2500m,OpenStreetMap Overpass API
AIZ_LOC_021,Durtlang,AIZ_02660,2399.17,nearest_centroid_max_2500m,OpenStreetMap Overpass API
AIZ_LOC_021,Durtlang,AIZ_02661,2081.75,nearest_centroid_max_2500m,OpenStreetMap Overpass API
AIZ_LOC_021,Durtlang,AIZ_02662,1848.07,nearest_centroid_max_2500m,OpenStreetMap Overpass API
AIZ_LOC_021,Durtlang,AIZ_02663,1732.45,nearest_centroid_max_2500m,OpenStreetMap Overpass API
AIZ_LOC_021,Durtlang,AIZ_02664,1758.34,nearest_centroid_max_2500m,OpenStreetMap Overpass API
AIZ_LOC_021,Durtlang,AIZ_02665,1920.03,nearest_centroid_max_2500m,OpenStreetMap Overpass API
AIZ_LOC_021,Durtlang,AIZ_02666,2187.6,nearest_centroid_max_2500m,OpenStreetMap Overpass API
AIZ_LOC_021,Durtlang,AIZ_02776,2321.06,nearest_centroid_max_2500m,OpenStreetMap Overpass API
AIZ_LOC_021,Durtlang,AIZ_02777,2230.07,nearest_centroid_max_2500m,OpenStreetMap Overpass API
AIZ_LOC_021,Durtlang,AIZ_02778,2250.33,nearest_centroid_max_2500m,OpenStreetMap Overpass API
AIZ_LOC_021,Durtlang,AIZ_02779,2378.79,nearest_centroid_max_2500m,OpenStreetMap Overpass API
AIZ_LOC_020,Tuirial Airfield Peng,AIZ_03315,2417.37,nearest_centroid_max_2500m,OpenStreetMap Overpass API
AIZ_LOC_020,Tuirial Airfield Peng,AIZ_03316,2327.75,nearest_centroid_max_2500m,OpenStreetMap Overpass API
AIZ_LOC_020,Tuirial Airfield Peng,AIZ_03317,2344.68,nearest_centroid_max_2500m,OpenStreetMap Overpass API
AIZ_LOC_020,Tuirial Airfield Peng,AIZ_03318,2465.86,nearest_centroid_max_2500m,OpenStreetMap Overpass API
AIZ_LOC_033,Tuirial,AIZ_03410,2252.74,nearest_centroid_max_2500m,OpenStreetMap Overpass API
AIZ_LOC_033,Tuirial,AIZ_03411,2073.57,nearest_centroid_max_2500m,OpenStreetMap Overpass API
AIZ_LOC_033,Tuirial,AIZ_03412,2007.11,nearest_centroid_max_2500m,OpenStreetMap Overpass API
AIZ_LOC_033,Tuirial,AIZ_03413,2064.46,nearest_centroid_max_2500m,OpenStreetMap Overpass API
AIZ_LOC_020,Tuirial Airfield Peng,AIZ_03414,1942.81,nearest_centroid_max_2500m,OpenStreetMap Overpass API
AIZ_LOC_020,Tuirial Airfield Peng,AIZ_03415,1830.12,nearest_centroid_max_2500m,OpenStreetMap Overpass API
AIZ_LOC_020,Tuirial Airfield Peng,AIZ_03416,1851.61,nearest_centroid_max_2500m,OpenStreetMap Overpass API
AIZ_LOC_020,Tuirial Airfield Peng,AIZ_03417,2002.88,nearest_centroid_max_2500m,OpenStreetMap Overpass API
AIZ_LOC_020,Tuirial Airfield Peng,AIZ_03418,2258.23,nearest_centroid_max_2500m,OpenStreetMap Overpass API
AIZ_LOC_033,Tuirial,AIZ_03508,2144.63,nearest_centroid_max_2500m,OpenStreetMap Overpass API
AIZ_LOC_033,Tuirial,AIZ_03509,1821.99,nearest_centroid_max_2500m,OpenStreetMap Overpass API
AIZ_LOC_033,Tuirial,AIZ_03510,1595.07,nearest_centroid_max_2500m,OpenStreetMap Overpass API
AIZ_LOC_033,Tuirial,AIZ_03511,1507.81,nearest_centroid_max_2500m,OpenStreetMap Overpass API
AIZ_LOC_033,Tuirial,AIZ_03512,1583.26,nearest_centroid_max_2500m,OpenStreetMap Overpass API
AIZ_LOC_020,Tuirial Airfield Peng,AIZ_03513,1484.73,nearest_centroid_max_2500m,OpenStreetMap Overpass API
AIZ_LOC_020,Tuirial Airfield Peng,AIZ_03514,1333.79,nearest_centroid_max_2500m,OpenStreetMap Overpass API
AIZ_LOC_020,Tuirial Airfield Peng,AIZ_03515,1363.13,nearest_centroid_max_2500m,OpenStreetMap Overpass API
AIZ_LOC_020,Tuirial Airfield Peng,AIZ_03516,1562.48,nearest_centroid_max_2500m,OpenStreetMap Overpass API
AIZ_LOC_020,Tuirial Airfield Peng,AIZ_03517,1878.61,nearest_centroid_max_2500m,OpenStreetMap Overpass API
AIZ_LOC_020,Tuirial Airfield Peng,AIZ_03518,2263.05,nearest_centroid_max_2500m,OpenStreetMap Overpass API
AIZ_LOC_033,Tuirial,AIZ_03605,2264.29,nearest_centroid_max_2500m,OpenStreetMap Overpass API
AIZ_LOC_033,Tuirial,AIZ_03606,1828.43,nearest_centroid_max_2500m,OpenStreetMap Overpass API
AIZ_LOC_033,Tuirial,AIZ_03607,1436.46,nearest_centroid_max_2500m,OpenStreetMap Overpass API
AIZ_LOC_033,Tuirial,AIZ_03608,1134.86,nearest_centroid_max_2500m,OpenStreetMap Overpass API
AIZ_LOC_033,Tuirial,AIZ_03609,1008.43,nearest_centroid_max_2500m,OpenStreetMap Overpass API
AIZ_LOC_033,Tuirial,AIZ_03610,1118.25,nearest_centroid_max_2500m,OpenStreetMap Overpass API
AIZ_LOC_020,Tuirial Airfield Peng,AIZ_03611,1064.37,nearest_centroid_max_2500m,OpenStreetMap Overpass API
AIZ_LOC_020,Tuirial Airfield Peng,AIZ_03612,841.07,nearest_centroid_max_2500m,OpenStreetMap Overpass API
AIZ_LOC_020,Tuirial Airfield Peng,AIZ_03613,886.88,nearest_centroid_max_2500m,OpenStreetMap Overpass API
AIZ_LOC_020,Tuirial Airfield Peng,AIZ_03614,1170.41,nearest_centroid_max_2500m,OpenStreetMap Overpass API
AIZ_LOC_020,Tuirial Airfield Peng,AIZ_03615,1567.64,nearest_centroid_max_2500m,OpenStreetMap Overpass API
AIZ_LOC_020,Tuirial Airfield Peng,AIZ_03616,2012.43,nearest_centroid_max_2500m,OpenStreetMap Overpass API
AIZ_LOC_020,Tuirial Airfield Peng,AIZ_03617,2479.2,nearest_centroid_max_2500m,OpenStreetMap Overpass API
AIZ_LOC_033,Tuirial,AIZ_03702,2090.38,nearest_centroid_max_2500m,OpenStreetMap Overpass API
AIZ_LOC_033,Tuirial,AIZ_03703,1607.88,nearest_centroid_max_2500m,OpenStreetMap Overpass API
AIZ_LOC_033,Tuirial,AIZ_03704,1142.65,nearest_centroid_max_2500m,OpenStreetMap Overpass API
AIZ_LOC_033,Tuirial,AIZ_03705,728.25,nearest_centroid_max_2500m,OpenStreetMap Overpass API
AIZ_LOC_033,Tuirial,AIZ_03706,509.27,nearest_centroid_max_2500m,OpenStreetMap Overpass API
AIZ_LOC_033,Tuirial,AIZ_03707,702.0,nearest_centroid_max_2500m,OpenStreetMap Overpass API
AIZ_LOC_020,Tuirial Airfield Peng,AIZ_03708,748.31,nearest_centroid_max_2500m,OpenStreetMap Overpass API
AIZ_LOC_020,Tuirial Airfield Peng,AIZ_03709,366.89,nearest_centroid_max_2500m,OpenStreetMap Overpass API
AIZ_LOC_020,Tuirial Airfield Peng,AIZ_03710,462.29,nearest_centroid_max_2500m,OpenStreetMap Overpass API
AIZ_LOC_020,Tuirial Airfield Peng,AIZ_03711,892.81,nearest_centroid_max_2500m,OpenStreetMap Overpass API
AIZ_LOC_020,Tuirial Airfield Peng,AIZ_03712,1372.89,nearest_centroid_max_2500m,OpenStreetMap Overpass API
AIZ_LOC_020,Tuirial Airfield Peng,AIZ_03713,1864.64,nearest_centroid_max_2500m,OpenStreetMap Overpass API
AIZ_LOC_020,Tuirial Airfield Peng,AIZ_03714,2360.88,nearest_centroid_max_2500m,OpenStreetMap Overpass API
AIZ_LOC_004,Twakzawl,AIZ_03742,2499.84,nearest_centroid_max_2500m,OpenStreetMap Overpass API
AIZ_LOC_004,Twakzawl,AIZ_03743,2359.87,nearest_centroid_max_2500m,OpenStreetMap Overpass API
AIZ_LOC_033,Tuirial,AIZ_03806,2027.43,nearest_centroid_max_2500m,OpenStreetMap Overpass API
AIZ_LOC_033,Tuirial,AIZ_03807,1525.28,nearest_centroid_max_2500m,OpenStreetMap Overpass API
AIZ_LOC_033,Tuirial,AIZ_03808,1023.14,nearest_centroid_max_2500m,OpenStreetMap Overpass API
AIZ_LOC_033,Tuirial,AIZ_03809,520.91,nearest_centroid_max_2500m,OpenStreetMap Overpass API
AIZ_LOC_033,Tuirial,AIZ_03810,20.99,nearest_centroid_max_2500m,OpenStreetMap Overpass API
AIZ_LOC_033,Tuirial,AIZ_03811,483.58,nearest_centroid_max_2500m,OpenStreetMap Overpass API
AIZ_LOC_034,Tuirial,AIZ_03812,560.14,nearest_centroid_max_2500m,OpenStreetMap Overpass API
AIZ_LOC_034,Tuirial,AIZ_03813,173.2,nearest_centroid_max_2500m,OpenStreetMap Overpass API
AIZ_LOC_020,Tuirial Airfield Peng,AIZ_03814,373.59,nearest_centroid_max_2500m,OpenStreetMap Overpass API
AIZ_LOC_020,Tuirial Airfield Peng,AIZ_03815,850.25,nearest_centroid_max_2500m,OpenStreetMap Overpass API
AIZ_LOC_020,Tuirial Airfield Peng,AIZ_03816,1345.7,nearest_centroid_max_2500m,OpenStreetMap Overpass API
AIZ_LOC_020,Tuirial Airfield Peng,AIZ_03817,1844.73,nearest_centroid_max_2500m,OpenStreetMap Overpass API
AIZ_LOC_020,Tuirial Airfield Peng,AIZ_03818,2345.09,nearest_centroid_max_2500m,OpenStreetMap Overpass API
AIZ_LOC_004,Twakzawl,AIZ_03856,2329.84,nearest_centroid_max_2500m,OpenStreetMap Overpass API
AIZ_LOC_004,Twakzawl,AIZ_03857,2285.26,nearest_centroid_max_2500m,OpenStreetMap Overpass API
AIZ_LOC_004,Twakzawl,AIZ_03858,2409.33,nearest_centroid_max_2500m,OpenStreetMap Overpass API
AIZ_LOC_033,Tuirial,AIZ_03921,2085.76,nearest_centroid_max_2500m,OpenStreetMap Overpass API
AIZ_LOC_033,Tuirial,AIZ_03922,1601.99,nearest_centroid_max_2500m,OpenStreetMap Overpass API
AIZ_LOC_033,Tuirial,AIZ_03923,1134.21,nearest_centroid_max_2500m,OpenStreetMap Overpass API
AIZ_LOC_033,Tuirial,AIZ_03924,714.95,nearest_centroid_max_2500m,OpenStreetMap Overpass API
AIZ_LOC_033,Tuirial,AIZ_03925,490.19,nearest_centroid_max_2500m,OpenStreetMap Overpass API
AIZ_LOC_033,Tuirial,AIZ_03926,688.3,nearest_centroid_max_2500m,OpenStreetMap Overpass API
AIZ_LOC_034,Tuirial,AIZ_03927,626.84,nearest_centroid_max_2500m,OpenStreetMap Overpass API
AIZ_LOC_034,Tuirial,AIZ_03928,330.53,nearest_centroid_max_2500m,OpenStreetMap Overpass API
AIZ_LOC_034,Tuirial,AIZ_03929,574.42,nearest_centroid_max_2500m,OpenStreetMap Overpass API
AIZ_LOC_034,Tuirial,AIZ_03930,1027.2,nearest_centroid_max_2500m,OpenStreetMap Overpass API
AIZ_LOC_020,Tuirial Airfield Peng,AIZ_03931,1495.15,nearest_centroid_max_2500m,OpenStreetMap Overpass API
AIZ_LOC_020,Tuirial Airfield Peng,AIZ_03932,1956.41,nearest_centroid_max_2500m,OpenStreetMap Overpass API
AIZ_LOC_020,Tuirial Airfield Peng,AIZ_03933,2433.91,nearest_centroid_max_2500m,OpenStreetMap Overpass API
AIZ_LOC_033,Tuirial,AIZ_04043,2255.86,nearest_centroid_max_2500m,OpenStreetMap Overpass API
AIZ_LOC_033,Tuirial,AIZ_04044,1817.87,nearest_centroid_max_2500m,OpenStreetMap Overpass API
AIZ_LOC_033,Tuirial,AIZ_04045,1423.02,nearest_centroid_max_2500m,OpenStreetMap Overpass API
AIZ_LOC_033,Tuirial,AIZ_04046,1117.96,nearest_centroid_max_2500m,OpenStreetMap Overpass API
AIZ_LOC_033,Tuirial,AIZ_04047,989.34,nearest_centroid_max_2500m,OpenStreetMap Overpass API
AIZ_LOC_033,Tuirial,AIZ_04048,1101.0,nearest_centroid_max_2500m,OpenStreetMap Overpass API
AIZ_LOC_034,Tuirial,AIZ_04049,985.4,nearest_centroid_max_2500m,OpenStreetMap Overpass API
AIZ_LOC_034,Tuirial,AIZ_04050,829.02,nearest_centroid_max_2500m,OpenStreetMap Overpass API
AIZ_LOC_034,Tuirial,AIZ_04051,952.96,nearest_centroid_max_2500m,OpenStreetMap Overpass API
AIZ_LOC_034,Tuirial,AIZ_04052,1277.94,nearest_centroid_max_2500m,OpenStreetMap Overpass API
AIZ_LOC_034,Tuirial,AIZ_04053,1691.89,nearest_centroid_max_2500m,OpenStreetMap Overpass API
AIZ_LOC_034,Tuirial,AIZ_04054,2143.9,nearest_centroid_max_2500m,OpenStreetMap Overpass API
AIZ_LOC_035,Tuirini,AIZ_04073,2434.36,nearest_centroid_max_2500m,OpenStreetMap Overpass API
AIZ_LOC_035,Tuirini,AIZ_04074,2269.89,nearest_centroid_max_2500m,OpenStreetMap Overpass API
AIZ_LOC_035,Tuirini,AIZ_04075,2209.65,nearest_centroid_max_2500m,OpenStreetMap Overpass API
AIZ_LOC_035,Tuirini,AIZ_04076,2262.18,nearest_centroid_max_2500m,OpenStreetMap Overpass API
AIZ_LOC_035,Tuirini,AIZ_04077,2420.11,nearest_centroid_max_2500m,OpenStreetMap Overpass API
AIZ_LOC_033,Tuirial,AIZ_04162,2131.19,nearest_centroid_max_2500m,OpenStreetMap Overpass API
AIZ_LOC_033,Tuirial,AIZ_04163,1806.16,nearest_centroid_max_2500m,OpenStreetMap Overpass API
AIZ_LOC_033,Tuirial,AIZ_04164,1577.05,nearest_centroid_max_2500m,OpenStreetMap Overpass API
AIZ_LOC_033,Tuirial,AIZ_04165,1488.61,nearest_centroid_max_2500m,OpenStreetMap Overpass API
AIZ_LOC_033,Tuirial,AIZ_04166,1565.12,nearest_centroid_max_2500m,OpenStreetMap Overpass API
AIZ_LOC_034,Tuirial,AIZ_04167,1431.04,nearest_centroid_max_2500m,OpenStreetMap Overpass API
AIZ_LOC_034,Tuirial,AIZ_04168,1328.17,nearest_centroid_max_2500m,OpenStreetMap Overpass API
AIZ_LOC_034,Tuirial,AIZ_04169,1408.87,nearest_centroid_max_2500m,OpenStreetMap Overpass API
AIZ_LOC_034,Tuirial,AIZ_04170,1646.17,nearest_centroid_max_2500m,OpenStreetMap Overpass API
AIZ_LOC_034,Tuirial,AIZ_04171,1984.79,nearest_centroid_max_2500m,OpenStreetMap Overpass API
AIZ_LOC_034,Tuirial,AIZ_04172,2381.8,nearest_centroid_max_2500m,OpenStreetMap Overpass API
AIZ_LOC_035,Tuirini,AIZ_04190,2290.62,nearest_centroid_max_2500m,OpenStreetMap Overpass API
AIZ_LOC_035,Tuirini,AIZ_04191,1992.13,nearest_centroid_max_2500m,OpenStreetMap Overpass API
AIZ_LOC_035,Tuirini,AIZ_04192,1787.43,nearest_centroid_max_2500m,OpenStreetMap Overpass API
AIZ_LOC_035,Tuirini,AIZ_04193,1710.32,nearest_centroid_max_2500m,OpenStreetMap Overpass API
AIZ_LOC_035,Tuirini,AIZ_04194,1777.71,nearest_centroid_max_2500m,OpenStreetMap Overpass API
AIZ_LOC_035,Tuirini,AIZ_04195,1974.66,nearest_centroid_max_2500m,OpenStreetMap Overpass API
AIZ_LOC_035,Tuirini,AIZ_04196,2267.82,nearest_centroid_max_2500m,OpenStreetMap Overpass API
AIZ_LOC_033,Tuirial,AIZ_04272,2235.65,nearest_centroid_max_2500m,OpenStreetMap Overpass API
AIZ_LOC_033,Tuirial,AIZ_04273,2055.0,nearest_centroid_max_2500m,OpenStreetMap Overpass API
AIZ_LOC_033,Tuirial,AIZ_04274,1988.02,nearest_centroid_max_2500m,OpenStreetMap Overpass API
AIZ_LOC_033,Tuirial,AIZ_04275,2045.83,nearest_centroid_max_2500m,OpenStreetMap Overpass API
AIZ_LOC_034,Tuirial,AIZ_04276,1903.45,nearest_centroid_max_2500m,OpenStreetMap Overpass API
AIZ_LOC_034,Tuirial,AIZ_04277,1827.45,nearest_centroid_max_2500m,OpenStreetMap Overpass API
AIZ_LOC_034,Tuirial,AIZ_04278,1886.89,nearest_centroid_max_2500m,OpenStreetMap Overpass API
AIZ_LOC_034,Tuirial,AIZ_04279,2070.1,nearest_centroid_max_2500m,OpenStreetMap Overpass API
AIZ_LOC_034,Tuirial,AIZ_04280,2348.37,nearest_centroid_max_2500m,OpenStreetMap Overpass API
AIZ_LOC_035,Tuirini,AIZ_04298,2360.32,nearest_centroid_max_2500m,OpenStreetMap Overpass API
AIZ_LOC_035,Tuirini,AIZ_04299,1946.3,nearest_centroid_max_2500m,OpenStreetMap Overpass API
AIZ_LOC_035,Tuirini,AIZ_04300,1584.32,nearest_centroid_max_2500m,OpenStreetMap Overpass API
AIZ_LOC_035,Tuirini,AIZ_04301,1317.62,nearest_centroid_max_2500m,OpenStreetMap Overpass API
AIZ_LOC_035,Tuirini,AIZ_04302,1211.0,nearest_centroid_max_2500m,OpenStreetMap Overpass API
AIZ_LOC_035,Tuirini,AIZ_04303,1304.31,nearest_centroid_max_2500m,OpenStreetMap Overpass API
AIZ_LOC_035,Tuirini,AIZ_04304,1562.29,nearest_centroid_max_2500m,OpenStreetMap Overpass API
AIZ_LOC_035,Tuirini,AIZ_04305,1919.43,nearest_centroid_max_2500m,OpenStreetMap Overpass API
AIZ_LOC_035,Tuirini,AIZ_04306,2330.67,nearest_centroid_max_2500m,OpenStreetMap Overpass API
AIZ_LOC_033,Tuirial,AIZ_04384,2487.33,nearest_centroid_max_2500m,OpenStreetMap Overpass API
AIZ_LOC_034,Tuirial,AIZ_04386,2386.95,nearest_centroid_max_2500m,OpenStreetMap Overpass API
AIZ_LOC_034,Tuirial,AIZ_04387,2326.77,nearest_centroid_max_2500m,OpenStreetMap Overpass API
AIZ_LOC_034,Tuirial,AIZ_04388,2373.74,nearest_centroid_max_2500m,OpenStreetMap Overpass API
AIZ_LOC_035,Tuirini,AIZ_04408,2147.32,nearest_centroid_max_2500m,OpenStreetMap Overpass API
AIZ_LOC_035,Tuirini,AIZ_04409,1681.79,nearest_centroid_max_2500m,OpenStreetMap Overpass API
AIZ_LOC_035,Tuirini,AIZ_04410,1245.05,nearest_centroid_max_2500m,OpenStreetMap Overpass API
AIZ_LOC_035,Tuirini,AIZ_04411,880.95,nearest_centroid_max_2500m,OpenStreetMap Overpass API
AIZ_LOC_035,Tuirini,AIZ_04412,711.73,nearest_centroid_max_2500m,OpenStreetMap Overpass API
AIZ_LOC_035,Tuirini,AIZ_04413,861.03,nearest_centroid_max_2500m,OpenStreetMap Overpass API
AIZ_LOC_035,Tuirini,AIZ_04414,1216.76,nearest_centroid_max_2500m,OpenStreetMap Overpass API
AIZ_LOC_035,Tuirini,AIZ_04415,1650.54,nearest_centroid_max_2500m,OpenStreetMap Overpass API
AIZ_LOC_035,Tuirini,AIZ_04416,2114.79,nearest_centroid_max_2500m,OpenStreetMap Overpass API
AIZ_LOC_007,Baktawng,AIZ_04452,2230.62,nearest_centroid_max_2500m,OpenStreetMap Overpass API
AIZ_LOC_007,Baktawng,AIZ_04453,2398.07,nearest_centroid_max_2500m,OpenStreetMap Overpass API
AIZ_LOC_035,Tuirini,AIZ_04515,2037.02,nearest_centroid_max_2500m,OpenStreetMap Overpass API
AIZ_LOC_035,Tuirini,AIZ_04516,1538.48,nearest_centroid_max_2500m,OpenStreetMap Overpass API
AIZ_LOC_035,Tuirini,AIZ_04517,1043.42,nearest_centroid_max_2500m,OpenStreetMap Overpass API
AIZ_LOC_035,Tuirini,AIZ_04518,561.13,nearest_centroid_max_2500m,OpenStreetMap Overpass API
AIZ_LOC_035,Tuirini,AIZ_04519,212.87,nearest_centroid_max_2500m,OpenStreetMap Overpass API
AIZ_LOC_035,Tuirini,AIZ_04520,529.34,nearest_centroid_max_2500m,OpenStreetMap Overpass API
AIZ_LOC_035,Tuirini,AIZ_04521,1009.66,nearest_centroid_max_2500m,OpenStreetMap Overpass API
AIZ_LOC_035,Tuirini,AIZ_04522,1504.31,nearest_centroid_max_2500m,OpenStreetMap Overpass API
AIZ_LOC_035,Tuirini,AIZ_04523,2002.7,nearest_centroid_max_2500m,OpenStreetMap Overpass API
AIZ_LOC_007,Baktawng,AIZ_04557,1841.66,nearest_centroid_max_2500m,OpenStreetMap Overpass API
AIZ_LOC_007,Baktawng,AIZ_04558,2041.21,nearest_centroid_max_2500m,OpenStreetMap Overpass API
AIZ_LOC_007,Baktawng,AIZ_04559,2442.95,nearest_centroid_max_2500m,OpenStreetMap Overpass API
AIZ_LOC_011,Seling,AIZ_04595,2374.43,nearest_centroid_max_2500m,OpenStreetMap Overpass API
AIZ_LOC_011,Seling,AIZ_04596,2290.8,nearest_centroid_max_2500m,OpenStreetMap Overpass API
AIZ_LOC_011,Seling,AIZ_04597,2315.59,nearest_centroid_max_2500m,OpenStreetMap Overpass API
AIZ_LOC_011,Seling,AIZ_04598,2445.5,nearest_centroid_max_2500m,OpenStreetMap Overpass API
AIZ_LOC_014,Sesawng,AIZ_04600,2405.57,nearest_centroid_max_2500m,OpenStreetMap Overpass API
AIZ_LOC_014,Sesawng,AIZ_04601,2206.02,nearest_centroid_max_2500m,OpenStreetMap Overpass API
AIZ_LOC_014,Sesawng,AIZ_04602,2109.64,nearest_centroid_max_2500m,OpenStreetMap Overpass API
AIZ_LOC_014,Sesawng,AIZ_04603,2130.41,nearest_centroid_max_2500m,OpenStreetMap Overpass API
AIZ_LOC_014,Sesawng,AIZ_04604,2265.28,nearest_centroid_max_2500m,OpenStreetMap Overpass API
AIZ_LOC_014,Sesawng,AIZ_04605,2495.73,nearest_centroid_max_2500m,OpenStreetMap Overpass API
AIZ_LOC_035,Tuirini,AIZ_04620,2046.23,nearest_centroid_max_2500m,OpenStreetMap Overpass API
AIZ_LOC_035,Tuirini,AIZ_04621,1550.66,nearest_centroid_max_2500m,OpenStreetMap Overpass API
AIZ_LOC_035,Tuirini,AIZ_04622,1061.27,nearest_centroid_max_2500m,OpenStreetMap Overpass API
AIZ_LOC_035,Tuirini,AIZ_04623,593.52,nearest_centroid_max_2500m,OpenStreetMap Overpass API
AIZ_LOC_035,Tuirini,AIZ_04624,287.7,nearest_centroid_max_2500m,OpenStreetMap Overpass API
AIZ_LOC_035,Tuirini,AIZ_04625,563.56,nearest_centroid_max_2500m,OpenStreetMap Overpass API
AIZ_LOC_035,Tuirini,AIZ_04626,1028.02,nearest_centroid_max_2500m,OpenStreetMap Overpass API
AIZ_LOC_035,Tuirini,AIZ_04627,1516.67,nearest_centroid_max_2500m,OpenStreetMap Overpass API
AIZ_LOC_035,Tuirini,AIZ_04628,2012.1,nearest_centroid_max_2500m,OpenStreetMap Overpass API
AIZ_LOC_007,Baktawng,AIZ_04663,1518.53,nearest_centroid_max_2500m,OpenStreetMap Overpass API
AIZ_LOC_007,Baktawng,AIZ_04664,1755.3,nearest_centroid_max_2500m,OpenStreetMap Overpass API
AIZ_LOC_007,Baktawng,AIZ_04665,2209.78,nearest_centroid_max_2500m,OpenStreetMap Overpass API
AIZ_LOC_031,Thingsulthliah,AIZ_04694,2353.62,nearest_centroid_max_2500m,OpenStreetMap Overpass API
AIZ_LOC_031,Thingsulthliah,AIZ_04695,2286.22,nearest_centroid_max_2500m,OpenStreetMap Overpass API
AIZ_LOC_031,Thingsulthliah,AIZ_04696,2327.64,nearest_centroid_max_2500m,OpenStreetMap Overpass API
AIZ_LOC_031,Thingsulthliah,AIZ_04697,2472.65,nearest_centroid_max_2500m,OpenStreetMap Overpass API
AIZ_LOC_011,Seling,AIZ_04699,2428.5,nearest_centroid_max_2500m,OpenStreetMap Overpass API
AIZ_LOC_011,Seling,AIZ_04700,2121.02,nearest_centroid_max_2500m,OpenStreetMap Overpass API
AIZ_LOC_011,Seling,AIZ_04701,1898.32,nearest_centroid_max_2500m,OpenStreetMap Overpass API
AIZ_LOC_011,Seling,AIZ_04702,1792.63,nearest_centroid_max_2500m,OpenStreetMap Overpass API
AIZ_LOC_011,Seling,AIZ_04703,1824.1,nearest_centroid_max_2500m,OpenStreetMap Overpass API
AIZ_LOC_011,Seling,AIZ_04704,1986.47,nearest_centroid_max_2500m,OpenStreetMap Overpass API
AIZ_LOC_011,Seling,AIZ_04705,2251.44,nearest_centroid_max_2500m,OpenStreetMap Overpass API
AIZ_LOC_014,Sesawng,AIZ_04706,1983.83,nearest_centroid_max_2500m,OpenStreetMap Overpass API
AIZ_LOC_014,Sesawng,AIZ_04707,1736.48,nearest_centroid_max_2500m,OpenStreetMap Overpass API
AIZ_LOC_014,Sesawng,AIZ_04708,1612.17,nearest_centroid_max_2500m,OpenStreetMap Overpass API
AIZ_LOC_014,Sesawng,AIZ_04709,1639.39,nearest_centroid_max_2500m,OpenStreetMap Overpass API
AIZ_LOC_014,Sesawng,AIZ_04710,1811.2,nearest_centroid_max_2500m,OpenStreetMap Overpass API
AIZ_LOC_014,Sesawng,AIZ_04711,2092.27,nearest_centroid_max_2500m,OpenStreetMap Overpass API
AIZ_LOC_014,Sesawng,AIZ_04712,2445.24,nearest_centroid_max_2500m,OpenStreetMap Overpass API
AIZ_LOC_035,Tuirini,AIZ_04726,2173.34,nearest_centroid_max_2500m,OpenStreetMap Overpass API
AIZ_LOC_035,Tuirini,AIZ_04727,1714.86,nearest_centroid_max_2500m,OpenStreetMap Overpass API
AIZ_LOC_035,Tuirini,AIZ_04728,1289.33,nearest_centroid_max_2500m,OpenStreetMap Overpass API
AIZ_LOC_035,Tuirini,AIZ_04729,942.6,nearest_centroid_max_2500m,OpenStreetMap Overpass API
AIZ_LOC_035,Tuirini,AIZ_04730,786.73,nearest_centroid_max_2500m,OpenStreetMap Overpass API
AIZ_LOC_035,Tuirini,AIZ_04731,924.05,nearest_centroid_max_2500m,OpenStreetMap Overpass API
AIZ_LOC_035,Tuirini,AIZ_04732,1262.21,nearest_centroid_max_2500m,OpenStreetMap Overpass API
AIZ_LOC_035,Tuirini,AIZ_04733,1684.25,nearest_centroid_max_2500m,OpenStreetMap Overpass API
AIZ_LOC_035,Tuirini,AIZ_04734,2141.19,nearest_centroid_max_2500m,OpenStreetMap Overpass API
AIZ_LOC_007,Baktawng,AIZ_04773,1311.19,nearest_centroid_max_2500m,OpenStreetMap Overpass API
AIZ_LOC_007,Baktawng,AIZ_04774,1579.38,nearest_centroid_max_2500m,OpenStreetMap Overpass API
AIZ_LOC_007,Baktawng,AIZ_04775,2072.81,nearest_centroid_max_2500m,OpenStreetMap Overpass API
AIZ_LOC_031,Thingsulthliah,AIZ_04802,2376.05,nearest_centroid_max_2500m,OpenStreetMap Overpass API
AIZ_LOC_031,Thingsulthliah,AIZ_04803,2079.45,nearest_centroid_max_2500m,OpenStreetMap Overpass API
AIZ_LOC_031,Thingsulthliah,AIZ_04804,1872.55,nearest_centroid_max_2500m,OpenStreetMap Overpass API
AIZ_LOC_031,Thingsulthliah,AIZ_04805,1787.09,nearest_centroid_max_2500m,OpenStreetMap Overpass API
AIZ_LOC_031,Thingsulthliah,AIZ_04806,1839.82,nearest_centroid_max_2500m,OpenStreetMap Overpass API
AIZ_LOC_031,Thingsulthliah,AIZ_04807,2020.07,nearest_centroid_max_2500m,OpenStreetMap Overpass API
AIZ_LOC_031,Thingsulthliah,AIZ_04808,2298.05,nearest_centroid_max_2500m,OpenStreetMap Overpass API
AIZ_LOC_011,Seling,AIZ_04809,2088.51,nearest_centroid_max_2500m,OpenStreetMap Overpass API
AIZ_LOC_011,Seling,AIZ_04810,1721.26,nearest_centroid_max_2500m,OpenStreetMap Overpass API
AIZ_LOC_011,Seling,AIZ_04811,1438.06,nearest_centroid_max_2500m,OpenStreetMap Overpass API
AIZ_LOC_011,Seling,AIZ_04812,1295.23,nearest_centroid_max_2500m,OpenStreetMap Overpass API
AIZ_LOC_011,Seling,AIZ_04813,1338.59,nearest_centroid_max_2500m,OpenStreetMap Overpass API
AIZ_LOC_011,Seling,AIZ_04814,1552.51,nearest_centroid_max_2500m,OpenStreetMap Overpass API
AIZ_LOC_011,Seling,AIZ_04815,1879.69,nearest_centroid_max_2500m,OpenStreetMap Overpass API
AIZ_LOC_014,Sesawng,AIZ_04816,1607.19,nearest_centroid_max_2500m,OpenStreetMap Overpass API
AIZ_LOC_014,Sesawng,AIZ_04817,1289.45,nearest_centroid_max_2500m,OpenStreetMap Overpass API
AIZ_LOC_014,Sesawng,AIZ_04818,1116.54,nearest_centroid_max_2500m,OpenStreetMap Overpass API
AIZ_LOC_014,Sesawng,AIZ_04819,1155.41,nearest_centroid_max_2500m,OpenStreetMap Overpass API
AIZ_LOC_014,Sesawng,AIZ_04820,1388.46,nearest_centroid_max_2500m,OpenStreetMap Overpass API
AIZ_LOC_014,Sesawng,AIZ_04821,1739.27,nearest_centroid_max_2500m,OpenStreetMap Overpass API
AIZ_LOC_014,Sesawng,AIZ_04822,2150.97,nearest_centroid_max_2500m,OpenStreetMap Overpass API
AIZ_LOC_035,Tuirini,AIZ_04836,2399.64,nearest_centroid_max_2500m,OpenStreetMap Overpass API
AIZ_LOC_035,Tuirini,AIZ_04837,1993.85,nearest_centroid_max_2500m,OpenStreetMap Overpass API
AIZ_LOC_035,Tuirini,AIZ_04838,1642.3,nearest_centroid_max_2500m,OpenStreetMap Overpass API
AIZ_LOC_035,Tuirini,AIZ_04839,1386.89,nearest_centroid_max_2500m,OpenStreetMap Overpass API
AIZ_LOC_035,Tuirini,AIZ_04840,1286.01,nearest_centroid_max_2500m,OpenStreetMap Overpass API
AIZ_LOC_035,Tuirini,AIZ_04841,1374.32,nearest_centroid_max_2500m,OpenStreetMap Overpass API
AIZ_LOC_035,Tuirini,AIZ_04842,1621.18,nearest_centroid_max_2500m,OpenStreetMap Overpass API
AIZ_LOC_035,Tuirini,AIZ_04843,1967.65,nearest_centroid_max_2500m,OpenStreetMap Overpass API
AIZ_LOC_035,Tuirini,AIZ_04844,2370.59,nearest_centroid_max_2500m,OpenStreetMap Overpass API
AIZ_LOC_007,Baktawng,AIZ_04886,1277.13,nearest_centroid_max_2500m,OpenStreetMap Overpass API
AIZ_LOC_007,Baktawng,AIZ_04887,1551.33,nearest_centroid_max_2500m,OpenStreetMap Overpass API
AIZ_LOC_007,Baktawng,AIZ_04888,2051.42,nearest_centroid_max_2500m,OpenStreetMap Overpass API
AIZ_LOC_031,Thingsulthliah,AIZ_04914,2436.63,nearest_centroid_max_2500m,OpenStreetMap Overpass API
AIZ_LOC_031,Thingsulthliah,AIZ_04915,2027.65,nearest_centroid_max_2500m,OpenStreetMap Overpass API
AIZ_LOC_031,Thingsulthliah,AIZ_04916,1670.21,nearest_centroid_max_2500m,OpenStreetMap Overpass API
AIZ_LOC_031,Thingsulthliah,AIZ_04917,1404.29,nearest_centroid_max_2500m,OpenStreetMap Overpass API
AIZ_LOC_031,Thingsulthliah,AIZ_04918,1288.04,nearest_centroid_max_2500m,OpenStreetMap Overpass API
AIZ_LOC_031,Thingsulthliah,AIZ_04919,1360.38,nearest_centroid_max_2500m,OpenStreetMap Overpass API
AIZ_LOC_031,Thingsulthliah,AIZ_04920,1595.77,nearest_centroid_max_2500m,OpenStreetMap Overpass API
AIZ_LOC_031,Thingsulthliah,AIZ_04921,1935.6,nearest_centroid_max_2500m,OpenStreetMap Overpass API
AIZ_LOC_011,Seling,AIZ_04922,1823.42,nearest_centroid_max_2500m,OpenStreetMap Overpass API
AIZ_LOC_011,Seling,AIZ_04923,1387.79,nearest_centroid_max_2500m,OpenStreetMap Overpass API
AIZ_LOC_011,Seling,AIZ_04924,1015.42,nearest_centroid_max_2500m,OpenStreetMap Overpass API
AIZ_LOC_011,Seling,AIZ_04925,800.48,nearest_centroid_max_2500m,OpenStreetMap Overpass API
AIZ_LOC_011,Seling,AIZ_04926,868.79,nearest_centroid_max_2500m,OpenStreetMap Overpass API
AIZ_LOC_011,Seling,AIZ_04927,1171.96,nearest_centroid_max_2500m,OpenStreetMap Overpass API
AIZ_LOC_011,Seling,AIZ_04928,1579.96,nearest_centroid_max_2500m,OpenStreetMap Overpass API
AIZ_LOC_014,Sesawng,AIZ_04929,1315.01,nearest_centroid_max_2500m,OpenStreetMap Overpass API
AIZ_LOC_014,Sesawng,AIZ_04930,899.37,nearest_centroid_max_2500m,OpenStreetMap Overpass API
AIZ_LOC_014,Sesawng,AIZ_04931,626.82,nearest_centroid_max_2500m,OpenStreetMap Overpass API
AIZ_LOC_014,Sesawng,AIZ_04932,693.75,nearest_centroid_max_2500m,OpenStreetMap Overpass API
AIZ_LOC_014,Sesawng,AIZ_04933,1036.33,nearest_centroid_max_2500m,OpenStreetMap Overpass API
AIZ_LOC_014,Sesawng,AIZ_04934,1473.54,nearest_centroid_max_2500m,OpenStreetMap Overpass API
AIZ_LOC_014,Sesawng,AIZ_04935,1942.39,nearest_centroid_max_2500m,OpenStreetMap Overpass API
AIZ_LOC_014,Sesawng,AIZ_04936,2424.6,nearest_centroid_max_2500m,OpenStreetMap Overpass API
AIZ_LOC_035,Tuirini,AIZ_04950,2347.17,nearest_centroid_max_2500m,OpenStreetMap Overpass API
AIZ_LOC_035,Tuirini,AIZ_04951,2056.9,nearest_centroid_max_2500m,OpenStreetMap Overpass API
AIZ_LOC_035,Tuirini,AIZ_04952,1859.34,nearest_centroid_max_2500m,OpenStreetMap Overpass API
AIZ_LOC_035,Tuirini,AIZ_04953,1785.43,nearest_centroid_max_2500m,OpenStreetMap Overpass API
AIZ_LOC_035,Tuirini,AIZ_04954,1849.95,nearest_centroid_max_2500m,OpenStreetMap Overpass API
AIZ_LOC_035,Tuirini,AIZ_04955,2040.05,nearest_centroid_max_2500m,OpenStreetMap Overpass API
AIZ_LOC_035,Tuirini,AIZ_04956,2324.97,nearest_centroid_max_2500m,OpenStreetMap Overpass API
AIZ_LOC_007,Baktawng,AIZ_05002,1428.83,nearest_centroid_max_2500m,OpenStreetMap Overpass API
AIZ_LOC_007,Baktawng,AIZ_05003,1678.57,nearest_centroid_max_2500m,OpenStreetMap Overpass API
AIZ_LOC_007,Baktawng,AIZ_05004,2149.26,nearest_centroid_max_2500m,OpenStreetMap Overpass API
AIZ_LOC_031,Thingsulthliah,AIZ_05030,2214.04,nearest_centroid_max_2500m,OpenStreetMap Overpass API
AIZ_LOC_031,Thingsulthliah,AIZ_05031,1753.71,nearest_centroid_max_2500m,OpenStreetMap Overpass API
AIZ_LOC_031,Thingsulthliah,AIZ_05032,1324.32,nearest_centroid_max_2500m,OpenStreetMap Overpass API
AIZ_LOC_031,Thingsulthliah,AIZ_05033,967.72,nearest_centroid_max_2500m,OpenStreetMap Overpass API
AIZ_LOC_031,Thingsulthliah,AIZ_05034,789.59,nearest_centroid_max_2500m,OpenStreetMap Overpass API
AIZ_LOC_031,Thingsulthliah,AIZ_05035,902.69,nearest_centroid_max_2500m,OpenStreetMap Overpass API
AIZ_LOC_031,Thingsulthliah,AIZ_05036,1229.06,nearest_centroid_max_2500m,OpenStreetMap Overpass API
AIZ_LOC_031,Thingsulthliah,AIZ_05037,1646.5,nearest_centroid_max_2500m,OpenStreetMap Overpass API
AIZ_LOC_011,Seling,AIZ_05038,1669.29,nearest_centroid_max_2500m,OpenStreetMap Overpass API
AIZ_LOC_011,Seling,AIZ_05039,1177.97,nearest_centroid_max_2500m,OpenStreetMap Overpass API
AIZ_LOC_011,Seling,AIZ_05040,702.1,nearest_centroid_max_2500m,OpenStreetMap Overpass API
AIZ_LOC_011,Seling,AIZ_05041,320.26,nearest_centroid_max_2500m,OpenStreetMap Overpass API
AIZ_LOC_011,Seling,AIZ_05042,465.46,nearest_centroid_max_2500m,OpenStreetMap Overpass API
AIZ_LOC_011,Seling,AIZ_05043,913.82,nearest_centroid_max_2500m,OpenStreetMap Overpass API
AIZ_LOC_011,Seling,AIZ_05044,1399.32,nearest_centroid_max_2500m,OpenStreetMap Overpass API
AIZ_LOC_014,Sesawng,AIZ_05045,1172.23,nearest_centroid_max_2500m,OpenStreetMap Overpass API
AIZ_LOC_014,Sesawng,AIZ_05046,673.65,nearest_centroid_max_2500m,OpenStreetMap Overpass API
AIZ_LOC_014,Sesawng,AIZ_05047,194.44,nearest_centroid_max_2500m,OpenStreetMap Overpass API
AIZ_LOC_014,Sesawng,AIZ_05048,355.26,nearest_centroid_max_2500m,OpenStreetMap Overpass API
AIZ_LOC_014,Sesawng,AIZ_05049,847.92,nearest_centroid_max_2500m,OpenStreetMap Overpass API
AIZ_LOC_014,Sesawng,AIZ_05050,1347.61,nearest_centroid_max_2500m,OpenStreetMap Overpass API
AIZ_LOC_014,Sesawng,AIZ_05051,1848.76,nearest_centroid_max_2500m,OpenStreetMap Overpass API
AIZ_LOC_014,Sesawng,AIZ_05052,2350.27,nearest_centroid_max_2500m,OpenStreetMap Overpass API
AIZ_LOC_035,Tuirini,AIZ_05068,2342.98,nearest_centroid_max_2500m,OpenStreetMap Overpass API
AIZ_LOC_035,Tuirini,AIZ_05069,2284.76,nearest_centroid_max_2500m,OpenStreetMap Overpass API
AIZ_LOC_035,Tuirini,AIZ_05070,2335.61,nearest_centroid_max_2500m,OpenStreetMap Overpass API
AIZ_LOC_035,Tuirini,AIZ_05071,2488.74,nearest_centroid_max_2500m,OpenStreetMap Overpass API
AIZ_LOC_007,Baktawng,AIZ_05124,1717.9,nearest_centroid_max_2500m,OpenStreetMap Overpass API
AIZ_LOC_007,Baktawng,AIZ_05125,1930.55,nearest_centroid_max_2500m,OpenStreetMap Overpass API
AIZ_LOC_007,Baktawng,AIZ_05126,2351.41,nearest_centroid_max_2500m,OpenStreetMap Overpass API
AIZ_LOC_031,Thingsulthliah,AIZ_05152,2089.21,nearest_centroid_max_2500m,OpenStreetMap Overpass API
AIZ_LOC_031,Thingsulthliah,AIZ_05153,1593.34,nearest_centroid_max_2500m,OpenStreetMap Overpass API
AIZ_LOC_031,Thingsulthliah,AIZ_05154,1103.09,nearest_centroid_max_2500m,OpenStreetMap Overpass API
AIZ_LOC_031,Thingsulthliah,AIZ_05155,632.07,nearest_centroid_max_2500m,OpenStreetMap Overpass API
AIZ_LOC_031,Thingsulthliah,AIZ_05156,294.21,nearest_centroid_max_2500m,OpenStreetMap Overpass API
AIZ_LOC_031,Thingsulthliah,AIZ_05157,527.28,nearest_centroid_max_2500m,OpenStreetMap Overpass API
AIZ_LOC_031,Thingsulthliah,AIZ_05158,986.83,nearest_centroid_max_2500m,OpenStreetMap Overpass API
AIZ_LOC_031,Thingsulthliah,AIZ_05159,1474.43,nearest_centroid_max_2500m,OpenStreetMap Overpass API
AIZ_LOC_011,Seling,AIZ_05160,1657.49,nearest_centroid_max_2500m,OpenStreetMap Overpass API
AIZ_LOC_011,Seling,AIZ_05161,1161.04,nearest_centroid_max_2500m,OpenStreetMap Overpass API
AIZ_LOC_011,Seling,AIZ_05162,673.34,nearest_centroid_max_2500m,OpenStreetMap Overpass API
AIZ_LOC_011,Seling,AIZ_05163,251.18,nearest_centroid_max_2500m,OpenStreetMap Overpass API
AIZ_LOC_011,Seling,AIZ_05164,420.95,nearest_centroid_max_2500m,OpenStreetMap Overpass API
AIZ_LOC_011,Seling,AIZ_05165,892.0,nearest_centroid_max_2500m,OpenStreetMap Overpass API
AIZ_LOC_011,Seling,AIZ_05166,1385.08,nearest_centroid_max_2500m,OpenStreetMap Overpass API
AIZ_LOC_014,Sesawng,AIZ_05167,1231.93,nearest_centroid_max_2500m,OpenStreetMap Overpass API
AIZ_LOC_014,Sesawng,AIZ_05168,772.91,nearest_centroid_max_2500m,OpenStreetMap Overpass API
AIZ_LOC_014,Sesawng,AIZ_05169,425.97,nearest_centroid_max_2500m,OpenStreetMap Overpass API
AIZ_LOC_014,Sesawng,AIZ_05170,519.44,nearest_centroid_max_2500m,OpenStreetMap Overpass API
AIZ_LOC_014,Sesawng,AIZ_05171,928.82,nearest_centroid_max_2500m,OpenStreetMap Overpass API
AIZ_LOC_014,Sesawng,AIZ_05172,1399.94,nearest_centroid_max_2500m,OpenStreetMap Overpass API
AIZ_LOC_014,Sesawng,AIZ_05173,1887.16,nearest_centroid_max_2500m,OpenStreetMap Overpass API
AIZ_LOC_014,Sesawng,AIZ_05174,2380.58,nearest_centroid_max_2500m,OpenStreetMap Overpass API
AIZ_LOC_007,Baktawng,AIZ_05251,2087.9,nearest_centroid_max_2500m,OpenStreetMap Overpass API
AIZ_LOC_007,Baktawng,AIZ_05252,2266.18,nearest_centroid_max_2500m,OpenStreetMap Overpass API
AIZ_LOC_031,Thingsulthliah,AIZ_05279,2080.09,nearest_centroid_max_2500m,OpenStreetMap Overpass API
AIZ_LOC_031,Thingsulthliah,AIZ_05280,1581.25,nearest_centroid_max_2500m,OpenStreetMap Overpass API
AIZ_LOC_031,Thingsulthliah,AIZ_05281,1085.69,nearest_centroid_max_2500m,OpenStreetMap Overpass API
AIZ_LOC_031,Thingsulthliah,AIZ_05282,601.16,nearest_centroid_max_2500m,OpenStreetMap Overpass API
AIZ_LOC_031,Thingsulthliah,AIZ_05283,219.91,nearest_centroid_max_2500m,OpenStreetMap Overpass API
AIZ_LOC_031,Thingsulthliah,AIZ_05284,489.67,nearest_centroid_max_2500m,OpenStreetMap Overpass API
AIZ_LOC_031,Thingsulthliah,AIZ_05285,967.24,nearest_centroid_max_2500m,OpenStreetMap Overpass API
AIZ_LOC_031,Thingsulthliah,AIZ_05286,1461.49,nearest_centroid_max_2500m,OpenStreetMap Overpass API
AIZ_LOC_011,Seling,AIZ_05287,1790.61,nearest_centroid_max_2500m,OpenStreetMap Overpass API
AIZ_LOC_011,Seling,AIZ_05288,1344.4,nearest_centroid_max_2500m,OpenStreetMap Overpass API
AIZ_LOC_011,Seling,AIZ_05289,955.28,nearest_centroid_max_2500m,OpenStreetMap Overpass API
AIZ_LOC_011,Seling,AIZ_05290,722.71,nearest_centroid_max_2500m,OpenStreetMap Overpass API
AIZ_LOC_011,Seling,AIZ_05291,797.72,nearest_centroid_max_2500m,OpenStreetMap Overpass API
AIZ_LOC_011,Seling,AIZ_05292,1120.22,nearest_centroid_max_2500m,OpenStreetMap Overpass API
AIZ_LOC_011,Seling,AIZ_05293,1542.05,nearest_centroid_max_2500m,OpenStreetMap Overpass API
AIZ_LOC_014,Sesawng,AIZ_05294,1469.75,nearest_centroid_max_2500m,OpenStreetMap Overpass API
AIZ_LOC_014,Sesawng,AIZ_05295,1113.47,nearest_centroid_max_2500m,OpenStreetMap Overpass API
AIZ_LOC_014,Sesawng,AIZ_05296,907.7,nearest_centroid_max_2500m,OpenStreetMap Overpass API
AIZ_LOC_014,Sesawng,AIZ_05297,955.16,nearest_centroid_max_2500m,OpenStreetMap Overpass API
AIZ_LOC_014,Sesawng,AIZ_05298,1226.8,nearest_centroid_max_2500m,OpenStreetMap Overpass API
AIZ_LOC_014,Sesawng,AIZ_05299,1613.1,nearest_centroid_max_2500m,OpenStreetMap Overpass API
AIZ_LOC_014,Sesawng,AIZ_05300,2050.38,nearest_centroid_max_2500m,OpenStreetMap Overpass API
AIZ_LOC_031,Thingsulthliah,AIZ_05418,2187.93,nearest_centroid_max_2500m,OpenStreetMap Overpass API
AIZ_LOC_031,Thingsulthliah,AIZ_05419,1720.75,nearest_centroid_max_2500m,OpenStreetMap Overpass API
AIZ_LOC_031,Thingsulthliah,AIZ_05420,1280.39,nearest_centroid_max_2500m,OpenStreetMap Overpass API
AIZ_LOC_031,Thingsulthliah,AIZ_05421,906.56,nearest_centroid_max_2500m,OpenStreetMap Overpass API
AIZ_LOC_031,Thingsulthliah,AIZ_05422,713.35,nearest_centroid_max_2500m,OpenStreetMap Overpass API
AIZ_LOC_031,Thingsulthliah,AIZ_05423,836.87,nearest_centroid_max_2500m,OpenStreetMap Overpass API
AIZ_LOC_031,Thingsulthliah,AIZ_05424,1181.62,nearest_centroid_max_2500m,OpenStreetMap Overpass API
AIZ_LOC_031,Thingsulthliah,AIZ_05425,1611.35,nearest_centroid_max_2500m,OpenStreetMap Overpass API
AIZ_LOC_011,Seling,AIZ_05426,2040.67,nearest_centroid_max_2500m,OpenStreetMap Overpass API
AIZ_LOC_011,Seling,AIZ_05427,1662.9,nearest_centroid_max_2500m,OpenStreetMap Overpass API
AIZ_LOC_011,Seling,AIZ_05428,1367.68,nearest_centroid_max_2500m,OpenStreetMap Overpass API
AIZ_LOC_011,Seling,AIZ_05429,1216.63,nearest_centroid_max_2500m,OpenStreetMap Overpass API
AIZ_LOC_011,Seling,AIZ_05430,1262.7,nearest_centroid_max_2500m,OpenStreetMap Overpass API
AIZ_LOC_011,Seling,AIZ_05431,1487.58,nearest_centroid_max_2500m,OpenStreetMap Overpass API
AIZ_LOC_011,Seling,AIZ_05432,1826.43,nearest_centroid_max_2500m,OpenStreetMap Overpass API
AIZ_LOC_014,Sesawng,AIZ_05433,1816.96,nearest_centroid_max_2500m,OpenStreetMap Overpass API
AIZ_LOC_014,Sesawng,AIZ_05434,1543.06,nearest_centroid_max_2500m,OpenStreetMap Overpass API
AIZ_LOC_014,Sesawng,AIZ_05435,1401.79,nearest_centroid_max_2500m,OpenStreetMap Overpass API
AIZ_LOC_014,Sesawng,AIZ_05436,1432.94,nearest_centroid_max_2500m,OpenStreetMap Overpass API
AIZ_LOC_014,Sesawng,AIZ_05437,1626.72,nearest_centroid_max_2500m,OpenStreetMap Overpass API
AIZ_LOC_014,Sesawng,AIZ_05438,1934.8,nearest_centroid_max_2500m,OpenStreetMap Overpass API
AIZ_LOC_014,Sesawng,AIZ_05439,2311.95,nearest_centroid_max_2500m,OpenStreetMap Overpass API
AIZ_LOC_031,Thingsulthliah,AIZ_05564,2397.14,nearest_centroid_max_2500m,OpenStreetMap Overpass API
AIZ_LOC_031,Thingsulthliah,AIZ_05565,1979.99,nearest_centroid_max_2500m,OpenStreetMap Overpass API
AIZ_LOC_031,Thingsulthliah,AIZ_05566,1612.0,nearest_centroid_max_2500m,OpenStreetMap Overpass API
AIZ_LOC_031,Thingsulthliah,AIZ_05567,1334.6,nearest_centroid_max_2500m,OpenStreetMap Overpass API
AIZ_LOC_031,Thingsulthliah,AIZ_05568,1211.74,nearest_centroid_max_2500m,OpenStreetMap Overpass API
AIZ_LOC_031,Thingsulthliah,AIZ_05569,1288.24,nearest_centroid_max_2500m,OpenStreetMap Overpass API
AIZ_LOC_031,Thingsulthliah,AIZ_05570,1534.79,nearest_centroid_max_2500m,OpenStreetMap Overpass API
AIZ_LOC_031,Thingsulthliah,AIZ_05571,1885.63,nearest_centroid_max_2500m,OpenStreetMap Overpass API
AIZ_LOC_031,Thingsulthliah,AIZ_05572,2293.5,nearest_centroid_max_2500m,OpenStreetMap Overpass API
AIZ_LOC_011,Seling,AIZ_05573,2054.75,nearest_centroid_max_2500m,OpenStreetMap Overpass API
AIZ_LOC_011,Seling,AIZ_05574,1824.07,nearest_centroid_max_2500m,OpenStreetMap Overpass API
AIZ_LOC_011,Seling,AIZ_05575,1713.8,nearest_centroid_max_2500m,OpenStreetMap Overpass API
AIZ_LOC_011,Seling,AIZ_05576,1746.72,nearest_centroid_max_2500m,OpenStreetMap Overpass API
AIZ_LOC_011,Seling,AIZ_05577,1915.64,nearest_centroid_max_2500m,OpenStreetMap Overpass API
AIZ_LOC_011,Seling,AIZ_05578,2189.21,nearest_centroid_max_2500m,OpenStreetMap Overpass API
AIZ_LOC_014,Sesawng,AIZ_05579,2222.88,nearest_centroid_max_2500m,OpenStreetMap Overpass API
AIZ_LOC_014,Sesawng,AIZ_05580,2005.21,nearest_centroid_max_2500m,OpenStreetMap Overpass API
AIZ_LOC_014,Sesawng,AIZ_05581,1898.61,nearest_centroid_max_2500m,OpenStreetMap Overpass API
AIZ_LOC_014,Sesawng,AIZ_05582,1921.8,nearest_centroid_max_2500m,OpenStreetMap Overpass API
AIZ_LOC_014,Sesawng,AIZ_05583,2070.36,nearest_centroid_max_2500m,OpenStreetMap Overpass API
AIZ_LOC_014,Sesawng,AIZ_05584,2320.2,nearest_centroid_max_2500m,OpenStreetMap Overpass API
AIZ_LOC_031,Thingsulthliah,AIZ_05722,2319.09,nearest_centroid_max_2500m,OpenStreetMap Overpass API
AIZ_LOC_031,Thingsulthliah,AIZ_05723,2014.09,nearest_centroid_max_2500m,OpenStreetMap Overpass API
AIZ_LOC_031,Thingsulthliah,AIZ_05724,1799.77,nearest_centroid_max_2500m,OpenStreetMap Overpass API
AIZ_LOC_031,Thingsulthliah,AIZ_05725,1710.65,nearest_centroid_max_2500m,OpenStreetMap Overpass API
AIZ_LOC_031,Thingsulthliah,AIZ_05726,1765.73,nearest_centroid_max_2500m,OpenStreetMap Overpass API
AIZ_LOC_031,Thingsulthliah,AIZ_05727,1952.81,nearest_centroid_max_2500m,OpenStreetMap Overpass API
AIZ_LOC_031,Thingsulthliah,AIZ_05728,2239.13,nearest_centroid_max_2500m,OpenStreetMap Overpass API
AIZ_LOC_011,Seling,AIZ_05730,2485.45,nearest_centroid_max_2500m,OpenStreetMap Overpass API
AIZ_LOC_011,Seling,AIZ_05731,2298.38,nearest_centroid_max_2500m,OpenStreetMap Overpass API
AIZ_LOC_011,Seling,AIZ_05732,2211.88,nearest_centroid_max_2500m,OpenStreetMap Overpass API
AIZ_LOC_011,Seling,AIZ_05733,2237.56,nearest_centroid_max_2500m,OpenStreetMap Overpass API
AIZ_LOC_011,Seling,AIZ_05734,2371.77,nearest_centroid_max_2500m,OpenStreetMap Overpass API
AIZ_LOC_014,Sesawng,AIZ_05737,2481.81,nearest_centroid_max_2500m,OpenStreetMap Overpass API
AIZ_LOC_014,Sesawng,AIZ_05738,2396.58,nearest_centroid_max_2500m,OpenStreetMap Overpass API
AIZ_LOC_014,Sesawng,AIZ_05739,2414.98,nearest_centroid_max_2500m,OpenStreetMap Overpass API
AIZ_LOC_036,Saipum,AIZ_05852,2221.56,nearest_centroid_max_2500m,OpenStreetMap Overpass API
AIZ_LOC_036,Saipum,AIZ_05853,1740.82,nearest_centroid_max_2500m,OpenStreetMap Overpass API
AIZ_LOC_036,Saipum,AIZ_05854,1357.65,nearest_centroid_max_2500m,OpenStreetMap Overpass API
AIZ_LOC_031,Thingsulthliah,AIZ_05886,2452.21,nearest_centroid_max_2500m,OpenStreetMap Overpass API
AIZ_LOC_031,Thingsulthliah,AIZ_05887,2279.45,nearest_centroid_max_2500m,OpenStreetMap Overpass API
AIZ_LOC_031,Thingsulthliah,AIZ_05888,2209.76,nearest_centroid_max_2500m,OpenStreetMap Overpass API
AIZ_LOC_031,Thingsulthliah,AIZ_05889,2252.66,nearest_centroid_max_2500m,OpenStreetMap Overpass API
AIZ_LOC_031,Thingsulthliah,AIZ_05890,2402.18,nearest_centroid_max_2500m,OpenStreetMap Overpass API
AIZ_LOC_036,Saipum,AIZ_06015,2201.66,nearest_centroid_max_2500m,OpenStreetMap Overpass API
AIZ_LOC_036,Saipum,AIZ_06016,1699.56,nearest_centroid_max_2500m,OpenStreetMap Overpass API
AIZ_LOC_036,Saipum,AIZ_06017,1204.05,nearest_centroid_max_2500m,OpenStreetMap Overpass API
AIZ_LOC_036,Saipum,AIZ_06018,825.75,nearest_centroid_max_2500m,OpenStreetMap Overpass API
AIZ_LOC_036,Saipum,AIZ_06183,2263.99,nearest_centroid_max_2500m,OpenStreetMap Overpass API
AIZ_LOC_036,Saipum,AIZ_06184,1779.57,nearest_centroid_max_2500m,OpenStreetMap Overpass API
AIZ_LOC_036,Saipum,AIZ_06185,1308.6,nearest_centroid_max_2500m,OpenStreetMap Overpass API
AIZ_LOC_036,Saipum,AIZ_06186,898.75,nearest_centroid_max_2500m,OpenStreetMap Overpass API
AIZ_LOC_036,Saipum,AIZ_06187,819.46,nearest_centroid_max_2500m,OpenStreetMap Overpass API
AIZ_LOC_036,Saipum,AIZ_06188,1104.82,nearest_centroid_max_2500m,OpenStreetMap Overpass API
AIZ_LOC_036,Saipum,AIZ_06189,1439.59,nearest_centroid_max_2500m,OpenStreetMap Overpass API
AIZ_LOC_036,Saipum,AIZ_06190,1841.04,nearest_centroid_max_2500m,OpenStreetMap Overpass API
AIZ_LOC_041,Palsang,AIZ_06352,2473.59,nearest_centroid_max_2500m,OpenStreetMap Overpass API
AIZ_LOC_041,Palsang,AIZ_06353,2345.51,nearest_centroid_max_2500m,OpenStreetMap Overpass API
AIZ_LOC_041,Palsang,AIZ_06354,2321.32,nearest_centroid_max_2500m,OpenStreetMap Overpass API
AIZ_LOC_041,Palsang,AIZ_06355,2404.06,nearest_centroid_max_2500m,OpenStreetMap Overpass API
AIZ_LOC_036,Saipum,AIZ_06365,2429.64,nearest_centroid_max_2500m,OpenStreetMap Overpass API
AIZ_LOC_036,Saipum,AIZ_06366,1986.02,nearest_centroid_max_2500m,OpenStreetMap Overpass API
AIZ_LOC_036,Saipum,AIZ_06367,1577.89,nearest_centroid_max_2500m,OpenStreetMap Overpass API
AIZ_LOC_036,Saipum,AIZ_06368,1240.78,nearest_centroid_max_2500m,OpenStreetMap Overpass API
AIZ_LOC_036,Saipum,AIZ_06369,1082.73,nearest_centroid_max_2500m,OpenStreetMap Overpass API
AIZ_LOC_036,Saipum,AIZ_06370,1153.57,nearest_centroid_max_2500m,OpenStreetMap Overpass API
AIZ_LOC_036,Saipum,AIZ_06371,1327.9,nearest_centroid_max_2500m,OpenStreetMap Overpass API
AIZ_LOC_036,Saipum,AIZ_06372,1667.96,nearest_centroid_max_2500m,OpenStreetMap Overpass API
AIZ_LOC_036,Saipum,AIZ_06373,2082.5,nearest_centroid_max_2500m,OpenStreetMap Overpass API
AIZ_LOC_036,Saipum,AIZ_06374,2394.56,nearest_centroid_max_2500m,OpenStreetMap Overpass API
AIZ_LOC_024,Hualtu,AIZ_06379,2136.47,nearest_centroid_max_2500m,OpenStreetMap Overpass API
AIZ_LOC_024,Hualtu,AIZ_06380,2377.68,nearest_centroid_max_2500m,OpenStreetMap Overpass API
AIZ_LOC_041,Palsang,AIZ_06541,2275.0,nearest_centroid_max_2500m,OpenStreetMap Overpass API
AIZ_LOC_041,Palsang,AIZ_06542,2013.39,nearest_centroid_max_2500m,OpenStreetMap Overpass API
AIZ_LOC_041,Palsang,AIZ_06543,1853.78,nearest_centroid_max_2500m,OpenStreetMap Overpass API
AIZ_LOC_041,Palsang,AIZ_06544,1823.08,nearest_centroid_max_2500m,OpenStreetMap Overpass API
AIZ_LOC_041,Palsang,AIZ_06545,1927.35,nearest_centroid_max_2500m,OpenStreetMap Overpass API
AIZ_LOC_041,Palsang,AIZ_06546,2147.2,nearest_centroid_max_2500m,OpenStreetMap Overpass API
AIZ_LOC_041,Palsang,AIZ_06547,2451.64,nearest_centroid_max_2500m,OpenStreetMap Overpass API
AIZ_LOC_036,Saipum,AIZ_06556,2284.73,nearest_centroid_max_2500m,OpenStreetMap Overpass API
AIZ_LOC_036,Saipum,AIZ_06557,1940.48,nearest_centroid_max_2500m,OpenStreetMap Overpass API
AIZ_LOC_036,Saipum,AIZ_06558,1677.96,nearest_centroid_max_2500m,OpenStreetMap Overpass API
AIZ_LOC_036,Saipum,AIZ_06559,1539.36,nearest_centroid_max_2500m,OpenStreetMap Overpass API
AIZ_LOC_036,Saipum,AIZ_06560,1558.2,nearest_centroid_max_2500m,OpenStreetMap Overpass API
AIZ_LOC_036,Saipum,AIZ_06561,1729.43,nearest_centroid_max_2500m,OpenStreetMap Overpass API
AIZ_LOC_036,Saipum,AIZ_06562,2014.42,nearest_centroid_max_2500m,OpenStreetMap Overpass API
AIZ_LOC_036,Saipum,AIZ_06563,2372.59,nearest_centroid_max_2500m,OpenStreetMap Overpass API
AIZ_LOC_024,Hualtu,AIZ_06568,1428.82,nearest_centroid_max_2500m,OpenStreetMap Overpass API
AIZ_LOC_024,Hualtu,AIZ_06569,1683.88,nearest_centroid_max_2500m,OpenStreetMap Overpass API
AIZ_LOC_024,Hualtu,AIZ_06570,1989.87,nearest_centroid_max_2500m,OpenStreetMap Overpass API
AIZ_LOC_024,Hualtu,AIZ_06571,2363.07,nearest_centroid_max_2500m,OpenStreetMap Overpass API
AIZ_LOC_013,Phaileng,AIZ_06651,2437.87,nearest_centroid_max_2500m,OpenStreetMap Overpass API
AIZ_LOC_013,Phaileng,AIZ_06652,2343.25,nearest_centroid_max_2500m,OpenStreetMap Overpass API
AIZ_LOC_013,Phaileng,AIZ_06653,2354.21,nearest_centroid_max_2500m,OpenStreetMap Overpass API
AIZ_LOC_013,Phaileng,AIZ_06654,2469.54,nearest_centroid_max_2500m,OpenStreetMap Overpass API
AIZ_LOC_015,Ratn,AIZ_06694,2315.78,nearest_centroid_max_2500m,OpenStreetMap Overpass API
AIZ_LOC_015,Ratn,AIZ_06695,2163.32,nearest_centroid_max_2500m,OpenStreetMap Overpass API
AIZ_LOC_015,Ratn,AIZ_06696,2121.54,nearest_centroid_max_2500m,OpenStreetMap Overpass API
AIZ_LOC_015,Ratn,AIZ_06697,2196.97,nearest_centroid_max_2500m,OpenStreetMap Overpass API
AIZ_LOC_015,Ratn,AIZ_06698,2378.3,nearest_centroid_max_2500m,OpenStreetMap Overpass API
AIZ_LOC_041,Palsang,AIZ_06731,2288.04,nearest_centroid_max_2500m,OpenStreetMap Overpass API
AIZ_LOC_041,Palsang,AIZ_06732,1899.76,nearest_centroid_max_2500m,OpenStreetMap Overpass API
AIZ_LOC_041,Palsang,AIZ_06733,1577.23,nearest_centroid_max_2500m,OpenStreetMap Overpass API
AIZ_LOC_041,Palsang,AIZ_06734,1367.58,nearest_centroid_max_2500m,OpenStreetMap Overpass API
AIZ_LOC_041,Palsang,AIZ_06735,1325.7,nearest_centroid_max_2500m,OpenStreetMap Overpass API
AIZ_LOC_041,Palsang,AIZ_06736,1465.86,nearest_centroid_max_2500m,OpenStreetMap Overpass API
AIZ_LOC_041,Palsang,AIZ_06737,1744.88,nearest_centroid_max_2500m,OpenStreetMap Overpass API
AIZ_LOC_041,Palsang,AIZ_06738,2108.12,nearest_centroid_max_2500m,OpenStreetMap Overpass API
AIZ_LOC_037,Mauchar,AIZ_06747,2483.47,nearest_centroid_max_2500m,OpenStreetMap Overpass API
AIZ_LOC_037,Mauchar,AIZ_06748,2218.7,nearest_centroid_max_2500m,OpenStreetMap Overpass API
AIZ_LOC_037,Mauchar,AIZ_06749,2045.08,nearest_centroid_max_2500m,OpenStreetMap Overpass API
AIZ_LOC_037,Mauchar,AIZ_06750,1986.45,nearest_centroid_max_2500m,OpenStreetMap Overpass API
AIZ_LOC_036,Saipum,AIZ_06751,2050.07,nearest_centroid_max_2500m,OpenStreetMap Overpass API
AIZ_LOC_036,Saipum,AIZ_06752,2183.08,nearest_centroid_max_2500m,OpenStreetMap Overpass API
AIZ_LOC_036,Saipum,AIZ_06753,2415.11,nearest_centroid_max_2500m,OpenStreetMap Overpass API
AIZ_LOC_024,Hualtu,AIZ_06760,1026.18,nearest_centroid_max_2500m,OpenStreetMap Overpass API
AIZ_LOC_024,Hualtu,AIZ_06761,1282.12,nearest_centroid_max_2500m,OpenStreetMap Overpass API
AIZ_LOC_024,Hualtu,AIZ_06762,1662.63,nearest_centroid_max_2500m,OpenStreetMap Overpass API
AIZ_LOC_024,Hualtu,AIZ_06763,2095.03,nearest_centroid_max_2500m,OpenStreetMap Overpass API
AIZ_LOC_013,Phaileng,AIZ_06842,2195.0,nearest_centroid_max_2500m,OpenStreetMap Overpass API
AIZ_LOC_013,Phaileng,AIZ_06843,1964.94,nearest_centroid_max_2500m,OpenStreetMap Overpass API
AIZ_LOC_013,Phaileng,AIZ_06844,1846.15,nearest_centroid_max_2500m,OpenStreetMap Overpass API
AIZ_LOC_013,Phaileng,AIZ_06845,1860.17,nearest_centroid_max_2500m,OpenStreetMap Overpass API
AIZ_LOC_013,Phaileng,AIZ_06846,2004.03,nearest_centroid_max_2500m,OpenStreetMap Overpass API
AIZ_LOC_013,Phaileng,AIZ_06847,2253.14,nearest_centroid_max_2500m,OpenStreetMap Overpass API
AIZ_LOC_012,Darlawn,AIZ_06866,2388.32,nearest_centroid_max_2500m,OpenStreetMap Overpass API
AIZ_LOC_012,Darlawn,AIZ_06867,2284.11,nearest_centroid_max_2500m,OpenStreetMap Overpass API
AIZ_LOC_012,Darlawn,AIZ_06868,2288.01,nearest_centroid_max_2500m,OpenStreetMap Overpass API
AIZ_LOC_012,Darlawn,AIZ_06869,2399.32,nearest_centroid_max_2500m,OpenStreetMap Overpass API
AIZ_LOC_015,Ratn,AIZ_06885,2163.81,nearest_centroid_max_2500m,OpenStreetMap Overpass API
AIZ_LOC_015,Ratn,AIZ_06886,1869.46,nearest_centroid_max_2500m,OpenStreetMap Overpass API
AIZ_LOC_015,Ratn,AIZ_06887,1676.8,nearest_centroid_max_2500m,OpenStreetMap Overpass API
AIZ_LOC_015,Ratn,AIZ_06888,1622.57,nearest_centroid_max_2500m,OpenStreetMap Overpass API
AIZ_LOC_015,Ratn,AIZ_06889,1720.03,nearest_centroid_max_2500m,OpenStreetMap Overpass API
AIZ_LOC_015,Ratn,AIZ_06890,1946.34,nearest_centroid_max_2500m,OpenStreetMap Overpass API
AIZ_LOC_015,Ratn,AIZ_06891,2263.25,nearest_centroid_max_2500m,OpenStreetMap Overpass API
AIZ_LOC_041,Palsang,AIZ_06923,2041.52,nearest_centroid_max_2500m,OpenStreetMap Overpass API
AIZ_LOC_041,Palsang,AIZ_06924,1594.32,nearest_centroid_max_2500m,OpenStreetMap Overpass API
AIZ_LOC_041,Palsang,AIZ_06925,1191.73,nearest_centroid_max_2500m,OpenStreetMap Overpass API
AIZ_LOC_041,Palsang,AIZ_06926,896.14,nearest_centroid_max_2500m,OpenStreetMap Overpass API
AIZ_LOC_041,Palsang,AIZ_06927,830.71,nearest_centroid_max_2500m,OpenStreetMap Overpass API
AIZ_LOC_041,Palsang,AIZ_06928,1039.91,nearest_centroid_max_2500m,OpenStreetMap Overpass API
AIZ_LOC_041,Palsang,AIZ_06929,1406.14,nearest_centroid_max_2500m,OpenStreetMap Overpass API
AIZ_LOC_041,Palsang,AIZ_06930,1837.72,nearest_centroid_max_2500m,OpenStreetMap Overpass API
AIZ_LOC_041,Palsang,AIZ_06931,2298.16,nearest_centroid_max_2500m,OpenStreetMap Overpass API
AIZ_LOC_037,Mauchar,AIZ_06938,2486.43,nearest_centroid_max_2500m,OpenStreetMap Overpass API
AIZ_LOC_037,Mauchar,AIZ_06939,2105.49,nearest_centroid_max_2500m,OpenStreetMap Overpass API
AIZ_LOC_037,Mauchar,AIZ_06940,1785.55,nearest_centroid_max_2500m,OpenStreetMap Overpass API
AIZ_LOC_037,Mauchar,AIZ_06941,1564.58,nearest_centroid_max_2500m,OpenStreetMap Overpass API
AIZ_LOC_037,Mauchar,AIZ_06942,1487.17,nearest_centroid_max_2500m,OpenStreetMap Overpass API
AIZ_LOC_037,Mauchar,AIZ_06943,1574.71,nearest_centroid_max_2500m,OpenStreetMap Overpass API
AIZ_LOC_037,Mauchar,AIZ_06944,1803.44,nearest_centroid_max_2500m,OpenStreetMap Overpass API
AIZ_LOC_037,Mauchar,AIZ_06945,2128.17,nearest_centroid_max_2500m,OpenStreetMap Overpass API
AIZ_LOC_024,Hualtu,AIZ_06954,630.99,nearest_centroid_max_2500m,OpenStreetMap Overpass API
AIZ_LOC_024,Hualtu,AIZ_06955,973.4,nearest_centroid_max_2500m,OpenStreetMap Overpass API
AIZ_LOC_024,Hualtu,AIZ_06956,1437.97,nearest_centroid_max_2500m,OpenStreetMap Overpass API
AIZ_LOC_024,Hualtu,AIZ_06957,1921.65,nearest_centroid_max_2500m,OpenStreetMap Overpass API
AIZ_LOC_024,Hualtu,AIZ_06958,2412.83,nearest_centroid_max_2500m,OpenStreetMap Overpass API
AIZ_LOC_025,Lenchim,AIZ_06966,2462.73,nearest_centroid_max_2500m,OpenStreetMap Overpass API
AIZ_LOC_025,Lenchim,AIZ_06967,2211.91,nearest_centroid_max_2500m,OpenStreetMap Overpass API
AIZ_LOC_025,Lenchim,AIZ_06968,2055.41,nearest_centroid_max_2500m,OpenStreetMap Overpass API
AIZ_LOC_025,Lenchim,AIZ_06969,2015.24,nearest_centroid_max_2500m,OpenStreetMap Overpass API
AIZ_LOC_025,Lenchim,AIZ_06970,2098.12,nearest_centroid_max_2500m,OpenStreetMap Overpass API
AIZ_LOC_025,Lenchim,AIZ_06971,2290.71,nearest_centroid_max_2500m,OpenStreetMap Overpass API
AIZ_LOC_013,Phaileng,AIZ_07035,2167.04,nearest_centroid_max_2500m,OpenStreetMap Overpass API
AIZ_LOC_013,Phaileng,AIZ_07036,1798.44,nearest_centroid_max_2500m,OpenStreetMap Overpass API
AIZ_LOC_013,Phaileng,AIZ_07037,1509.11,nearest_centroid_max_2500m,OpenStreetMap Overpass API
AIZ_LOC_013,Phaileng,AIZ_07038,1350.84,nearest_centroid_max_2500m,OpenStreetMap Overpass API
AIZ_LOC_013,Phaileng,AIZ_07039,1369.83,nearest_centroid_max_2500m,OpenStreetMap Overpass API
AIZ_LOC_013,Phaileng,AIZ_07040,1559.63,nearest_centroid_max_2500m,OpenStreetMap Overpass API
AIZ_LOC_013,Phaileng,AIZ_07041,1868.97,nearest_centroid_max_2500m,OpenStreetMap Overpass API
AIZ_LOC_013,Phaileng,AIZ_07042,2248.96,nearest_centroid_max_2500m,OpenStreetMap Overpass API
AIZ_LOC_012,Darlawn,AIZ_07058,2484.2,nearest_centroid_max_2500m,OpenStreetMap Overpass API
AIZ_LOC_012,Darlawn,AIZ_07059,2162.33,nearest_centroid_max_2500m,OpenStreetMap Overpass API
AIZ_LOC_012,Darlawn,AIZ_07060,1919.44,nearest_centroid_max_2500m,OpenStreetMap Overpass API
AIZ_LOC_012,Darlawn,AIZ_07061,1788.14,nearest_centroid_max_2500m,OpenStreetMap Overpass API
AIZ_LOC_012,Darlawn,AIZ_07062,1793.02,nearest_centroid_max_2500m,OpenStreetMap Overpass API
AIZ_LOC_012,Darlawn,AIZ_07063,1933.07,nearest_centroid_max_2500m,OpenStreetMap Overpass API
AIZ_LOC_012,Darlawn,AIZ_07064,2182.41,nearest_centroid_max_2500m,OpenStreetMap Overpass API
AIZ_LOC_015,Ratn,AIZ_07078,2237.07,nearest_centroid_max_2500m,OpenStreetMap Overpass API
AIZ_LOC_015,Ratn,AIZ_07079,1820.08,nearest_centroid_max_2500m,OpenStreetMap Overpass API
AIZ_LOC_015,Ratn,AIZ_07080,1457.82,nearest_centroid_max_2500m,OpenStreetMap Overpass API
AIZ_LOC_015,Ratn,AIZ_07081,1200.87,nearest_centroid_max_2500m,OpenStreetMap Overpass API
AIZ_LOC_015,Ratn,AIZ_07082,1123.95,nearest_centroid_max_2500m,OpenStreetMap Overpass API
AIZ_LOC_015,Ratn,AIZ_07083,1260.46,nearest_centroid_max_2500m,OpenStreetMap Overpass API
AIZ_LOC_015,Ratn,AIZ_07084,1555.18,nearest_centroid_max_2500m,OpenStreetMap Overpass API
AIZ_LOC_015,Ratn,AIZ_07085,1937.26,nearest_centroid_max_2500m,OpenStreetMap Overpass API
AIZ_LOC_015,Ratn,AIZ_07086,2364.62,nearest_centroid_max_2500m,OpenStreetMap Overpass API
AIZ_LOC_041,Palsang,AIZ_07116,2393.6,nearest_centroid_max_2500m,OpenStreetMap Overpass API
AIZ_LOC_041,Palsang,AIZ_07117,1897.13,nearest_centroid_max_2500m,OpenStreetMap Overpass API
AIZ_LOC_041,Palsang,AIZ_07118,1404.7,nearest_centroid_max_2500m,OpenStreetMap Overpass API
AIZ_LOC_041,Palsang,AIZ_07119,922.83,nearest_centroid_max_2500m,OpenStreetMap Overpass API
AIZ_LOC_041,Palsang,AIZ_07120,484.1,nearest_centroid_max_2500m,OpenStreetMap Overpass API
AIZ_LOC_041,Palsang,AIZ_07121,348.46,nearest_centroid_max_2500m,OpenStreetMap Overpass API
AIZ_LOC_041,Palsang,AIZ_07122,716.11,nearest_centroid_max_2500m,OpenStreetMap Overpass API
AIZ_LOC_041,Palsang,AIZ_07123,1186.84,nearest_centroid_max_2500m,OpenStreetMap Overpass API
AIZ_LOC_041,Palsang,AIZ_07124,1675.89,nearest_centroid_max_2500m,OpenStreetMap Overpass API
AIZ_LOC_041,Palsang,AIZ_07125,2170.94,nearest_centroid_max_2500m,OpenStreetMap Overpass API
AIZ_LOC_037,Mauchar,AIZ_07132,2224.05,nearest_centroid_max_2500m,OpenStreetMap Overpass API
AIZ_LOC_037,Mauchar,AIZ_07133,1788.09,nearest_centroid_max_2500m,OpenStreetMap Overpass API
AIZ_LOC_037,Mauchar,AIZ_07134,1397.3,nearest_centroid_max_2500m,OpenStreetMap Overpass API
AIZ_LOC_037,Mauchar,AIZ_07135,1100.88,nearest_centroid_max_2500m,OpenStreetMap Overpass API
AIZ_LOC_037,Mauchar,AIZ_07136,987.9,nearest_centroid_max_2500m,OpenStreetMap Overpass API
AIZ_LOC_037,Mauchar,AIZ_07137,1115.38,nearest_centroid_max_2500m,OpenStreetMap Overpass API
AIZ_LOC_037,Mauchar,AIZ_07138,1420.05,nearest_centroid_max_2500m,OpenStreetMap Overpass API
AIZ_LOC_037,Mauchar,AIZ_07139,1814.75,nearest_centroid_max_2500m,OpenStreetMap Overpass API
AIZ_LOC_037,Mauchar,AIZ_07140,2252.65,nearest_centroid_max_2500m,OpenStreetMap Overpass API
AIZ_LOC_024,Hualtu,AIZ_07149,459.23,nearest_centroid_max_2500m,OpenStreetMap Overpass API
AIZ_LOC_024,Hualtu,AIZ_07150,865.95,nearest_centroid_max_2500m,OpenStreetMap Overpass API
AIZ_LOC_024,Hualtu,AIZ_07151,1367.54,nearest_centroid_max_2500m,OpenStreetMap Overpass API
AIZ_LOC_024,Hualtu,AIZ_07152,1869.54,nearest_centroid_max_2500m,OpenStreetMap Overpass API
AIZ_LOC_024,Hualtu,AIZ_07153,2371.54,nearest_centroid_max_2500m,OpenStreetMap Overpass API
AIZ_LOC_025,Lenchim,AIZ_07160,2445.43,nearest_centroid_max_2500m,OpenStreetMap Overpass API
AIZ_LOC_025,Lenchim,AIZ_07161,2074.51,nearest_centroid_max_2500m,OpenStreetMap Overpass API
AIZ_LOC_025,Lenchim,AIZ_07162,1769.44,nearest_centroid_max_2500m,OpenStreetMap Overpass API
AIZ_LOC_025,Lenchim,AIZ_07163,1569.45,nearest_centroid_max_2500m,OpenStreetMap Overpass API
AIZ_LOC_025,Lenchim,AIZ_07164,1516.49,nearest_centroid_max_2500m,OpenStreetMap Overpass API
AIZ_LOC_025,Lenchim,AIZ_07165,1625.04,nearest_centroid_max_2500m,OpenStreetMap Overpass API
AIZ_LOC_025,Lenchim,AIZ_07166,1867.11,nearest_centroid_max_2500m,OpenStreetMap Overpass API
AIZ_LOC_025,Lenchim,AIZ_07167,2199.03,nearest_centroid_max_2500m,OpenStreetMap Overpass API
AIZ_LOC_013,Phaileng,AIZ_07229,2361.49,nearest_centroid_max_2500m,OpenStreetMap Overpass API
AIZ_LOC_013,Phaileng,AIZ_07230,1900.26,nearest_centroid_max_2500m,OpenStreetMap Overpass API
AIZ_LOC_013,Phaileng,AIZ_07231,1466.16,nearest_centroid_max_2500m,OpenStreetMap Overpass API
AIZ_LOC_013,Phaileng,AIZ_07232,1091.92,nearest_centroid_max_2500m,OpenStreetMap Overpass API
AIZ_LOC_013,Phaileng,AIZ_07233,860.07,nearest_centroid_max_2500m,OpenStreetMap Overpass API
AIZ_LOC_013,Phaileng,AIZ_07234,889.64,nearest_centroid_max_2500m,OpenStreetMap Overpass API
AIZ_LOC_013,Phaileng,AIZ_07235,1160.83,nearest_centroid_max_2500m,OpenStreetMap Overpass API
AIZ_LOC_013,Phaileng,AIZ_07236,1551.75,nearest_centroid_max_2500m,OpenStreetMap Overpass API
AIZ_LOC_013,Phaileng,AIZ_07237,1993.25,nearest_centroid_max_2500m,OpenStreetMap Overpass API
AIZ_LOC_013,Phaileng,AIZ_07238,2458.08,nearest_centroid_max_2500m,OpenStreetMap Overpass API
AIZ_LOC_012,Darlawn,AIZ_07253,2156.37,nearest_centroid_max_2500m,OpenStreetMap Overpass API
AIZ_LOC_012,Darlawn,AIZ_07254,1776.07,nearest_centroid_max_2500m,OpenStreetMap Overpass API
AIZ_LOC_012,Darlawn,AIZ_07255,1470.8,nearest_centroid_max_2500m,OpenStreetMap Overpass API
AIZ_LOC_012,Darlawn,AIZ_07256,1294.66,nearest_centroid_max_2500m,OpenStreetMap Overpass API
AIZ_LOC_012,Darlawn,AIZ_07257,1301.41,nearest_centroid_max_2500m,OpenStreetMap Overpass API
AIZ_LOC_012,Darlawn,AIZ_07258,1488.48,nearest_centroid_max_2500m,OpenStreetMap Overpass API
AIZ_LOC_012,Darlawn,AIZ_07259,1800.5,nearest_centroid_max_2500m,OpenStreetMap Overpass API
AIZ_LOC_012,Darlawn,AIZ_07260,2184.57,nearest_centroid_max_2500m,OpenStreetMap Overpass API
AIZ_LOC_015,Ratn,AIZ_07273,2033.2,nearest_centroid_max_2500m,OpenStreetMap Overpass API
AIZ_LOC_015,Ratn,AIZ_07274,1562.71,nearest_centroid_max_2500m,OpenStreetMap Overpass API
AIZ_LOC_015,Ratn,AIZ_07275,1120.07,nearest_centroid_max_2500m,OpenStreetMap Overpass API
AIZ_LOC_015,Ratn,AIZ_07276,755.82,nearest_centroid_max_2500m,OpenStreetMap Overpass API
AIZ_LOC_015,Ratn,AIZ_07277,626.5,nearest_centroid_max_2500m,OpenStreetMap Overpass API
AIZ_LOC_015,Ratn,AIZ_07278,847.39,nearest_centroid_max_2500m,OpenStreetMap Overpass API
AIZ_LOC_015,Ratn,AIZ_07279,1244.16,nearest_centroid_max_2500m,OpenStreetMap Overpass API
AIZ_LOC_015,Ratn,AIZ_07280,1697.69,nearest_centroid_max_2500m,OpenStreetMap Overpass API
AIZ_LOC_015,Ratn,AIZ_07281,2172.71,nearest_centroid_max_2500m,OpenStreetMap Overpass API
AIZ_LOC_039,Thingsat,AIZ_07296,2469.57,nearest_centroid_max_2500m,OpenStreetMap Overpass API
AIZ_LOC_039,Thingsat,AIZ_07297,2477.84,nearest_centroid_max_2500m,OpenStreetMap Overpass API
AIZ_LOC_041,Palsang,AIZ_07311,2378.91,nearest_centroid_max_2500m,OpenStreetMap Overpass API
AIZ_LOC_041,Palsang,AIZ_07312,1878.57,nearest_centroid_max_2500m,OpenStreetMap Overpass API
AIZ_LOC_041,Palsang,AIZ_07313,1379.55,nearest_centroid_max_2500m,OpenStreetMap Overpass API
AIZ_LOC_041,Palsang,AIZ_07314,884.08,nearest_centroid_max_2500m,OpenStreetMap Overpass API
AIZ_LOC_041,Palsang,AIZ_07315,405.48,nearest_centroid_max_2500m,OpenStreetMap Overpass API
AIZ_LOC_041,Palsang,AIZ_07316,226.9,nearest_centroid_max_2500m,OpenStreetMap Overpass API
AIZ_LOC_041,Palsang,AIZ_07317,665.43,nearest_centroid_max_2500m,OpenStreetMap Overpass API
AIZ_LOC_041,Palsang,AIZ_07318,1156.9,nearest_centroid_max_2500m,OpenStreetMap Overpass API
AIZ_LOC_041,Palsang,AIZ_07319,1654.8,nearest_centroid_max_2500m,OpenStreetMap Overpass API
AIZ_LOC_041,Palsang,AIZ_07320,2154.68,nearest_centroid_max_2500m,OpenStreetMap Overpass API
AIZ_LOC_037,Mauchar,AIZ_07327,2051.63,nearest_centroid_max_2500m,OpenStreetMap Overpass API
AIZ_LOC_037,Mauchar,AIZ_07328,1568.47,nearest_centroid_max_2500m,OpenStreetMap Overpass API
AIZ_LOC_037,Mauchar,AIZ_07329,1102.42,nearest_centroid_max_2500m,OpenStreetMap Overpass API
AIZ_LOC_037,Mauchar,AIZ_07330,689.11,nearest_centroid_max_2500m,OpenStreetMap Overpass API
AIZ_LOC_037,Mauchar,AIZ_07331,488.62,nearest_centroid_max_2500m,OpenStreetMap Overpass API
AIZ_LOC_037,Mauchar,AIZ_07332,712.0,nearest_centroid_max_2500m,OpenStreetMap Overpass API
AIZ_LOC_037,Mauchar,AIZ_07333,1131.13,nearest_centroid_max_2500m,OpenStreetMap Overpass API
AIZ_LOC_037,Mauchar,AIZ_07334,1598.84,nearest_centroid_max_2500m,OpenStreetMap Overpass API
AIZ_LOC_037,Mauchar,AIZ_07335,2082.55,nearest_centroid_max_2500m,OpenStreetMap Overpass API
AIZ_LOC_024,Hualtu,AIZ_07344,722.44,nearest_centroid_max_2500m,OpenStreetMap Overpass API
AIZ_LOC_024,Hualtu,AIZ_07345,1025.09,nearest_centroid_max_2500m,OpenStreetMap Overpass API
AIZ_LOC_024,Hualtu,AIZ_07346,1473.57,nearest_centroid_max_2500m,OpenStreetMap Overpass API
AIZ_LOC_024,Hualtu,AIZ_07347,1948.34,nearest_centroid_max_2500m,OpenStreetMap Overpass API
AIZ_LOC_024,Hualtu,AIZ_07348,2434.24,nearest_centroid_max_2500m,OpenStreetMap Overpass API
AIZ_LOC_025,Lenchim,AIZ_07355,2172.02,nearest_centroid_max_2500m,OpenStreetMap Overpass API
AIZ_LOC_025,Lenchim,AIZ_07356,1743.74,nearest_centroid_max_2500m,OpenStreetMap Overpass API
AIZ_LOC_025,Lenchim,AIZ_07357,1366.94,nearest_centroid_max_2500m,OpenStreetMap Overpass API
AIZ_LOC_025,Lenchim,AIZ_07358,1095.78,nearest_centroid_max_2500m,OpenStreetMap Overpass API
AIZ_LOC_025,Lenchim,AIZ_07359,1018.37,nearest_centroid_max_2500m,OpenStreetMap Overpass API
AIZ_LOC_025,Lenchim,AIZ_07360,1173.9,nearest_centroid_max_2500m,OpenStreetMap Overpass API
AIZ_LOC_025,Lenchim,AIZ_07361,1491.17,nearest_centroid_max_2500m,OpenStreetMap Overpass API
AIZ_LOC_025,Lenchim,AIZ_07362,1890.26,nearest_centroid_max_2500m,OpenStreetMap Overpass API
AIZ_LOC_025,Lenchim,AIZ_07363,2329.62,nearest_centroid_max_2500m,OpenStreetMap Overpass API
AIZ_LOC_013,Phaileng,AIZ_07424,2233.87,nearest_centroid_max_2500m,OpenStreetMap Overpass API
AIZ_LOC_013,Phaileng,AIZ_07425,1739.13,nearest_centroid_max_2500m,OpenStreetMap Overpass API
AIZ_LOC_013,Phaileng,AIZ_07426,1250.29,nearest_centroid_max_2500m,OpenStreetMap Overpass API
AIZ_LOC_013,Phaileng,AIZ_07427,778.62,nearest_centroid_max_2500m,OpenStreetMap Overpass API
AIZ_LOC_013,Phaileng,AIZ_07428,391.94,nearest_centroid_max_2500m,OpenStreetMap Overpass API
AIZ_LOC_013,Phaileng,AIZ_07429,453.17,nearest_centroid_max_2500m,OpenStreetMap Overpass API
AIZ_LOC_013,Phaileng,AIZ_07430,872.59,nearest_centroid_max_2500m,OpenStreetMap Overpass API
AIZ_LOC_013,Phaileng,AIZ_07431,1349.76,nearest_centroid_max_2500m,OpenStreetMap Overpass API
AIZ_LOC_013,Phaileng,AIZ_07432,1840.28,nearest_centroid_max_2500m,OpenStreetMap Overpass API
AIZ_LOC_013,Phaileng,AIZ_07433,2335.74,nearest_centroid_max_2500m,OpenStreetMap Overpass API
AIZ_LOC_012,Darlawn,AIZ_07447,2372.13,nearest_centroid_max_2500m,OpenStreetMap Overpass API
AIZ_LOC_012,Darlawn,AIZ_07448,1904.54,nearest_centroid_max_2500m,OpenStreetMap Overpass API
AIZ_LOC_012,Darlawn,AIZ_07449,1460.08,nearest_centroid_max_2500m,OpenStreetMap Overpass API
AIZ_LOC_012,Darlawn,AIZ_07450,1067.98,nearest_centroid_max_2500m,OpenStreetMap Overpass API
AIZ_LOC_012,Darlawn,AIZ_07451,808.57,nearest_centroid_max_2500m,OpenStreetMap Overpass API
AIZ_LOC_012,Darlawn,AIZ_07452,819.35,nearest_centroid_max_2500m,OpenStreetMap Overpass API
AIZ_LOC_012,Darlawn,AIZ_07453,1092.33,nearest_centroid_max_2500m,OpenStreetMap Overpass API
AIZ_LOC_012,Darlawn,AIZ_07454,1489.7,nearest_centroid_max_2500m,OpenStreetMap Overpass API
AIZ_LOC_012,Darlawn,AIZ_07455,1936.52,nearest_centroid_max_2500m,OpenStreetMap Overpass API
AIZ_LOC_012,Darlawn,AIZ_07456,2405.21,nearest_centroid_max_2500m,OpenStreetMap Overpass API
AIZ_LOC_015,Ratn,AIZ_07467,2440.86,nearest_centroid_max_2500m,OpenStreetMap Overpass API
AIZ_LOC_015,Ratn,AIZ_07468,1939.51,nearest_centroid_max_2500m,OpenStreetMap Overpass API
AIZ_LOC_015,Ratn,AIZ_07469,1438.72,nearest_centroid_max_2500m,OpenStreetMap Overpass API
AIZ_LOC_015,Ratn,AIZ_07470,939.38,nearest_centroid_max_2500m,OpenStreetMap Overpass API
AIZ_LOC_015,Ratn,AIZ_07471,446.38,nearest_centroid_max_2500m,OpenStreetMap Overpass API
AIZ_LOC_015,Ratn,AIZ_07472,142.93,nearest_centroid_max_2500m,OpenStreetMap Overpass API
AIZ_LOC_015,Ratn,AIZ_07473,588.15,nearest_centroid_max_2500m,OpenStreetMap Overpass API
AIZ_LOC_015,Ratn,AIZ_07474,1084.31,nearest_centroid_max_2500m,OpenStreetMap Overpass API
AIZ_LOC_015,Ratn,AIZ_07475,1584.25,nearest_centroid_max_2500m,OpenStreetMap Overpass API
AIZ_LOC_015,Ratn,AIZ_07476,2085.37,nearest_centroid_max_2500m,OpenStreetMap Overpass API
AIZ_LOC_039,Thingsat,AIZ_07489,2306.94,nearest_centroid_max_2500m,OpenStreetMap Overpass API
AIZ_LOC_039,Thingsat,AIZ_07490,2086.68,nearest_centroid_max_2500m,OpenStreetMap Overpass API
AIZ_LOC_039,Thingsat,AIZ_07491,1972.53,nearest_centroid_max_2500m,OpenStreetMap Overpass API
AIZ_LOC_039,Thingsat,AIZ_07492,1982.87,nearest_centroid_max_2500m,OpenStreetMap Overpass API
AIZ_LOC_039,Thingsat,AIZ_07493,2115.8,nearest_centroid_max_2500m,OpenStreetMap Overpass API
AIZ_LOC_039,Thingsat,AIZ_07494,2350.79,nearest_centroid_max_2500m,OpenStreetMap Overpass API
AIZ_LOC_041,Palsang,AIZ_07506,2467.44,nearest_centroid_max_2500m,OpenStreetMap Overpass API
AIZ_LOC_041,Palsang,AIZ_07507,1989.5,nearest_centroid_max_2500m,OpenStreetMap Overpass API
AIZ_LOC_041,Palsang,AIZ_07508,1527.14,nearest_centroid_max_2500m,OpenStreetMap Overpass API
AIZ_LOC_041,Palsang,AIZ_07509,1100.23,nearest_centroid_max_2500m,OpenStreetMap Overpass API
AIZ_LOC_041,Palsang,AIZ_07510,770.19,nearest_centroid_max_2500m,OpenStreetMap Overpass API
AIZ_LOC_041,Palsang,AIZ_07511,692.96,nearest_centroid_max_2500m,OpenStreetMap Overpass API
AIZ_LOC_041,Palsang,AIZ_07512,933.62,nearest_centroid_max_2500m,OpenStreetMap Overpass API
AIZ_LOC_041,Palsang,AIZ_07513,1329.4,nearest_centroid_max_2500m,OpenStreetMap Overpass API
AIZ_LOC_041,Palsang,AIZ_07514,1779.68,nearest_centroid_max_2500m,OpenStreetMap Overpass API
AIZ_LOC_041,Palsang,AIZ_07515,2252.01,nearest_centroid_max_2500m,OpenStreetMap Overpass API
AIZ_LOC_037,Mauchar,AIZ_07521,2494.8,nearest_centroid_max_2500m,OpenStreetMap Overpass API
AIZ_LOC_037,Mauchar,AIZ_07522,1992.65,nearest_centroid_max_2500m,OpenStreetMap Overpass API
AIZ_LOC_037,Mauchar,AIZ_07523,1490.5,nearest_centroid_max_2500m,OpenStreetMap Overpass API
AIZ_LOC_037,Mauchar,AIZ_07524,988.37,nearest_centroid_max_2500m,OpenStreetMap Overpass API
AIZ_LOC_037,Mauchar,AIZ_07525,486.39,nearest_centroid_max_2500m,OpenStreetMap Overpass API
AIZ_LOC_037,Mauchar,AIZ_07526,19.3,nearest_centroid_max_2500m,OpenStreetMap Overpass API
AIZ_LOC_037,Mauchar,AIZ_07527,518.17,nearest_centroid_max_2500m,OpenStreetMap Overpass API
AIZ_LOC_037,Mauchar,AIZ_07528,1020.27,nearest_centroid_max_2500m,OpenStreetMap Overpass API
AIZ_LOC_037,Mauchar,AIZ_07529,1522.4,nearest_centroid_max_2500m,OpenStreetMap Overpass API
AIZ_LOC_037,Mauchar,AIZ_07530,2024.55,nearest_centroid_max_2500m,OpenStreetMap Overpass API
AIZ_LOC_024,Hualtu,AIZ_07538,1059.34,nearest_centroid_max_2500m,OpenStreetMap Overpass API
AIZ_LOC_024,Hualtu,AIZ_07539,1359.48,nearest_centroid_max_2500m,OpenStreetMap Overpass API
AIZ_LOC_024,Hualtu,AIZ_07540,1723.66,nearest_centroid_max_2500m,OpenStreetMap Overpass API
AIZ_LOC_024,Hualtu,AIZ_07541,2143.87,nearest_centroid_max_2500m,OpenStreetMap Overpass API
AIZ_LOC_025,Lenchim,AIZ_07548,2476.86,nearest_centroid_max_2500m,OpenStreetMap Overpass API
AIZ_LOC_025,Lenchim,AIZ_07549,1988.31,nearest_centroid_max_2500m,OpenStreetMap Overpass API
AIZ_LOC_025,Lenchim,AIZ_07550,1508.94,nearest_centroid_max_2500m,OpenStreetMap Overpass API
AIZ_LOC_025,Lenchim,AIZ_07551,1051.01,nearest_centroid_max_2500m,OpenStreetMap Overpass API
AIZ_LOC_025,Lenchim,AIZ_07552,660.82,nearest_centroid_max_2500m,OpenStreetMap Overpass API
AIZ_LOC_025,Lenchim,AIZ_07553,522.66,nearest_centroid_max_2500m,OpenStreetMap Overpass API
AIZ_LOC_025,Lenchim,AIZ_07554,783.72,nearest_centroid_max_2500m,OpenStreetMap Overpass API
AIZ_LOC_025,Lenchim,AIZ_07555,1208.12,nearest_centroid_max_2500m,OpenStreetMap Overpass API
AIZ_LOC_025,Lenchim,AIZ_07556,1676.04,nearest_centroid_max_2500m,OpenStreetMap Overpass API
AIZ_LOC_025,Lenchim,AIZ_07557,2159.53,nearest_centroid_max_2500m,OpenStreetMap Overpass API
AIZ_LOC_013,Phaileng,AIZ_07618,2214.25,nearest_centroid_max_2500m,OpenStreetMap Overpass API
AIZ_LOC_013,Phaileng,AIZ_07619,1713.83,nearest_centroid_max_2500m,OpenStreetMap Overpass API
AIZ_LOC_013,Phaileng,AIZ_07620,1214.86,nearest_centroid_max_2500m,OpenStreetMap Overpass API
AIZ_LOC_013,Phaileng,AIZ_07621,720.2,nearest_centroid_max_2500m,OpenStreetMap Overpass API
AIZ_LOC_013,Phaileng,AIZ_07622,257.13,nearest_centroid_max_2500m,OpenStreetMap Overpass API
AIZ_LOC_013,Phaileng,AIZ_07623,343.27,nearest_centroid_max_2500m,OpenStreetMap Overpass API
AIZ_LOC_013,Phaileng,AIZ_07624,820.92,nearest_centroid_max_2500m,OpenStreetMap Overpass API
AIZ_LOC_013,Phaileng,AIZ_07625,1316.91,nearest_centroid_max_2500m,OpenStreetMap Overpass API
AIZ_LOC_013,Phaileng,AIZ_07626,1816.41,nearest_centroid_max_2500m,OpenStreetMap Overpass API
AIZ_LOC_013,Phaileng,AIZ_07627,2317.0,nearest_centroid_max_2500m,OpenStreetMap Overpass API
AIZ_LOC_012,Darlawn,AIZ_07641,2259.09,nearest_centroid_max_2500m,OpenStreetMap Overpass API
AIZ_LOC_012,Darlawn,AIZ_07642,1761.73,nearest_centroid_max_2500m,OpenStreetMap Overpass API
AIZ_LOC_012,Darlawn,AIZ_07643,1268.12,nearest_centroid_max_2500m,OpenStreetMap Overpass API
AIZ_LOC_012,Darlawn,AIZ_07644,785.47,nearest_centroid_max_2500m,OpenStreetMap Overpass API
AIZ_LOC_012,Darlawn,AIZ_07645,360.64,nearest_centroid_max_2500m,OpenStreetMap Overpass API
AIZ_LOC_012,Darlawn,AIZ_07646,384.17,nearest_centroid_max_2500m,OpenStreetMap Overpass API
AIZ_LOC_012,Darlawn,AIZ_07647,818.23,nearest_centroid_max_2500m,OpenStreetMap Overpass API
AIZ_LOC_012,Darlawn,AIZ_07648,1302.18,nearest_centroid_max_2500m,OpenStreetMap Overpass API
AIZ_LOC_012,Darlawn,AIZ_07649,1796.17,nearest_centroid_max_2500m,OpenStreetMap Overpass API
AIZ_LOC_012,Darlawn,AIZ_07650,2293.7,nearest_centroid_max_2500m,OpenStreetMap Overpass API
AIZ_LOC_015,Ratn,AIZ_07661,2466.72,nearest_centroid_max_2500m,OpenStreetMap Overpass API
AIZ_LOC_015,Ratn,AIZ_07662,1971.93,nearest_centroid_max_2500m,OpenStreetMap Overpass API
AIZ_LOC_015,Ratn,AIZ_07663,1482.12,nearest_centroid_max_2500m,OpenStreetMap Overpass API
AIZ_LOC_015,Ratn,AIZ_07664,1004.45,nearest_centroid_max_2500m,OpenStreetMap Overpass API
AIZ_LOC_015,Ratn,AIZ_07665,570.86,nearest_centroid_max_2500m,OpenStreetMap Overpass API
AIZ_LOC_015,Ratn,AIZ_07666,383.51,nearest_centroid_max_2500m,OpenStreetMap Overpass API
AIZ_LOC_015,Ratn,AIZ_07667,687.46,nearest_centroid_max_2500m,OpenStreetMap Overpass API
AIZ_LOC_015,Ratn,AIZ_07668,1141.28,nearest_centroid_max_2500m,OpenStreetMap Overpass API
AIZ_LOC_015,Ratn,AIZ_07669,1623.79,nearest_centroid_max_2500m,OpenStreetMap Overpass API
AIZ_LOC_015,Ratn,AIZ_07670,2115.48,nearest_centroid_max_2500m,OpenStreetMap Overpass API
AIZ_LOC_016,New Vervek,AIZ_07680,2400.32,nearest_centroid_max_2500m,OpenStreetMap Overpass API
AIZ_LOC_016,New Vervek,AIZ_07681,2160.19,nearest_centroid_max_2500m,OpenStreetMap Overpass API
AIZ_LOC_016,New Vervek,AIZ_07682,2018.81,nearest_centroid_max_2500m,OpenStreetMap Overpass API
AIZ_LOC_039,Thingsat,AIZ_07683,1900.65,nearest_centroid_max_2500m,OpenStreetMap Overpass API
AIZ_LOC_039,Thingsat,AIZ_07684,1626.3,nearest_centroid_max_2500m,OpenStreetMap Overpass API
AIZ_LOC_039,Thingsat,AIZ_07685,1476.9,nearest_centroid_max_2500m,OpenStreetMap Overpass API
AIZ_LOC_039,Thingsat,AIZ_07686,1490.72,nearest_centroid_max_2500m,OpenStreetMap Overpass API
AIZ_LOC_039,Thingsat,AIZ_07687,1663.61,nearest_centroid_max_2500m,OpenStreetMap Overpass API
AIZ_LOC_039,Thingsat,AIZ_07688,1953.71,nearest_centroid_max_2500m,OpenStreetMap Overpass API
AIZ_LOC_039,Thingsat,AIZ_07689,2317.53,nearest_centroid_max_2500m,OpenStreetMap Overpass API
AIZ_LOC_041,Palsang,AIZ_07701,2210.29,nearest_centroid_max_2500m,OpenStreetMap Overpass API
AIZ_LOC_041,Palsang,AIZ_07702,1805.38,nearest_centroid_max_2500m,OpenStreetMap Overpass API
AIZ_LOC_041,Palsang,AIZ_07703,1462.11,nearest_centroid_max_2500m,OpenStreetMap Overpass API
AIZ_LOC_041,Palsang,AIZ_07704,1233.16,nearest_centroid_max_2500m,OpenStreetMap Overpass API
AIZ_LOC_041,Palsang,AIZ_07705,1186.46,nearest_centroid_max_2500m,OpenStreetMap Overpass API
AIZ_LOC_041,Palsang,AIZ_07706,1341.36,nearest_centroid_max_2500m,OpenStreetMap Overpass API
AIZ_LOC_041,Palsang,AIZ_07707,1641.61,nearest_centroid_max_2500m,OpenStreetMap Overpass API
AIZ_LOC_041,Palsang,AIZ_07708,2023.58,nearest_centroid_max_2500m,OpenStreetMap Overpass API
AIZ_LOC_041,Palsang,AIZ_07709,2449.27,nearest_centroid_max_2500m,OpenStreetMap Overpass API
AIZ_LOC_037,Mauchar,AIZ_07716,2056.98,nearest_centroid_max_2500m,OpenStreetMap Overpass API
AIZ_LOC_037,Mauchar,AIZ_07717,1575.47,nearest_centroid_max_2500m,OpenStreetMap Overpass API
AIZ_LOC_037,Mauchar,AIZ_07718,1112.34,nearest_centroid_max_2500m,OpenStreetMap Overpass API
AIZ_LOC_037,Mauchar,AIZ_07719,704.84,nearest_centroid_max_2500m,OpenStreetMap Overpass API
AIZ_LOC_037,Mauchar,AIZ_07720,510.61,nearest_centroid_max_2500m,OpenStreetMap Overpass API
AIZ_LOC_037,Mauchar,AIZ_07721,727.23,nearest_centroid_max_2500m,OpenStreetMap Overpass API
AIZ_LOC_037,Mauchar,AIZ_07722,1140.81,nearest_centroid_max_2500m,OpenStreetMap Overpass API
AIZ_LOC_037,Mauchar,AIZ_07723,1605.69,nearest_centroid_max_2500m,OpenStreetMap Overpass API
AIZ_LOC_037,Mauchar,AIZ_07724,2087.9,nearest_centroid_max_2500m,OpenStreetMap Overpass API
AIZ_LOC_024,Hualtu,AIZ_07731,1870.66,nearest_centroid_max_2500m,OpenStreetMap Overpass API
AIZ_LOC_024,Hualtu,AIZ_07732,1831.23,nearest_centroid_max_2500m,OpenStreetMap Overpass API
AIZ_LOC_024,Hualtu,AIZ_07733,2066.3,nearest_centroid_max_2500m,OpenStreetMap Overpass API
AIZ_LOC_024,Hualtu,AIZ_07734,2427.9,nearest_centroid_max_2500m,OpenStreetMap Overpass API
AIZ_LOC_025,Lenchim,AIZ_07741,2422.65,nearest_centroid_max_2500m,OpenStreetMap Overpass API
AIZ_LOC_025,Lenchim,AIZ_07742,1920.51,nearest_centroid_max_2500m,OpenStreetMap Overpass API
AIZ_LOC_025,Lenchim,AIZ_07743,1418.37,nearest_centroid_max_2500m,OpenStreetMap Overpass API
AIZ_LOC_025,Lenchim,AIZ_07744,916.15,nearest_centroid_max_2500m,OpenStreetMap Overpass API
AIZ_LOC_025,Lenchim,AIZ_07745,414.16,nearest_centroid_max_2500m,OpenStreetMap Overpass API
AIZ_LOC_025,Lenchim,AIZ_07746,89.71,nearest_centroid_max_2500m,OpenStreetMap Overpass API
AIZ_LOC_025,Lenchim,AIZ_07747,590.78,nearest_centroid_max_2500m,OpenStreetMap Overpass API
AIZ_LOC_025,Lenchim,AIZ_07748,1092.83,nearest_centroid_max_2500m,OpenStreetMap Overpass API
AIZ_LOC_025,Lenchim,AIZ_07749,1595.07,nearest_centroid_max_2500m,OpenStreetMap Overpass API
AIZ_LOC_025,Lenchim,AIZ_07750,2097.2,nearest_centroid_max_2500m,OpenStreetMap Overpass API
AIZ_LOC_013,Phaileng,AIZ_07811,2305.28,nearest_centroid_max_2500m,OpenStreetMap Overpass API
AIZ_LOC_013,Phaileng,AIZ_07812,1829.79,nearest_centroid_max_2500m,OpenStreetMap Overpass API
AIZ_LOC_013,Phaileng,AIZ_07813,1373.66,nearest_centroid_max_2500m,OpenStreetMap Overpass API
AIZ_LOC_013,Phaileng,AIZ_07814,964.39,nearest_centroid_max_2500m,OpenStreetMap Overpass API
AIZ_LOC_013,Phaileng,AIZ_07815,690.9,nearest_centroid_max_2500m,OpenStreetMap Overpass API
AIZ_LOC_013,Phaileng,AIZ_07816,727.39,nearest_centroid_max_2500m,OpenStreetMap Overpass API
AIZ_LOC_013,Phaileng,AIZ_07817,1041.65,nearest_centroid_max_2500m,OpenStreetMap Overpass API
AIZ_LOC_013,Phaileng,AIZ_07818,1464.83,nearest_centroid_max_2500m,OpenStreetMap Overpass API
AIZ_LOC_013,Phaileng,AIZ_07819,1926.28,nearest_centroid_max_2500m,OpenStreetMap Overpass API
AIZ_LOC_013,Phaileng,AIZ_07820,2404.08,nearest_centroid_max_2500m,OpenStreetMap Overpass API
AIZ_LOC_012,Darlawn,AIZ_07834,2253.59,nearest_centroid_max_2500m,OpenStreetMap Overpass API
AIZ_LOC_012,Darlawn,AIZ_07835,1754.64,nearest_centroid_max_2500m,OpenStreetMap Overpass API
AIZ_LOC_012,Darlawn,AIZ_07836,1258.16,nearest_centroid_max_2500m,OpenStreetMap Overpass API
AIZ_LOC_012,Darlawn,AIZ_07837,769.3,nearest_centroid_max_2500m,OpenStreetMap Overpass API
AIZ_LOC_012,Darlawn,AIZ_07838,324.11,nearest_centroid_max_2500m,OpenStreetMap Overpass API
AIZ_LOC_012,Darlawn,AIZ_07839,350.08,nearest_centroid_max_2500m,OpenStreetMap Overpass API
AIZ_LOC_012,Darlawn,AIZ_07840,802.76,nearest_centroid_max_2500m,OpenStreetMap Overpass API
AIZ_LOC_012,Darlawn,AIZ_07841,1292.53,nearest_centroid_max_2500m,OpenStreetMap Overpass API
AIZ_LOC_012,Darlawn,AIZ_07842,1789.16,nearest_centroid_max_2500m,OpenStreetMap Overpass API
AIZ_LOC_012,Darlawn,AIZ_07843,2288.22,nearest_centroid_max_2500m,OpenStreetMap Overpass API
AIZ_LOC_015,Ratn,AIZ_07855,2124.53,nearest_centroid_max_2500m,OpenStreetMap Overpass API
AIZ_LOC_015,Ratn,AIZ_07856,1679.81,nearest_centroid_max_2500m,OpenStreetMap Overpass API
AIZ_LOC_015,Ratn,AIZ_07857,1278.43,nearest_centroid_max_2500m,OpenStreetMap Overpass API
AIZ_LOC_015,Ratn,AIZ_07858,975.36,nearest_centroid_max_2500m,OpenStreetMap Overpass API
AIZ_LOC_015,Ratn,AIZ_07859,878.88,nearest_centroid_max_2500m,OpenStreetMap Overpass API
AIZ_LOC_015,Ratn,AIZ_07860,1047.86,nearest_centroid_max_2500m,OpenStreetMap Overpass API
AIZ_LOC_015,Ratn,AIZ_07861,1388.44,nearest_centroid_max_2500m,OpenStreetMap Overpass API
AIZ_LOC_015,Ratn,AIZ_07862,1806.1,nearest_centroid_max_2500m,OpenStreetMap Overpass API
AIZ_LOC_015,Ratn,AIZ_07863,2258.4,nearest_centroid_max_2500m,OpenStreetMap Overpass API
AIZ_LOC_016,New Vervek,AIZ_07872,2371.24,nearest_centroid_max_2500m,OpenStreetMap Overpass API
AIZ_LOC_016,New Vervek,AIZ_07873,2005.83,nearest_centroid_max_2500m,OpenStreetMap Overpass API
AIZ_LOC_016,New Vervek,AIZ_07874,1711.11,nearest_centroid_max_2500m,OpenStreetMap Overpass API
AIZ_LOC_016,New Vervek,AIZ_07875,1528.75,nearest_centroid_max_2500m,OpenStreetMap Overpass API
AIZ_LOC_016,New Vervek,AIZ_07876,1500.09,nearest_centroid_max_2500m,OpenStreetMap Overpass API
AIZ_LOC_039,Thingsat,AIZ_07877,1197.6,nearest_centroid_max_2500m,OpenStreetMap Overpass API
AIZ_LOC_039,Thingsat,AIZ_07878,985.25,nearest_centroid_max_2500m,OpenStreetMap Overpass API
AIZ_LOC_039,Thingsat,AIZ_07879,1005.83,nearest_centroid_max_2500m,OpenStreetMap Overpass API
AIZ_LOC_039,Thingsat,AIZ_07880,1247.72,nearest_centroid_max_2500m,OpenStreetMap Overpass API
AIZ_LOC_039,Thingsat,AIZ_07881,1614.38,nearest_centroid_max_2500m,OpenStreetMap Overpass API
AIZ_LOC_039,Thingsat,AIZ_07882,2039.65,nearest_centroid_max_2500m,OpenStreetMap Overpass API
AIZ_LOC_039,Thingsat,AIZ_07883,2493.64,nearest_centroid_max_2500m,OpenStreetMap Overpass API
AIZ_LOC_038,Sakawrdai,AIZ_07884,2402.72,nearest_centroid_max_2500m,OpenStreetMap Overpass API
AIZ_LOC_038,Sakawrdai,AIZ_07885,2345.2,nearest_centroid_max_2500m,OpenStreetMap Overpass API
AIZ_LOC_038,Sakawrdai,AIZ_07886,2394.1,nearest_centroid_max_2500m,OpenStreetMap Overpass API
AIZ_LOC_040,Darlawn,AIZ_07894,2455.55,nearest_centroid_max_2500m,OpenStreetMap Overpass API
AIZ_LOC_040,Darlawn,AIZ_07895,2110.25,nearest_centroid_max_2500m,OpenStreetMap Overpass API
AIZ_LOC_040,Darlawn,AIZ_07896,1838.62,nearest_centroid_max_2500m,OpenStreetMap Overpass API
AIZ_LOC_040,Darlawn,AIZ_07897,1676.97,nearest_centroid_max_2500m,OpenStreetMap Overpass API
AIZ_LOC_040,Darlawn,AIZ_07898,1657.88,nearest_centroid_max_2500m,OpenStreetMap Overpass API
AIZ_LOC_040,Darlawn,AIZ_07899,1785.75,nearest_centroid_max_2500m,OpenStreetMap Overpass API
AIZ_LOC_041,Palsang,AIZ_07900,2030.01,nearest_centroid_max_2500m,OpenStreetMap Overpass API
AIZ_LOC_041,Palsang,AIZ_07901,2349.71,nearest_centroid_max_2500m,OpenStreetMap Overpass API
AIZ_LOC_037,Mauchar,AIZ_07909,2233.91,nearest_centroid_max_2500m,OpenStreetMap Overpass API
AIZ_LOC_037,Mauchar,AIZ_07910,1800.36,nearest_centroid_max_2500m,OpenStreetMap Overpass API
AIZ_LOC_037,Mauchar,AIZ_07911,1412.93,nearest_centroid_max_2500m,OpenStreetMap Overpass API
AIZ_LOC_037,Mauchar,AIZ_07912,1120.7,nearest_centroid_max_2500m,OpenStreetMap Overpass API
AIZ_LOC_037,Mauchar,AIZ_07913,1009.79,nearest_centroid_max_2500m,OpenStreetMap Overpass API
AIZ_LOC_037,Mauchar,AIZ_07914,1134.87,nearest_centroid_max_2500m,OpenStreetMap Overpass API
AIZ_LOC_037,Mauchar,AIZ_07915,1435.37,nearest_centroid_max_2500m,OpenStreetMap Overpass API
AIZ_LOC_037,Mauchar,AIZ_07916,1826.79,nearest_centroid_max_2500m,OpenStreetMap Overpass API
AIZ_LOC_037,Mauchar,AIZ_07917,2262.34,nearest_centroid_max_2500m,OpenStreetMap Overpass API
AIZ_LOC_024,Hualtu,AIZ_07923,2262.47,nearest_centroid_max_2500m,OpenStreetMap Overpass API
AIZ_LOC_024,Hualtu,AIZ_07924,2148.67,nearest_centroid_max_2500m,OpenStreetMap Overpass API
AIZ_LOC_024,Hualtu,AIZ_07925,2224.11,nearest_centroid_max_2500m,OpenStreetMap Overpass API
AIZ_LOC_024,Hualtu,AIZ_07926,2463.13,nearest_centroid_max_2500m,OpenStreetMap Overpass API
AIZ_LOC_026,Tawizo,AIZ_07929,2356.5,nearest_centroid_max_2500m,OpenStreetMap Overpass API
AIZ_LOC_026,Tawizo,AIZ_07930,2237.82,nearest_centroid_max_2500m,OpenStreetMap Overpass API
AIZ_LOC_026,Tawizo,AIZ_07931,2228.66,nearest_centroid_max_2500m,OpenStreetMap Overpass API
AIZ_LOC_026,Tawizo,AIZ_07932,2330.34,nearest_centroid_max_2500m,OpenStreetMap Overpass API
AIZ_LOC_025,Lenchim,AIZ_07934,2470.39,nearest_centroid_max_2500m,OpenStreetMap Overpass API
AIZ_LOC_025,Lenchim,AIZ_07935,1980.39,nearest_centroid_max_2500m,OpenStreetMap Overpass API
AIZ_LOC_025,Lenchim,AIZ_07936,1498.47,nearest_centroid_max_2500m,OpenStreetMap Overpass API
AIZ_LOC_025,Lenchim,AIZ_07937,1035.84,nearest_centroid_max_2500m,OpenStreetMap Overpass API
AIZ_LOC_025,Lenchim,AIZ_07938,636.45,nearest_centroid_max_2500m,OpenStreetMap Overpass API
AIZ_LOC_025,Lenchim,AIZ_07939,491.55,nearest_centroid_max_2500m,OpenStreetMap Overpass API
AIZ_LOC_025,Lenchim,AIZ_07940,763.27,nearest_centroid_max_2500m,OpenStreetMap Overpass API
AIZ_LOC_025,Lenchim,AIZ_07941,1194.93,nearest_centroid_max_2500m,OpenStreetMap Overpass API
AIZ_LOC_025,Lenchim,AIZ_07942,1666.68,nearest_centroid_max_2500m,OpenStreetMap Overpass API
AIZ_LOC_025,Lenchim,AIZ_07943,2152.15,nearest_centroid_max_2500m,OpenStreetMap Overpass API
AIZ_LOC_013,Phaileng,AIZ_08004,2494.87,nearest_centroid_max_2500m,OpenStreetMap Overpass API
AIZ_LOC_013,Phaileng,AIZ_08005,2063.52,nearest_centroid_max_2500m,OpenStreetMap Overpass API
AIZ_LOC_013,Phaileng,AIZ_08006,1672.4,nearest_centroid_max_2500m,OpenStreetMap Overpass API
AIZ_LOC_013,Phaileng,AIZ_08007,1356.47,nearest_centroid_max_2500m,OpenStreetMap Overpass API
AIZ_LOC_013,Phaileng,AIZ_08008,1177.89,nearest_centroid_max_2500m,OpenStreetMap Overpass API
AIZ_LOC_013,Phaileng,AIZ_08009,1199.66,nearest_centroid_max_2500m,OpenStreetMap Overpass API
AIZ_LOC_013,Phaileng,AIZ_08010,1412.51,nearest_centroid_max_2500m,OpenStreetMap Overpass API
AIZ_LOC_013,Phaileng,AIZ_08011,1748.05,nearest_centroid_max_2500m,OpenStreetMap Overpass API
AIZ_LOC_013,Phaileng,AIZ_08012,2149.54,nearest_centroid_max_2500m,OpenStreetMap Overpass API
AIZ_LOC_012,Darlawn,AIZ_08027,2356.35,nearest_centroid_max_2500m,OpenStreetMap Overpass API
AIZ_LOC_012,Darlawn,AIZ_08028,1884.71,nearest_centroid_max_2500m,OpenStreetMap Overpass API
AIZ_LOC_012,Darlawn,AIZ_08029,1434.13,nearest_centroid_max_2500m,OpenStreetMap Overpass API
AIZ_LOC_012,Darlawn,AIZ_08030,1032.3,nearest_centroid_max_2500m,OpenStreetMap Overpass API
AIZ_LOC_012,Darlawn,AIZ_08031,760.74,nearest_centroid_max_2500m,OpenStreetMap Overpass API
AIZ_LOC_012,Darlawn,AIZ_08032,772.19,nearest_centroid_max_2500m,OpenStreetMap Overpass API
AIZ_LOC_012,Darlawn,AIZ_08033,1057.43,nearest_centroid_max_2500m,OpenStreetMap Overpass API
AIZ_LOC_012,Darlawn,AIZ_08034,1464.36,nearest_centroid_max_2500m,OpenStreetMap Overpass API
AIZ_LOC_012,Darlawn,AIZ_08035,1916.96,nearest_centroid_max_2500m,OpenStreetMap Overpass API
AIZ_LOC_012,Darlawn,AIZ_08036,2389.58,nearest_centroid_max_2500m,OpenStreetMap Overpass API
AIZ_LOC_015,Ratn,AIZ_08048,2374.38,nearest_centroid_max_2500m,OpenStreetMap Overpass API
AIZ_LOC_015,Ratn,AIZ_08049,1986.44,nearest_centroid_max_2500m,OpenStreetMap Overpass API
AIZ_LOC_015,Ratn,AIZ_08050,1660.9,nearest_centroid_max_2500m,OpenStreetMap Overpass API
AIZ_LOC_015,Ratn,AIZ_08051,1440.56,nearest_centroid_max_2500m,OpenStreetMap Overpass API
AIZ_LOC_015,Ratn,AIZ_08052,1377.13,nearest_centroid_max_2500m,OpenStreetMap Overpass API
AIZ_LOC_015,Ratn,AIZ_08053,1490.66,nearest_centroid_max_2500m,OpenStreetMap Overpass API
AIZ_LOC_015,Ratn,AIZ_08054,1746.98,nearest_centroid_max_2500m,OpenStreetMap Overpass API
AIZ_LOC_015,Ratn,AIZ_08055,2094.25,nearest_centroid_max_2500m,OpenStreetMap Overpass API
AIZ_LOC_015,Ratn,AIZ_08056,2494.88,nearest_centroid_max_2500m,OpenStreetMap Overpass API
AIZ_LOC_016,New Vervek,AIZ_08065,2093.61,nearest_centroid_max_2500m,OpenStreetMap Overpass API
AIZ_LOC_016,New Vervek,AIZ_08066,1668.38,nearest_centroid_max_2500m,OpenStreetMap Overpass API
AIZ_LOC_016,New Vervek,AIZ_08067,1299.35,nearest_centroid_max_2500m,OpenStreetMap Overpass API
AIZ_LOC_016,New Vervek,AIZ_08068,1047.5,nearest_centroid_max_2500m,OpenStreetMap Overpass API
AIZ_LOC_016,New Vervek,AIZ_08069,1005.25,nearest_centroid_max_2500m,OpenStreetMap Overpass API
AIZ_LOC_039,Thingsat,AIZ_08070,849.84,nearest_centroid_max_2500m,OpenStreetMap Overpass API
AIZ_LOC_039,Thingsat,AIZ_08071,508.75,nearest_centroid_max_2500m,OpenStreetMap Overpass API
AIZ_LOC_039,Thingsat,AIZ_08072,547.41,nearest_centroid_max_2500m,OpenStreetMap Overpass API
AIZ_LOC_039,Thingsat,AIZ_08073,919.13,nearest_centroid_max_2500m,OpenStreetMap Overpass API
AIZ_LOC_039,Thingsat,AIZ_08074,1376.36,nearest_centroid_max_2500m,OpenStreetMap Overpass API
AIZ_LOC_039,Thingsat,AIZ_08075,1856.92,nearest_centroid_max_2500m,OpenStreetMap Overpass API
AIZ_LOC_038,Sakawrdai,AIZ_08076,2111.24,nearest_centroid_max_2500m,OpenStreetMap Overpass API
AIZ_LOC_038,Sakawrdai,AIZ_08077,1918.35,nearest_centroid_max_2500m,OpenStreetMap Overpass API
AIZ_LOC_038,Sakawrdai,AIZ_08078,1845.93,nearest_centroid_max_2500m,OpenStreetMap Overpass API
AIZ_LOC_038,Sakawrdai,AIZ_08079,1907.56,nearest_centroid_max_2500m,OpenStreetMap Overpass API
AIZ_LOC_038,Sakawrdai,AIZ_08080,2091.52,nearest_centroid_max_2500m,OpenStreetMap Overpass API
AIZ_LOC_005,Thingsat,AIZ_08081,2361.8,nearest_centroid_max_2500m,OpenStreetMap Overpass API
AIZ_LOC_040,Darlawn,AIZ_08087,2152.69,nearest_centroid_max_2500m,OpenStreetMap Overpass API
AIZ_LOC_040,Darlawn,AIZ_08088,1748.49,nearest_centroid_max_2500m,OpenStreetMap Overpass API
AIZ_LOC_040,Darlawn,AIZ_08089,1408.86,nearest_centroid_max_2500m,OpenStreetMap Overpass API
AIZ_LOC_040,Darlawn,AIZ_08090,1190.24,nearest_centroid_max_2500m,OpenStreetMap Overpass API
AIZ_LOC_040,Darlawn,AIZ_08091,1163.08,nearest_centroid_max_2500m,OpenStreetMap Overpass API
AIZ_LOC_040,Darlawn,AIZ_08092,1339.1,nearest_centroid_max_2500m,OpenStreetMap Overpass API
AIZ_LOC_040,Darlawn,AIZ_08093,1654.74,nearest_centroid_max_2500m,OpenStreetMap Overpass API
AIZ_LOC_040,Darlawn,AIZ_08094,2046.27,nearest_centroid_max_2500m,OpenStreetMap Overpass API
AIZ_LOC_040,Darlawn,AIZ_08095,2478.02,nearest_centroid_max_2500m,OpenStreetMap Overpass API
AIZ_LOC_037,Mauchar,AIZ_08102,2499.56,nearest_centroid_max_2500m,OpenStreetMap Overpass API
AIZ_LOC_037,Mauchar,AIZ_08103,2121.04,nearest_centroid_max_2500m,OpenStreetMap Overpass API
AIZ_LOC_037,Mauchar,AIZ_08104,1803.85,nearest_centroid_max_2500m,OpenStreetMap Overpass API
AIZ_LOC_037,Mauchar,AIZ_08105,1585.46,nearest_centroid_max_2500m,OpenStreetMap Overpass API
AIZ_LOC_037,Mauchar,AIZ_08106,1509.16,nearest_centroid_max_2500m,OpenStreetMap Overpass API
AIZ_LOC_037,Mauchar,AIZ_08107,1595.46,nearest_centroid_max_2500m,OpenStreetMap Overpass API
AIZ_LOC_037,Mauchar,AIZ_08108,1821.55,nearest_centroid_max_2500m,OpenStreetMap Overpass API
AIZ_LOC_037,Mauchar,AIZ_08109,2143.57,nearest_centroid_max_2500m,OpenStreetMap Overpass API
AIZ_LOC_026,Tawizo,AIZ_08122,2488.01,nearest_centroid_max_2500m,OpenStreetMap Overpass API
AIZ_LOC_026,Tawizo,AIZ_08123,2153.21,nearest_centroid_max_2500m,OpenStreetMap Overpass API
AIZ_LOC_026,Tawizo,AIZ_08124,1893.82,nearest_centroid_max_2500m,OpenStreetMap Overpass API
AIZ_LOC_026,Tawizo,AIZ_08125,1743.96,nearest_centroid_max_2500m,OpenStreetMap Overpass API
AIZ_LOC_026,Tawizo,AIZ_08126,1732.21,nearest_centroid_max_2500m,OpenStreetMap Overpass API
AIZ_LOC_026,Tawizo,AIZ_08127,1861.24,nearest_centroid_max_2500m,OpenStreetMap Overpass API
AIZ_LOC_026,Tawizo,AIZ_08128,2105.26,nearest_centroid_max_2500m,OpenStreetMap Overpass API
AIZ_LOC_026,Tawizo,AIZ_08129,2429.97,nearest_centroid_max_2500m,OpenStreetMap Overpass API
AIZ_LOC_025,Lenchim,AIZ_08130,2157.36,nearest_centroid_max_2500m,OpenStreetMap Overpass API
AIZ_LOC_025,Lenchim,AIZ_08131,1725.59,nearest_centroid_max_2500m,OpenStreetMap Overpass API
AIZ_LOC_025,Lenchim,AIZ_08132,1343.58,nearest_centroid_max_2500m,OpenStreetMap Overpass API
AIZ_LOC_025,Lenchim,AIZ_08133,1066.49,nearest_centroid_max_2500m,OpenStreetMap Overpass API
AIZ_LOC_025,Lenchim,AIZ_08134,986.89,nearest_centroid_max_2500m,OpenStreetMap Overpass API
AIZ_LOC_025,Lenchim,AIZ_08135,1146.69,nearest_centroid_max_2500m,OpenStreetMap Overpass API
AIZ_LOC_025,Lenchim,AIZ_08136,1469.76,nearest_centroid_max_2500m,OpenStreetMap Overpass API
AIZ_LOC_025,Lenchim,AIZ_08137,1873.54,nearest_centroid_max_2500m,OpenStreetMap Overpass API
AIZ_LOC_025,Lenchim,AIZ_08138,2316.07,nearest_centroid_max_2500m,OpenStreetMap Overpass API
AIZ_LOC_019,Buhban,AIZ_08179,2449.79,nearest_centroid_max_2500m,OpenStreetMap Overpass API
AIZ_LOC_019,Buhban,AIZ_08180,2207.15,nearest_centroid_max_2500m,OpenStreetMap Overpass API
AIZ_LOC_019,Buhban,AIZ_08181,2060.46,nearest_centroid_max_2500m,OpenStreetMap Overpass API
AIZ_LOC_019,Buhban,AIZ_08182,2030.71,nearest_centroid_max_2500m,OpenStreetMap Overpass API
AIZ_LOC_019,Buhban,AIZ_08183,2122.86,nearest_centroid_max_2500m,OpenStreetMap Overpass API
AIZ_LOC_019,Buhban,AIZ_08184,2322.4,nearest_centroid_max_2500m,OpenStreetMap Overpass API
AIZ_LOC_013,Phaileng,AIZ_08200,2380.5,nearest_centroid_max_2500m,OpenStreetMap Overpass API
AIZ_LOC_013,Phaileng,AIZ_08201,2050.74,nearest_centroid_max_2500m,OpenStreetMap Overpass API
AIZ_LOC_013,Phaileng,AIZ_08202,1802.39,nearest_centroid_max_2500m,OpenStreetMap Overpass API
AIZ_LOC_013,Phaileng,AIZ_08203,1672.12,nearest_centroid_max_2500m,OpenStreetMap Overpass API
AIZ_LOC_013,Phaileng,AIZ_08204,1687.52,nearest_centroid_max_2500m,OpenStreetMap Overpass API
AIZ_LOC_013,Phaileng,AIZ_08205,1844.97,nearest_centroid_max_2500m,OpenStreetMap Overpass API
AIZ_LOC_013,Phaileng,AIZ_08206,2112.91,nearest_centroid_max_2500m,OpenStreetMap Overpass API
AIZ_LOC_013,Phaileng,AIZ_08207,2455.44,nearest_centroid_max_2500m,OpenStreetMap Overpass API
AIZ_LOC_012,Darlawn,AIZ_08223,2127.1,nearest_centroid_max_2500m,OpenStreetMap Overpass API
AIZ_LOC_012,Darlawn,AIZ_08224,1740.44,nearest_centroid_max_2500m,OpenStreetMap Overpass API
AIZ_LOC_012,Darlawn,AIZ_08225,1427.6,nearest_centroid_max_2500m,OpenStreetMap Overpass API
AIZ_LOC_012,Darlawn,AIZ_08226,1245.5,nearest_centroid_max_2500m,OpenStreetMap Overpass API
AIZ_LOC_012,Darlawn,AIZ_08227,1252.52,nearest_centroid_max_2500m,OpenStreetMap Overpass API
AIZ_LOC_012,Darlawn,AIZ_08228,1445.91,nearest_centroid_max_2500m,OpenStreetMap Overpass API
AIZ_LOC_012,Darlawn,AIZ_08229,1765.46,nearest_centroid_max_2500m,OpenStreetMap Overpass API
AIZ_LOC_012,Darlawn,AIZ_08230,2155.77,nearest_centroid_max_2500m,OpenStreetMap Overpass API
AIZ_LOC_015,Ratn,AIZ_08244,2359.78,nearest_centroid_max_2500m,OpenStreetMap Overpass API
AIZ_LOC_015,Ratn,AIZ_08245,2093.12,nearest_centroid_max_2500m,OpenStreetMap Overpass API
AIZ_LOC_015,Ratn,AIZ_08246,1923.03,nearest_centroid_max_2500m,OpenStreetMap Overpass API
AIZ_LOC_015,Ratn,AIZ_08247,1875.97,nearest_centroid_max_2500m,OpenStreetMap Overpass API
AIZ_LOC_015,Ratn,AIZ_08248,1960.81,nearest_centroid_max_2500m,OpenStreetMap Overpass API
AIZ_LOC_015,Ratn,AIZ_08249,2162.09,nearest_centroid_max_2500m,OpenStreetMap Overpass API
AIZ_LOC_015,Ratn,AIZ_08250,2451.29,nearest_centroid_max_2500m,OpenStreetMap Overpass API
AIZ_LOC_016,New Vervek,AIZ_08259,2397.12,nearest_centroid_max_2500m,OpenStreetMap Overpass API
AIZ_LOC_016,New Vervek,AIZ_08260,1908.46,nearest_centroid_max_2500m,OpenStreetMap Overpass API
AIZ_LOC_016,New Vervek,AIZ_08261,1429.18,nearest_centroid_max_2500m,OpenStreetMap Overpass API
AIZ_LOC_016,New Vervek,AIZ_08262,973.25,nearest_centroid_max_2500m,OpenStreetMap Overpass API
AIZ_LOC_016,New Vervek,AIZ_08263,596.82,nearest_centroid_max_2500m,OpenStreetMap Overpass API
AIZ_LOC_016,New Vervek,AIZ_08264,519.14,nearest_centroid_max_2500m,OpenStreetMap Overpass API
AIZ_LOC_039,Thingsat,AIZ_08265,713.47,nearest_centroid_max_2500m,OpenStreetMap Overpass API
AIZ_LOC_039,Thingsat,AIZ_08266,213.49,nearest_centroid_max_2500m,OpenStreetMap Overpass API
AIZ_LOC_039,Thingsat,AIZ_08267,294.0,nearest_centroid_max_2500m,OpenStreetMap Overpass API
AIZ_LOC_039,Thingsat,AIZ_08268,794.74,nearest_centroid_max_2500m,OpenStreetMap Overpass API
AIZ_LOC_039,Thingsat,AIZ_08269,1296.58,nearest_centroid_max_2500m,OpenStreetMap Overpass API
AIZ_LOC_039,Thingsat,AIZ_08270,1798.59,nearest_centroid_max_2500m,OpenStreetMap Overpass API
AIZ_LOC_038,Sakawrdai,AIZ_08271,1692.15,nearest_centroid_max_2500m,OpenStreetMap Overpass API
AIZ_LOC_038,Sakawrdai,AIZ_08272,1444.35,nearest_centroid_max_2500m,OpenStreetMap Overpass API
AIZ_LOC_038,Sakawrdai,AIZ_08273,1346.57,nearest_centroid_max_2500m,OpenStreetMap Overpass API
AIZ_LOC_038,Sakawrdai,AIZ_08274,1429.92,nearest_centroid_max_2500m,OpenStreetMap Overpass API
AIZ_LOC_038,Sakawrdai,AIZ_08275,1667.46,nearest_centroid_max_2500m,OpenStreetMap Overpass API
AIZ_LOC_005,Thingsat,AIZ_08276,1964.48,nearest_centroid_max_2500m,OpenStreetMap Overpass API
AIZ_LOC_005,Thingsat,AIZ_08277,2327.76,nearest_centroid_max_2500m,OpenStreetMap Overpass API
AIZ_LOC_040,Darlawn,AIZ_08281,2412.09,nearest_centroid_max_2500m,OpenStreetMap Overpass API
AIZ_LOC_040,Darlawn,AIZ_08282,1933.15,nearest_centroid_max_2500m,OpenStreetMap Overpass API
AIZ_LOC_040,Darlawn,AIZ_08283,1469.77,nearest_centroid_max_2500m,OpenStreetMap Overpass API
AIZ_LOC_040,Darlawn,AIZ_08284,1042.95,nearest_centroid_max_2500m,OpenStreetMap Overpass API
AIZ_LOC_040,Darlawn,AIZ_08285,720.81,nearest_centroid_max_2500m,OpenStreetMap Overpass API
AIZ_LOC_040,Darlawn,AIZ_08286,675.06,nearest_centroid_max_2500m,OpenStreetMap Overpass API
AIZ_LOC_040,Darlawn,AIZ_08287,946.67,nearest_centroid_max_2500m,OpenStreetMap Overpass API
AIZ_LOC_040,Darlawn,AIZ_08288,1356.82,nearest_centroid_max_2500m,OpenStreetMap Overpass API
AIZ_LOC_040,Darlawn,AIZ_08289,1813.89,nearest_centroid_max_2500m,OpenStreetMap Overpass API
AIZ_LOC_040,Darlawn,AIZ_08290,2289.9,nearest_centroid_max_2500m,OpenStreetMap Overpass API
AIZ_LOC_037,Mauchar,AIZ_08299,2238.36,nearest_centroid_max_2500m,OpenStreetMap Overpass API
AIZ_LOC_037,Mauchar,AIZ_08300,2066.4,nearest_centroid_max_2500m,OpenStreetMap Overpass API
AIZ_LOC_037,Mauchar,AIZ_08301,2008.45,nearest_centroid_max_2500m,OpenStreetMap Overpass API
AIZ_LOC_037,Mauchar,AIZ_08302,2074.14,nearest_centroid_max_2500m,OpenStreetMap Overpass API
AIZ_LOC_037,Mauchar,AIZ_08303,2252.68,nearest_centroid_max_2500m,OpenStreetMap Overpass API
AIZ_LOC_026,Tawizo,AIZ_08318,2173.07,nearest_centroid_max_2500m,OpenStreetMap Overpass API
AIZ_LOC_026,Tawizo,AIZ_08319,1779.99,nearest_centroid_max_2500m,OpenStreetMap Overpass API
AIZ_LOC_026,Tawizo,AIZ_08320,1455.63,nearest_centroid_max_2500m,OpenStreetMap Overpass API
AIZ_LOC_026,Tawizo,AIZ_08321,1254.33,nearest_centroid_max_2500m,OpenStreetMap Overpass API
AIZ_LOC_026,Tawizo,AIZ_08322,1237.98,nearest_centroid_max_2500m,OpenStreetMap Overpass API
AIZ_LOC_026,Tawizo,AIZ_08323,1412.91,nearest_centroid_max_2500m,OpenStreetMap Overpass API
AIZ_LOC_026,Tawizo,AIZ_08324,1721.71,nearest_centroid_max_2500m,OpenStreetMap Overpass API
AIZ_LOC_026,Tawizo,AIZ_08325,2106.33,nearest_centroid_max_2500m,OpenStreetMap Overpass API
AIZ_LOC_025,Lenchim,AIZ_08326,2425.92,nearest_centroid_max_2500m,OpenStreetMap Overpass API
AIZ_LOC_025,Lenchim,AIZ_08327,2051.47,nearest_centroid_max_2500m,OpenStreetMap Overpass API
AIZ_LOC_025,Lenchim,AIZ_08328,1742.52,nearest_centroid_max_2500m,OpenStreetMap Overpass API
AIZ_LOC_025,Lenchim,AIZ_08329,1539.01,nearest_centroid_max_2500m,OpenStreetMap Overpass API
AIZ_LOC_025,Lenchim,AIZ_08330,1484.94,nearest_centroid_max_2500m,OpenStreetMap Overpass API
AIZ_LOC_025,Lenchim,AIZ_08331,1595.62,nearest_centroid_max_2500m,OpenStreetMap Overpass API
AIZ_LOC_025,Lenchim,AIZ_08332,1841.53,nearest_centroid_max_2500m,OpenStreetMap Overpass API
AIZ_LOC_025,Lenchim,AIZ_08333,2177.34,nearest_centroid_max_2500m,OpenStreetMap Overpass API
AIZ_LOC_018,Sachal,AIZ_08348,2399.87,nearest_centroid_max_2500m,OpenStreetMap Overpass API
AIZ_LOC_018,Sachal,AIZ_08349,2162.68,nearest_centroid_max_2500m,OpenStreetMap Overpass API
AIZ_LOC_018,Sachal,AIZ_08350,2024.78,nearest_centroid_max_2500m,OpenStreetMap Overpass API
AIZ_LOC_018,Sachal,AIZ_08351,2006.65,nearest_centroid_max_2500m,OpenStreetMap Overpass API
AIZ_LOC_018,Sachal,AIZ_08352,2111.38,nearest_centroid_max_2500m,OpenStreetMap Overpass API
AIZ_LOC_018,Sachal,AIZ_08353,2322.4,nearest_centroid_max_2500m,OpenStreetMap Overpass API
AIZ_LOC_019,Buhban,AIZ_08374,2421.16,nearest_centroid_max_2500m,OpenStreetMap Overpass API
AIZ_LOC_019,Buhban,AIZ_08375,2055.97,nearest_centroid_max_2500m,OpenStreetMap Overpass API
AIZ_LOC_019,Buhban,AIZ_08376,1759.75,nearest_centroid_max_2500m,OpenStreetMap Overpass API
AIZ_LOC_019,Buhban,AIZ_08377,1571.87,nearest_centroid_max_2500m,OpenStreetMap Overpass API
AIZ_LOC_019,Buhban,AIZ_08378,1532.69,nearest_centroid_max_2500m,OpenStreetMap Overpass API
AIZ_LOC_019,Buhban,AIZ_08379,1652.87,nearest_centroid_max_2500m,OpenStreetMap Overpass API
AIZ_LOC_019,Buhban,AIZ_08380,1902.31,nearest_centroid_max_2500m,OpenStreetMap Overpass API
AIZ_LOC_019,Buhban,AIZ_08381,2238.36,nearest_centroid_max_2500m,OpenStreetMap Overpass API
AIZ_LOC_013,Phaileng,AIZ_08397,2472.5,nearest_centroid_max_2500m,OpenStreetMap Overpass API
AIZ_LOC_013,Phaileng,AIZ_08398,2270.74,nearest_centroid_max_2500m,OpenStreetMap Overpass API
AIZ_LOC_013,Phaileng,AIZ_08399,2168.78,nearest_centroid_max_2500m,OpenStreetMap Overpass API
AIZ_LOC_013,Phaileng,AIZ_08400,2180.66,nearest_centroid_max_2500m,OpenStreetMap Overpass API
AIZ_LOC_013,Phaileng,AIZ_08401,2304.62,nearest_centroid_max_2500m,OpenStreetMap Overpass API
AIZ_LOC_012,Darlawn,AIZ_08419,2448.69,nearest_centroid_max_2500m,OpenStreetMap Overpass API
AIZ_LOC_012,Darlawn,AIZ_08420,2121.38,nearest_centroid_max_2500m,OpenStreetMap Overpass API
AIZ_LOC_012,Darlawn,AIZ_08421,1873.26,nearest_centroid_max_2500m,OpenStreetMap Overpass API
AIZ_LOC_012,Darlawn,AIZ_08422,1738.47,nearest_centroid_max_2500m,OpenStreetMap Overpass API
AIZ_LOC_012,Darlawn,AIZ_08423,1743.5,nearest_centroid_max_2500m,OpenStreetMap Overpass API
AIZ_LOC_012,Darlawn,AIZ_08424,1887.23,nearest_centroid_max_2500m,OpenStreetMap Overpass API
AIZ_LOC_012,Darlawn,AIZ_08425,2141.99,nearest_centroid_max_2500m,OpenStreetMap Overpass API
AIZ_LOC_012,Darlawn,AIZ_08426,2473.58,nearest_centroid_max_2500m,OpenStreetMap Overpass API
AIZ_LOC_015,Ratn,AIZ_08442,2412.38,nearest_centroid_max_2500m,OpenStreetMap Overpass API
AIZ_LOC_015,Ratn,AIZ_08443,2375.02,nearest_centroid_max_2500m,OpenStreetMap Overpass API
AIZ_LOC_015,Ratn,AIZ_08444,2442.58,nearest_centroid_max_2500m,OpenStreetMap Overpass API
AIZ_LOC_016,New Vervek,AIZ_08455,2346.0,nearest_centroid_max_2500m,OpenStreetMap Overpass API
AIZ_LOC_016,New Vervek,AIZ_08456,1843.85,nearest_centroid_max_2500m,OpenStreetMap Overpass API
AIZ_LOC_016,New Vervek,AIZ_08457,1341.7,nearest_centroid_max_2500m,OpenStreetMap Overpass API
AIZ_LOC_016,New Vervek,AIZ_08458,839.55,nearest_centroid_max_2500m,OpenStreetMap Overpass API
AIZ_LOC_016,New Vervek,AIZ_08459,337.44,nearest_centroid_max_2500m,OpenStreetMap Overpass API
AIZ_LOC_016,New Vervek,AIZ_08460,164.94,nearest_centroid_max_2500m,OpenStreetMap Overpass API
AIZ_LOC_016,New Vervek,AIZ_08461,666.98,nearest_centroid_max_2500m,OpenStreetMap Overpass API
AIZ_LOC_039,Thingsat,AIZ_08462,575.38,nearest_centroid_max_2500m,OpenStreetMap Overpass API
AIZ_LOC_039,Thingsat,AIZ_08463,609.86,nearest_centroid_max_2500m,OpenStreetMap Overpass API
AIZ_LOC_039,Thingsat,AIZ_08464,957.67,nearest_centroid_max_2500m,OpenStreetMap Overpass API
AIZ_LOC_039,Thingsat,AIZ_08465,1402.37,nearest_centroid_max_2500m,OpenStreetMap Overpass API
AIZ_LOC_038,Sakawrdai,AIZ_08466,1746.28,nearest_centroid_max_2500m,OpenStreetMap Overpass API
AIZ_LOC_038,Sakawrdai,AIZ_08467,1329.67,nearest_centroid_max_2500m,OpenStreetMap Overpass API
AIZ_LOC_038,Sakawrdai,AIZ_08468,995.33,nearest_centroid_max_2500m,OpenStreetMap Overpass API
AIZ_LOC_038,Sakawrdai,AIZ_08469,847.26,nearest_centroid_max_2500m,OpenStreetMap Overpass API
AIZ_LOC_038,Sakawrdai,AIZ_08470,974.34,nearest_centroid_max_2500m,OpenStreetMap Overpass API
AIZ_LOC_005,Thingsat,AIZ_08471,1258.58,nearest_centroid_max_2500m,OpenStreetMap Overpass API
AIZ_LOC_005,Thingsat,AIZ_08472,1624.51,nearest_centroid_max_2500m,OpenStreetMap Overpass API
AIZ_LOC_005,Thingsat,AIZ_08473,2049.0,nearest_centroid_max_2500m,OpenStreetMap Overpass API
AIZ_LOC_040,Darlawn,AIZ_08477,2328.03,nearest_centroid_max_2500m,OpenStreetMap Overpass API
AIZ_LOC_040,Darlawn,AIZ_08478,1827.19,nearest_centroid_max_2500m,OpenStreetMap Overpass API
AIZ_LOC_040,Darlawn,AIZ_08479,1327.35,nearest_centroid_max_2500m,OpenStreetMap Overpass API
AIZ_LOC_040,Darlawn,AIZ_08480,830.3,nearest_centroid_max_2500m,OpenStreetMap Overpass API
AIZ_LOC_040,Darlawn,AIZ_08481,348.17,nearest_centroid_max_2500m,OpenStreetMap Overpass API
AIZ_LOC_040,Darlawn,AIZ_08482,239.6,nearest_centroid_max_2500m,OpenStreetMap Overpass API
AIZ_LOC_040,Darlawn,AIZ_08483,705.63,nearest_centroid_max_2500m,OpenStreetMap Overpass API
AIZ_LOC_040,Darlawn,AIZ_08484,1201.14,nearest_centroid_max_2500m,OpenStreetMap Overpass API
AIZ_LOC_040,Darlawn,AIZ_08485,1700.55,nearest_centroid_max_2500m,OpenStreetMap Overpass API
AIZ_LOC_040,Darlawn,AIZ_08486,2201.22,nearest_centroid_max_2500m,OpenStreetMap Overpass API
AIZ_LOC_026,Tawizo,AIZ_08515,2410.72,nearest_centroid_max_2500m,OpenStreetMap Overpass API
AIZ_LOC_026,Tawizo,AIZ_08516,1937.35,nearest_centroid_max_2500m,OpenStreetMap Overpass API
AIZ_LOC_026,Tawizo,AIZ_08517,1482.95,nearest_centroid_max_2500m,OpenStreetMap Overpass API
AIZ_LOC_026,Tawizo,AIZ_08518,1072.17,nearest_centroid_max_2500m,OpenStreetMap Overpass API
AIZ_LOC_026,Tawizo,AIZ_08519,777.43,nearest_centroid_max_2500m,OpenStreetMap Overpass API
AIZ_LOC_026,Tawizo,AIZ_08520,750.75,nearest_centroid_max_2500m,OpenStreetMap Overpass API
AIZ_LOC_026,Tawizo,AIZ_08521,1013.46,nearest_centroid_max_2500m,OpenStreetMap Overpass API
AIZ_LOC_026,Tawizo,AIZ_08522,1412.55,nearest_centroid_max_2500m,OpenStreetMap Overpass API
AIZ_LOC_026,Tawizo,AIZ_08523,1862.17,nearest_centroid_max_2500m,OpenStreetMap Overpass API
AIZ_LOC_026,Tawizo,AIZ_08524,2333.31,nearest_centroid_max_2500m,OpenStreetMap Overpass API
AIZ_LOC_025,Lenchim,AIZ_08525,2436.89,nearest_centroid_max_2500m,OpenStreetMap Overpass API
AIZ_LOC_025,Lenchim,AIZ_08526,2183.15,nearest_centroid_max_2500m,OpenStreetMap Overpass API
AIZ_LOC_025,Lenchim,AIZ_08527,2024.37,nearest_centroid_max_2500m,OpenStreetMap Overpass API
AIZ_LOC_025,Lenchim,AIZ_08528,1983.67,nearest_centroid_max_2500m,OpenStreetMap Overpass API
AIZ_LOC_025,Lenchim,AIZ_08529,2067.78,nearest_centroid_max_2500m,OpenStreetMap Overpass API
AIZ_LOC_025,Lenchim,AIZ_08530,2262.98,nearest_centroid_max_2500m,OpenStreetMap Overpass API
AIZ_LOC_018,Sachal,AIZ_08545,2366.18,nearest_centroid_max_2500m,OpenStreetMap Overpass API
AIZ_LOC_018,Sachal,AIZ_08546,2003.16,nearest_centroid_max_2500m,OpenStreetMap Overpass API
AIZ_LOC_018,Sachal,AIZ_08547,1711.82,nearest_centroid_max_2500m,OpenStreetMap Overpass API
AIZ_LOC_018,Sachal,AIZ_08548,1533.94,nearest_centroid_max_2500m,OpenStreetMap Overpass API
AIZ_LOC_018,Sachal,AIZ_08549,1509.93,nearest_centroid_max_2500m,OpenStreetMap Overpass API
AIZ_LOC_018,Sachal,AIZ_08550,1646.51,nearest_centroid_max_2500m,OpenStreetMap Overpass API
AIZ_LOC_018,Sachal,AIZ_08551,1909.63,nearest_centroid_max_2500m,OpenStreetMap Overpass API
AIZ_LOC_018,Sachal,AIZ_08552,2255.38,nearest_centroid_max_2500m,OpenStreetMap Overpass API
AIZ_LOC_019,Buhban,AIZ_08572,2141.52,nearest_centroid_max_2500m,OpenStreetMap Overpass API
AIZ_LOC_019,Buhban,AIZ_08573,1717.98,nearest_centroid_max_2500m,OpenStreetMap Overpass API
AIZ_LOC_019,Buhban,AIZ_08574,1349.42,nearest_centroid_max_2500m,OpenStreetMap Overpass API
AIZ_LOC_019,Buhban,AIZ_08575,1093.09,nearest_centroid_max_2500m,OpenStreetMap Overpass API
AIZ_LOC_019,Buhban,AIZ_08576,1035.99,nearest_centroid_max_2500m,OpenStreetMap Overpass API
AIZ_LOC_019,Buhban,AIZ_08577,1206.57,nearest_centroid_max_2500m,OpenStreetMap Overpass API
AIZ_LOC_019,Buhban,AIZ_08578,1530.65,nearest_centroid_max_2500m,OpenStreetMap Overpass API
AIZ_LOC_019,Buhban,AIZ_08579,1932.53,nearest_centroid_max_2500m,OpenStreetMap Overpass API
AIZ_LOC_019,Buhban,AIZ_08580,2372.87,nearest_centroid_max_2500m,OpenStreetMap Overpass API
AIZ_LOC_012,Darlawn,AIZ_08619,2340.72,nearest_centroid_max_2500m,OpenStreetMap Overpass API
AIZ_LOC_012,Darlawn,AIZ_08620,2234.38,nearest_centroid_max_2500m,OpenStreetMap Overpass API
AIZ_LOC_012,Darlawn,AIZ_08621,2238.27,nearest_centroid_max_2500m,OpenStreetMap Overpass API
AIZ_LOC_012,Darlawn,AIZ_08622,2351.94,nearest_centroid_max_2500m,OpenStreetMap Overpass API
AIZ_LOC_016,New Vervek,AIZ_08653,2400.11,nearest_centroid_max_2500m,OpenStreetMap Overpass API
AIZ_LOC_016,New Vervek,AIZ_08654,1912.19,nearest_centroid_max_2500m,OpenStreetMap Overpass API
AIZ_LOC_016,New Vervek,AIZ_08655,1434.13,nearest_centroid_max_2500m,OpenStreetMap Overpass API
AIZ_LOC_016,New Vervek,AIZ_08656,980.38,nearest_centroid_max_2500m,OpenStreetMap Overpass API
AIZ_LOC_016,New Vervek,AIZ_08657,608.51,nearest_centroid_max_2500m,OpenStreetMap Overpass API
AIZ_LOC_016,New Vervek,AIZ_08658,532.57,nearest_centroid_max_2500m,OpenStreetMap Overpass API
AIZ_LOC_016,New Vervek,AIZ_08659,837.44,nearest_centroid_max_2500m,OpenStreetMap Overpass API
AIZ_LOC_039,Thingsat,AIZ_08660,1056.03,nearest_centroid_max_2500m,OpenStreetMap Overpass API
AIZ_LOC_039,Thingsat,AIZ_08661,1075.3,nearest_centroid_max_2500m,OpenStreetMap Overpass API
AIZ_LOC_039,Thingsat,AIZ_08662,1304.39,nearest_centroid_max_2500m,OpenStreetMap Overpass API
AIZ_LOC_039,Thingsat,AIZ_08663,1658.6,nearest_centroid_max_2500m,OpenStreetMap Overpass API
AIZ_LOC_038,Sakawrdai,AIZ_08664,1566.13,nearest_centroid_max_2500m,OpenStreetMap Overpass API
AIZ_LOC_038,Sakawrdai,AIZ_08665,1082.24,nearest_centroid_max_2500m,OpenStreetMap Overpass API
AIZ_LOC_038,Sakawrdai,AIZ_08666,627.79,nearest_centroid_max_2500m,OpenStreetMap Overpass API
AIZ_LOC_038,Sakawrdai,AIZ_08667,348.32,nearest_centroid_max_2500m,OpenStreetMap Overpass API
AIZ_LOC_005,Thingsat,AIZ_08668,558.51,nearest_centroid_max_2500m,OpenStreetMap Overpass API
AIZ_LOC_005,Thingsat,AIZ_08669,928.75,nearest_centroid_max_2500m,OpenStreetMap Overpass API
AIZ_LOC_005,Thingsat,AIZ_08670,1384.79,nearest_centroid_max_2500m,OpenStreetMap Overpass API
AIZ_LOC_005,Thingsat,AIZ_08671,1864.68,nearest_centroid_max_2500m,OpenStreetMap Overpass API
AIZ_LOC_005,Thingsat,AIZ_08672,2353.87,nearest_centroid_max_2500m,OpenStreetMap Overpass API
AIZ_LOC_040,Darlawn,AIZ_08675,2349.46,nearest_centroid_max_2500m,OpenStreetMap Overpass API
AIZ_LOC_040,Darlawn,AIZ_08676,1854.41,nearest_centroid_max_2500m,OpenStreetMap Overpass API
AIZ_LOC_040,Darlawn,AIZ_08677,1364.61,nearest_centroid_max_2500m,OpenStreetMap Overpass API
AIZ_LOC_040,Darlawn,AIZ_08678,888.66,nearest_centroid_max_2500m,OpenStreetMap Overpass API
AIZ_LOC_040,Darlawn,AIZ_08679,470.73,nearest_centroid_max_2500m,OpenStreetMap Overpass API
AIZ_LOC_040,Darlawn,AIZ_08680,397.22,nearest_centroid_max_2500m,OpenStreetMap Overpass API
AIZ_LOC_040,Darlawn,AIZ_08681,773.55,nearest_centroid_max_2500m,OpenStreetMap Overpass API
AIZ_LOC_040,Darlawn,AIZ_08682,1242.26,nearest_centroid_max_2500m,OpenStreetMap Overpass API
AIZ_LOC_040,Darlawn,AIZ_08683,1729.85,nearest_centroid_max_2500m,OpenStreetMap Overpass API
AIZ_LOC_040,Darlawn,AIZ_08684,2223.93,nearest_centroid_max_2500m,OpenStreetMap Overpass API
AIZ_LOC_026,Tawizo,AIZ_08714,2311.17,nearest_centroid_max_2500m,OpenStreetMap Overpass API
AIZ_LOC_026,Tawizo,AIZ_08715,1811.85,nearest_centroid_max_2500m,OpenStreetMap Overpass API
AIZ_LOC_026,Tawizo,AIZ_08716,1314.88,nearest_centroid_max_2500m,OpenStreetMap Overpass API
AIZ_LOC_026,Tawizo,AIZ_08717,824.11,nearest_centroid_max_2500m,OpenStreetMap Overpass API
AIZ_LOC_026,Tawizo,AIZ_08718,366.13,nearest_centroid_max_2500m,OpenStreetMap Overpass API
AIZ_LOC_026,Tawizo,AIZ_08719,305.33,nearest_centroid_max_2500m,OpenStreetMap Overpass API
AIZ_LOC_026,Tawizo,AIZ_08720,746.27,nearest_centroid_max_2500m,OpenStreetMap Overpass API
AIZ_LOC_026,Tawizo,AIZ_08721,1234.85,nearest_centroid_max_2500m,OpenStreetMap Overpass API
AIZ_LOC_026,Tawizo,AIZ_08722,1731.33,nearest_centroid_max_2500m,OpenStreetMap Overpass API
AIZ_LOC_026,Tawizo,AIZ_08723,2230.29,nearest_centroid_max_2500m,OpenStreetMap Overpass API
AIZ_LOC_027,Mualpheng,AIZ_08727,2303.2,nearest_centroid_max_2500m,OpenStreetMap Overpass API
AIZ_LOC_027,Mualpheng,AIZ_08728,2107.0,nearest_centroid_max_2500m,OpenStreetMap Overpass API
AIZ_LOC_027,Mualpheng,AIZ_08729,2019.49,nearest_centroid_max_2500m,OpenStreetMap Overpass API
AIZ_LOC_027,Mualpheng,AIZ_08730,2054.76,nearest_centroid_max_2500m,OpenStreetMap Overpass API
AIZ_LOC_027,Mualpheng,AIZ_08731,2206.83,nearest_centroid_max_2500m,OpenStreetMap Overpass API
AIZ_LOC_027,Mualpheng,AIZ_08732,2453.99,nearest_centroid_max_2500m,OpenStreetMap Overpass API
AIZ_LOC_018,Sachal,AIZ_08744,2085.86,nearest_centroid_max_2500m,OpenStreetMap Overpass API
AIZ_LOC_018,Sachal,AIZ_08745,1662.63,nearest_centroid_max_2500m,OpenStreetMap Overpass API
AIZ_LOC_018,Sachal,AIZ_08746,1297.07,nearest_centroid_max_2500m,OpenStreetMap Overpass API
AIZ_LOC_018,Sachal,AIZ_08747,1051.17,nearest_centroid_max_2500m,OpenStreetMap Overpass API
AIZ_LOC_018,Sachal,AIZ_08748,1015.72,nearest_centroid_max_2500m,OpenStreetMap Overpass API
AIZ_LOC_018,Sachal,AIZ_08749,1209.55,nearest_centroid_max_2500m,OpenStreetMap Overpass API
AIZ_LOC_018,Sachal,AIZ_08750,1548.69,nearest_centroid_max_2500m,OpenStreetMap Overpass API
AIZ_LOC_018,Sachal,AIZ_08751,1959.28,nearest_centroid_max_2500m,OpenStreetMap Overpass API
AIZ_LOC_018,Sachal,AIZ_08752,2404.83,nearest_centroid_max_2500m,OpenStreetMap Overpass API
AIZ_LOC_019,Buhban,AIZ_08770,2438.9,nearest_centroid_max_2500m,OpenStreetMap Overpass API
AIZ_LOC_019,Buhban,AIZ_08771,1951.72,nearest_centroid_max_2500m,OpenStreetMap Overpass API
AIZ_LOC_019,Buhban,AIZ_08772,1474.48,nearest_centroid_max_2500m,OpenStreetMap Overpass API
AIZ_LOC_019,Buhban,AIZ_08773,1021.67,nearest_centroid_max_2500m,OpenStreetMap Overpass API
AIZ_LOC_019,Buhban,AIZ_08774,646.34,nearest_centroid_max_2500m,OpenStreetMap Overpass API
AIZ_LOC_019,Buhban,AIZ_08775,544.17,nearest_centroid_max_2500m,OpenStreetMap Overpass API
AIZ_LOC_019,Buhban,AIZ_08776,823.92,nearest_centroid_max_2500m,OpenStreetMap Overpass API
AIZ_LOC_019,Buhban,AIZ_08777,1251.39,nearest_centroid_max_2500m,OpenStreetMap Overpass API
AIZ_LOC_019,Buhban,AIZ_08778,1719.68,nearest_centroid_max_2500m,OpenStreetMap Overpass API
AIZ_LOC_019,Buhban,AIZ_08779,2202.97,nearest_centroid_max_2500m,OpenStreetMap Overpass API
AIZ_LOC_016,New Vervek,AIZ_08853,2100.32,nearest_centroid_max_2500m,OpenStreetMap Overpass API
AIZ_LOC_016,New Vervek,AIZ_08854,1676.84,nearest_centroid_max_2500m,OpenStreetMap Overpass API
AIZ_LOC_016,New Vervek,AIZ_08855,1310.11,nearest_centroid_max_2500m,OpenStreetMap Overpass API
AIZ_LOC_016,New Vervek,AIZ_08856,1060.8,nearest_centroid_max_2500m,OpenStreetMap Overpass API
AIZ_LOC_016,New Vervek,AIZ_08857,1019.19,nearest_centroid_max_2500m,OpenStreetMap Overpass API
AIZ_LOC_016,New Vervek,AIZ_08858,1206.77,nearest_centroid_max_2500m,OpenStreetMap Overpass API
AIZ_LOC_016,New Vervek,AIZ_08859,1542.2,nearest_centroid_max_2500m,OpenStreetMap Overpass API
AIZ_LOC_039,Thingsat,AIZ_08860,1561.74,nearest_centroid_max_2500m,OpenStreetMap Overpass API
AIZ_LOC_039,Thingsat,AIZ_08861,1727.54,nearest_centroid_max_2500m,OpenStreetMap Overpass API
AIZ_LOC_039,Thingsat,AIZ_08862,2008.42,nearest_centroid_max_2500m,OpenStreetMap Overpass API
AIZ_LOC_038,Sakawrdai,AIZ_08863,1534.6,nearest_centroid_max_2500m,OpenStreetMap Overpass API
AIZ_LOC_038,Sakawrdai,AIZ_08864,1036.09,nearest_centroid_max_2500m,OpenStreetMap Overpass API
AIZ_LOC_038,Sakawrdai,AIZ_08865,544.32,nearest_centroid_max_2500m,OpenStreetMap Overpass API
AIZ_LOC_038,Sakawrdai,AIZ_08866,153.08,nearest_centroid_max_2500m,OpenStreetMap Overpass API
AIZ_LOC_005,Thingsat,AIZ_08867,298.4,nearest_centroid_max_2500m,OpenStreetMap Overpass API
AIZ_LOC_005,Thingsat,AIZ_08868,799.81,nearest_centroid_max_2500m,OpenStreetMap Overpass API
AIZ_LOC_005,Thingsat,AIZ_08869,1301.8,nearest_centroid_max_2500m,OpenStreetMap Overpass API
AIZ_LOC_005,Thingsat,AIZ_08870,1803.88,nearest_centroid_max_2500m,OpenStreetMap Overpass API
AIZ_LOC_005,Thingsat,AIZ_08871,2305.99,nearest_centroid_max_2500m,OpenStreetMap Overpass API
AIZ_LOC_040,Darlawn,AIZ_08874,2473.72,nearest_centroid_max_2500m,OpenStreetMap Overpass API
AIZ_LOC_040,Darlawn,AIZ_08875,2009.54,nearest_centroid_max_2500m,OpenStreetMap Overpass API
AIZ_LOC_040,Darlawn,AIZ_08876,1568.88,nearest_centroid_max_2500m,OpenStreetMap Overpass API
AIZ_LOC_040,Darlawn,AIZ_08877,1178.48,nearest_centroid_max_2500m,OpenStreetMap Overpass API
AIZ_LOC_040,Darlawn,AIZ_08878,905.96,nearest_centroid_max_2500m,OpenStreetMap Overpass API
AIZ_LOC_040,Darlawn,AIZ_08879,869.97,nearest_centroid_max_2500m,OpenStreetMap Overpass API
AIZ_LOC_040,Darlawn,AIZ_08880,1094.27,nearest_centroid_max_2500m,OpenStreetMap Overpass API
AIZ_LOC_040,Darlawn,AIZ_08881,1463.61,nearest_centroid_max_2500m,OpenStreetMap Overpass API
AIZ_LOC_040,Darlawn,AIZ_08882,1895.1,nearest_centroid_max_2500m,OpenStreetMap Overpass API
AIZ_LOC_040,Darlawn,AIZ_08883,2354.73,nearest_centroid_max_2500m,OpenStreetMap Overpass API
AIZ_LOC_026,Tawizo,AIZ_08913,2317.23,nearest_centroid_max_2500m,OpenStreetMap Overpass API
AIZ_LOC_026,Tawizo,AIZ_08914,1819.71,nearest_centroid_max_2500m,OpenStreetMap Overpass API
AIZ_LOC_026,Tawizo,AIZ_08915,1325.67,nearest_centroid_max_2500m,OpenStreetMap Overpass API
AIZ_LOC_026,Tawizo,AIZ_08916,841.21,nearest_centroid_max_2500m,OpenStreetMap Overpass API
AIZ_LOC_026,Tawizo,AIZ_08917,403.11,nearest_centroid_max_2500m,OpenStreetMap Overpass API
AIZ_LOC_026,Tawizo,AIZ_08918,348.8,nearest_centroid_max_2500m,OpenStreetMap Overpass API
AIZ_LOC_026,Tawizo,AIZ_08919,765.03,nearest_centroid_max_2500m,OpenStreetMap Overpass API
AIZ_LOC_026,Tawizo,AIZ_08920,1246.28,nearest_centroid_max_2500m,OpenStreetMap Overpass API
AIZ_LOC_026,Tawizo,AIZ_08921,1739.48,nearest_centroid_max_2500m,OpenStreetMap Overpass API
AIZ_LOC_026,Tawizo,AIZ_08922,2236.62,nearest_centroid_max_2500m,OpenStreetMap Overpass API
AIZ_LOC_027,Mualpheng,AIZ_08925,2215.82,nearest_centroid_max_2500m,OpenStreetMap Overpass API
AIZ_LOC_027,Mualpheng,AIZ_08926,1881.52,nearest_centroid_max_2500m,OpenStreetMap Overpass API
AIZ_LOC_027,Mualpheng,AIZ_08927,1635.47,nearest_centroid_max_2500m,OpenStreetMap Overpass API
AIZ_LOC_027,Mualpheng,AIZ_08928,1521.09,nearest_centroid_max_2500m,OpenStreetMap Overpass API
AIZ_LOC_027,Mualpheng,AIZ_08929,1567.61,nearest_centroid_max_2500m,OpenStreetMap Overpass API
AIZ_LOC_027,Mualpheng,AIZ_08930,1762.14,nearest_centroid_max_2500m,OpenStreetMap Overpass API
AIZ_LOC_027,Mualpheng,AIZ_08931,2063.37,nearest_centroid_max_2500m,OpenStreetMap Overpass API
AIZ_LOC_027,Mualpheng,AIZ_08932,2431.93,nearest_centroid_max_2500m,OpenStreetMap Overpass API
AIZ_LOC_018,Sachal,AIZ_08942,2385.85,nearest_centroid_max_2500m,OpenStreetMap Overpass API
AIZ_LOC_018,Sachal,AIZ_08943,1897.71,nearest_centroid_max_2500m,OpenStreetMap Overpass API
AIZ_LOC_018,Sachal,AIZ_08944,1419.52,nearest_centroid_max_2500m,OpenStreetMap Overpass API
AIZ_LOC_018,Sachal,AIZ_08945,965.98,nearest_centroid_max_2500m,OpenStreetMap Overpass API
AIZ_LOC_018,Sachal,AIZ_08946,596.28,nearest_centroid_max_2500m,OpenStreetMap Overpass API
AIZ_LOC_018,Sachal,AIZ_08947,531.4,nearest_centroid_max_2500m,OpenStreetMap Overpass API
AIZ_LOC_018,Sachal,AIZ_08948,844.72,nearest_centroid_max_2500m,OpenStreetMap Overpass API
AIZ_LOC_018,Sachal,AIZ_08949,1284.29,nearest_centroid_max_2500m,OpenStreetMap Overpass API
AIZ_LOC_018,Sachal,AIZ_08950,1757.64,nearest_centroid_max_2500m,OpenStreetMap Overpass API
AIZ_LOC_018,Sachal,AIZ_08951,2243.55,nearest_centroid_max_2500m,OpenStreetMap Overpass API
AIZ_LOC_019,Buhban,AIZ_08969,2381.07,nearest_centroid_max_2500m,OpenStreetMap Overpass API
AIZ_LOC_019,Buhban,AIZ_08970,1878.97,nearest_centroid_max_2500m,OpenStreetMap Overpass API
AIZ_LOC_019,Buhban,AIZ_08971,1376.89,nearest_centroid_max_2500m,OpenStreetMap Overpass API
AIZ_LOC_019,Buhban,AIZ_08972,874.91,nearest_centroid_max_2500m,OpenStreetMap Overpass API
AIZ_LOC_019,Buhban,AIZ_08973,373.29,nearest_centroid_max_2500m,OpenStreetMap Overpass API
AIZ_LOC_019,Buhban,AIZ_08974,133.2,nearest_centroid_max_2500m,OpenStreetMap Overpass API
AIZ_LOC_019,Buhban,AIZ_08975,632.82,nearest_centroid_max_2500m,OpenStreetMap Overpass API
AIZ_LOC_019,Buhban,AIZ_08976,1134.68,nearest_centroid_max_2500m,OpenStreetMap Overpass API
AIZ_LOC_019,Buhban,AIZ_08977,1636.83,nearest_centroid_max_2500m,OpenStreetMap Overpass API
AIZ_LOC_019,Buhban,AIZ_08978,2138.93,nearest_centroid_max_2500m,OpenStreetMap Overpass API
AIZ_LOC_016,New Vervek,AIZ_09052,2380.17,nearest_centroid_max_2500m,OpenStreetMap Overpass API
AIZ_LOC_016,New Vervek,AIZ_09053,2016.34,nearest_centroid_max_2500m,OpenStreetMap Overpass API
AIZ_LOC_016,New Vervek,AIZ_09054,1723.48,nearest_centroid_max_2500m,OpenStreetMap Overpass API
AIZ_LOC_016,New Vervek,AIZ_09055,1542.45,nearest_centroid_max_2500m,OpenStreetMap Overpass API
AIZ_LOC_016,New Vervek,AIZ_09056,1514.12,nearest_centroid_max_2500m,OpenStreetMap Overpass API
AIZ_LOC_016,New Vervek,AIZ_09057,1646.3,nearest_centroid_max_2500m,OpenStreetMap Overpass API
AIZ_LOC_016,New Vervek,AIZ_09058,1905.86,nearest_centroid_max_2500m,OpenStreetMap Overpass API
AIZ_LOC_039,Thingsat,AIZ_09059,2054.48,nearest_centroid_max_2500m,OpenStreetMap Overpass API
AIZ_LOC_039,Thingsat,AIZ_09060,2183.1,nearest_centroid_max_2500m,OpenStreetMap Overpass API
AIZ_LOC_038,Sakawrdai,AIZ_09061,2131.05,nearest_centroid_max_2500m,OpenStreetMap Overpass API
AIZ_LOC_038,Sakawrdai,AIZ_09062,1660.02,nearest_centroid_max_2500m,OpenStreetMap Overpass API
AIZ_LOC_038,Sakawrdai,AIZ_09063,1214.15,nearest_centroid_max_2500m,OpenStreetMap Overpass API
AIZ_LOC_038,Sakawrdai,AIZ_09064,834.92,nearest_centroid_max_2500m,OpenStreetMap Overpass API
AIZ_LOC_005,Thingsat,AIZ_09065,564.4,nearest_centroid_max_2500m,OpenStreetMap Overpass API
AIZ_LOC_005,Thingsat,AIZ_09066,604.15,nearest_centroid_max_2500m,OpenStreetMap Overpass API
AIZ_LOC_005,Thingsat,AIZ_09067,956.96,nearest_centroid_max_2500m,OpenStreetMap Overpass API
AIZ_LOC_005,Thingsat,AIZ_09068,1403.84,nearest_centroid_max_2500m,OpenStreetMap Overpass API
AIZ_LOC_005,Thingsat,AIZ_09069,1878.88,nearest_centroid_max_2500m,OpenStreetMap Overpass API
AIZ_LOC_005,Thingsat,AIZ_09070,2365.12,nearest_centroid_max_2500m,OpenStreetMap Overpass API
AIZ_LOC_040,Darlawn,AIZ_09074,2266.23,nearest_centroid_max_2500m,OpenStreetMap Overpass API
AIZ_LOC_040,Darlawn,AIZ_09075,1886.51,nearest_centroid_max_2500m,OpenStreetMap Overpass API
AIZ_LOC_040,Darlawn,AIZ_09076,1576.9,nearest_centroid_max_2500m,OpenStreetMap Overpass API
AIZ_LOC_040,Darlawn,AIZ_09077,1385.15,nearest_centroid_max_2500m,OpenStreetMap Overpass API
AIZ_LOC_040,Darlawn,AIZ_09078,1361.88,nearest_centroid_max_2500m,OpenStreetMap Overpass API
AIZ_LOC_040,Darlawn,AIZ_09079,1515.05,nearest_centroid_max_2500m,OpenStreetMap Overpass API
AIZ_LOC_040,Darlawn,AIZ_09080,1799.95,nearest_centroid_max_2500m,OpenStreetMap Overpass API
AIZ_LOC_040,Darlawn,AIZ_09081,2165.41,nearest_centroid_max_2500m,OpenStreetMap Overpass API
AIZ_LOC_026,Tawizo,AIZ_09112,2428.34,nearest_centroid_max_2500m,OpenStreetMap Overpass API
AIZ_LOC_026,Tawizo,AIZ_09113,1959.2,nearest_centroid_max_2500m,OpenStreetMap Overpass API
AIZ_LOC_026,Tawizo,AIZ_09114,1511.38,nearest_centroid_max_2500m,OpenStreetMap Overpass API
AIZ_LOC_026,Tawizo,AIZ_09115,1111.22,nearest_centroid_max_2500m,OpenStreetMap Overpass API
AIZ_LOC_026,Tawizo,AIZ_09116,830.45,nearest_centroid_max_2500m,OpenStreetMap Overpass API
AIZ_LOC_026,Tawizo,AIZ_09117,805.52,nearest_centroid_max_2500m,OpenStreetMap Overpass API
AIZ_LOC_026,Tawizo,AIZ_09118,1054.74,nearest_centroid_max_2500m,OpenStreetMap Overpass API
AIZ_LOC_026,Tawizo,AIZ_09119,1442.4,nearest_centroid_max_2500m,OpenStreetMap Overpass API
AIZ_LOC_026,Tawizo,AIZ_09120,1884.91,nearest_centroid_max_2500m,OpenStreetMap Overpass API
AIZ_LOC_026,Tawizo,AIZ_09121,2351.5,nearest_centroid_max_2500m,OpenStreetMap Overpass API
AIZ_LOC_027,Mualpheng,AIZ_09123,2349.03,nearest_centroid_max_2500m,OpenStreetMap Overpass API
AIZ_LOC_027,Mualpheng,AIZ_09124,1908.86,nearest_centroid_max_2500m,OpenStreetMap Overpass API
AIZ_LOC_027,Mualpheng,AIZ_09125,1508.01,nearest_centroid_max_2500m,OpenStreetMap Overpass API
AIZ_LOC_027,Mualpheng,AIZ_09126,1186.93,nearest_centroid_max_2500m,OpenStreetMap Overpass API
AIZ_LOC_027,Mualpheng,AIZ_09127,1023.62,nearest_centroid_max_2500m,OpenStreetMap Overpass API
AIZ_LOC_027,Mualpheng,AIZ_09128,1091.44,nearest_centroid_max_2500m,OpenStreetMap Overpass API
AIZ_LOC_027,Mualpheng,AIZ_09129,1356.1,nearest_centroid_max_2500m,OpenStreetMap Overpass API
AIZ_LOC_027,Mualpheng,AIZ_09130,1729.63,nearest_centroid_max_2500m,OpenStreetMap Overpass API
AIZ_LOC_027,Mualpheng,AIZ_09131,2155.96,nearest_centroid_max_2500m,OpenStreetMap Overpass API
AIZ_LOC_018,Sachal,AIZ_09141,2332.65,nearest_centroid_max_2500m,OpenStreetMap Overpass API
AIZ_LOC_018,Sachal,AIZ_09142,1830.49,nearest_centroid_max_2500m,OpenStreetMap Overpass API
AIZ_LOC_018,Sachal,AIZ_09143,1328.33,nearest_centroid_max_2500m,OpenStreetMap Overpass API
AIZ_LOC_018,Sachal,AIZ_09144,826.07,nearest_centroid_max_2500m,OpenStreetMap Overpass API
AIZ_LOC_018,Sachal,AIZ_09145,323.91,nearest_centroid_max_2500m,OpenStreetMap Overpass API
AIZ_LOC_018,Sachal,AIZ_09146,178.25,nearest_centroid_max_2500m,OpenStreetMap Overpass API
AIZ_LOC_018,Sachal,AIZ_09147,680.51,nearest_centroid_max_2500m,OpenStreetMap Overpass API
AIZ_LOC_018,Sachal,AIZ_09148,1182.67,nearest_centroid_max_2500m,OpenStreetMap Overpass API
AIZ_LOC_018,Sachal,AIZ_09149,1684.83,nearest_centroid_max_2500m,OpenStreetMap Overpass API
AIZ_LOC_018,Sachal,AIZ_09150,2187.09,nearest_centroid_max_2500m,OpenStreetMap Overpass API
AIZ_LOC_019,Buhban,AIZ_09168,2426.92,nearest_centroid_max_2500m,OpenStreetMap Overpass API
AIZ_LOC_019,Buhban,AIZ_09169,1936.74,nearest_centroid_max_2500m,OpenStreetMap Overpass API
AIZ_LOC_019,Buhban,AIZ_09170,1454.74,nearest_centroid_max_2500m,OpenStreetMap Overpass API
AIZ_LOC_019,Buhban,AIZ_09171,992.93,nearest_centroid_max_2500m,OpenStreetMap Overpass API
AIZ_LOC_019,Buhban,AIZ_09172,599.75,nearest_centroid_max_2500m,OpenStreetMap Overpass API
AIZ_LOC_019,Buhban,AIZ_09173,487.94,nearest_centroid_max_2500m,OpenStreetMap Overpass API
AIZ_LOC_019,Buhban,AIZ_09174,787.91,nearest_centroid_max_2500m,OpenStreetMap Overpass API
AIZ_LOC_019,Buhban,AIZ_09175,1227.94,nearest_centroid_max_2500m,OpenStreetMap Overpass API
AIZ_LOC_019,Buhban,AIZ_09176,1702.81,nearest_centroid_max_2500m,OpenStreetMap Overpass API
AIZ_LOC_019,Buhban,AIZ_09177,2189.81,nearest_centroid_max_2500m,OpenStreetMap Overpass API
AIZ_LOC_016,New Vervek,AIZ_09250,2412.08,nearest_centroid_max_2500m,OpenStreetMap Overpass API
AIZ_LOC_016,New Vervek,AIZ_09251,2173.14,nearest_centroid_max_2500m,OpenStreetMap Overpass API
AIZ_LOC_016,New Vervek,AIZ_09252,2032.66,nearest_centroid_max_2500m,OpenStreetMap Overpass API
AIZ_LOC_016,New Vervek,AIZ_09253,2011.26,nearest_centroid_max_2500m,OpenStreetMap Overpass API
AIZ_LOC_016,New Vervek,AIZ_09254,2112.57,nearest_centroid_max_2500m,OpenStreetMap Overpass API
AIZ_LOC_016,New Vervek,AIZ_09255,2320.48,nearest_centroid_max_2500m,OpenStreetMap Overpass API
AIZ_LOC_009,Vaitin,AIZ_09257,2472.22,nearest_centroid_max_2500m,OpenStreetMap Overpass API
AIZ_LOC_009,Vaitin,AIZ_09258,2043.98,nearest_centroid_max_2500m,OpenStreetMap Overpass API
AIZ_LOC_009,Vaitin,AIZ_09259,1657.76,nearest_centroid_max_2500m,OpenStreetMap Overpass API
AIZ_LOC_009,Vaitin,AIZ_09260,1350.2,nearest_centroid_max_2500m,OpenStreetMap Overpass API
AIZ_LOC_009,Vaitin,AIZ_09261,1184.06,nearest_centroid_max_2500m,OpenStreetMap Overpass API
AIZ_LOC_005,Thingsat,AIZ_09262,1045.58,nearest_centroid_max_2500m,OpenStreetMap Overpass API
AIZ_LOC_005,Thingsat,AIZ_09263,1067.55,nearest_centroid_max_2500m,OpenStreetMap Overpass API
AIZ_LOC_005,Thingsat,AIZ_09264,1300.08,nearest_centroid_max_2500m,OpenStreetMap Overpass API
AIZ_LOC_005,Thingsat,AIZ_09265,1656.89,nearest_centroid_max_2500m,OpenStreetMap Overpass API
AIZ_LOC_005,Thingsat,AIZ_09266,2074.77,nearest_centroid_max_2500m,OpenStreetMap Overpass API
AIZ_LOC_040,Darlawn,AIZ_09272,2270.62,nearest_centroid_max_2500m,OpenStreetMap Overpass API
AIZ_LOC_040,Darlawn,AIZ_09273,2020.65,nearest_centroid_max_2500m,OpenStreetMap Overpass API
AIZ_LOC_040,Darlawn,AIZ_09274,1874.83,nearest_centroid_max_2500m,OpenStreetMap Overpass API
AIZ_LOC_040,Darlawn,AIZ_09275,1857.76,nearest_centroid_max_2500m,OpenStreetMap Overpass API
AIZ_LOC_040,Darlawn,AIZ_09276,1972.79,nearest_centroid_max_2500m,OpenStreetMap Overpass API
AIZ_LOC_040,Darlawn,AIZ_09277,2199.2,nearest_centroid_max_2500m,OpenStreetMap Overpass API
AIZ_LOC_010,Tinghmun,AIZ_09281,2471.48,nearest_centroid_max_2500m,OpenStreetMap Overpass API
AIZ_LOC_010,Tinghmun,AIZ_09282,2454.83,nearest_centroid_max_2500m,OpenStreetMap Overpass API
AIZ_LOC_022,Maite,AIZ_09305,2411.82,nearest_centroid_max_2500m,OpenStreetMap Overpass API
AIZ_LOC_022,Maite,AIZ_09306,2399.41,nearest_centroid_max_2500m,OpenStreetMap Overpass API
AIZ_LOC_022,Maite,AIZ_09307,2490.38,nearest_centroid_max_2500m,OpenStreetMap Overpass API
AIZ_LOC_026,Tawizo,AIZ_09311,2205.53,nearest_centroid_max_2500m,OpenStreetMap Overpass API
AIZ_LOC_026,Tawizo,AIZ_09312,1819.38,nearest_centroid_max_2500m,OpenStreetMap Overpass API
AIZ_LOC_026,Tawizo,AIZ_09313,1503.55,nearest_centroid_max_2500m,OpenStreetMap Overpass API
AIZ_LOC_026,Tawizo,AIZ_09314,1309.76,nearest_centroid_max_2500m,OpenStreetMap Overpass API
AIZ_LOC_026,Tawizo,AIZ_09315,1294.09,nearest_centroid_max_2500m,OpenStreetMap Overpass API
AIZ_LOC_026,Tawizo,AIZ_09316,1462.27,nearest_centroid_max_2500m,OpenStreetMap Overpass API
AIZ_LOC_026,Tawizo,AIZ_09317,1762.5,nearest_centroid_max_2500m,OpenStreetMap Overpass API
AIZ_LOC_026,Tawizo,AIZ_09318,2139.8,nearest_centroid_max_2500m,OpenStreetMap Overpass API
AIZ_LOC_027,Mualpheng,AIZ_09321,2179.63,nearest_centroid_max_2500m,OpenStreetMap Overpass API
AIZ_LOC_027,Mualpheng,AIZ_09322,1696.0,nearest_centroid_max_2500m,OpenStreetMap Overpass API
AIZ_LOC_027,Mualpheng,AIZ_09323,1227.53,nearest_centroid_max_2500m,OpenStreetMap Overpass API
AIZ_LOC_027,Mualpheng,AIZ_09324,800.97,nearest_centroid_max_2500m,OpenStreetMap Overpass API
AIZ_LOC_027,Mualpheng,AIZ_09325,529.7,nearest_centroid_max_2500m,OpenStreetMap Overpass API
AIZ_LOC_027,Mualpheng,AIZ_09326,651.2,nearest_centroid_max_2500m,OpenStreetMap Overpass API
AIZ_LOC_027,Mualpheng,AIZ_09327,1035.31,nearest_centroid_max_2500m,OpenStreetMap Overpass API
AIZ_LOC_027,Mualpheng,AIZ_09328,1491.41,nearest_centroid_max_2500m,OpenStreetMap Overpass API
AIZ_LOC_027,Mualpheng,AIZ_09329,1969.99,nearest_centroid_max_2500m,OpenStreetMap Overpass API
AIZ_LOC_027,Mualpheng,AIZ_09330,2458.11,nearest_centroid_max_2500m,OpenStreetMap Overpass API
AIZ_LOC_018,Sachal,AIZ_09339,2385.24,nearest_centroid_max_2500m,OpenStreetMap Overpass API
AIZ_LOC_018,Sachal,AIZ_09340,1897.06,nearest_centroid_max_2500m,OpenStreetMap Overpass API
AIZ_LOC_018,Sachal,AIZ_09341,1418.67,nearest_centroid_max_2500m,OpenStreetMap Overpass API
AIZ_LOC_018,Sachal,AIZ_09342,964.64,nearest_centroid_max_2500m,OpenStreetMap Overpass API
AIZ_LOC_018,Sachal,AIZ_09343,594.2,nearest_centroid_max_2500m,OpenStreetMap Overpass API
AIZ_LOC_018,Sachal,AIZ_09344,529.08,nearest_centroid_max_2500m,OpenStreetMap Overpass API
AIZ_LOC_018,Sachal,AIZ_09345,843.36,nearest_centroid_max_2500m,OpenStreetMap Overpass API
AIZ_LOC_018,Sachal,AIZ_09346,1283.3,nearest_centroid_max_2500m,OpenStreetMap Overpass API
AIZ_LOC_018,Sachal,AIZ_09347,1756.93,nearest_centroid_max_2500m,OpenStreetMap Overpass API
AIZ_LOC_018,Sachal,AIZ_09348,2243.11,nearest_centroid_max_2500m,OpenStreetMap Overpass API
AIZ_LOC_019,Buhban,AIZ_09367,2114.24,nearest_centroid_max_2500m,OpenStreetMap Overpass API
AIZ_LOC_019,Buhban,AIZ_09368,1683.84,nearest_centroid_max_2500m,OpenStreetMap Overpass API
AIZ_LOC_019,Buhban,AIZ_09369,1305.66,nearest_centroid_max_2500m,OpenStreetMap Overpass API
AIZ_LOC_019,Buhban,AIZ_09370,1038.66,nearest_centroid_max_2500m,OpenStreetMap Overpass API
AIZ_LOC_019,Buhban,AIZ_09371,978.36,nearest_centroid_max_2500m,OpenStreetMap Overpass API
AIZ_LOC_019,Buhban,AIZ_09372,1157.54,nearest_centroid_max_2500m,OpenStreetMap Overpass API
AIZ_LOC_019,Buhban,AIZ_09373,1492.37,nearest_centroid_max_2500m,OpenStreetMap Overpass API
AIZ_LOC_019,Buhban,AIZ_09374,1902.27,nearest_centroid_max_2500m,OpenStreetMap Overpass API
AIZ_LOC_019,Buhban,AIZ_09375,2348.28,nearest_centroid_max_2500m,OpenStreetMap Overpass API
AIZ_LOC_009,Vaitin,AIZ_09454,2278.3,nearest_centroid_max_2500m,OpenStreetMap Overpass API
AIZ_LOC_009,Vaitin,AIZ_09455,1804.63,nearest_centroid_max_2500m,OpenStreetMap Overpass API
AIZ_LOC_009,Vaitin,AIZ_09456,1351.68,nearest_centroid_max_2500m,OpenStreetMap Overpass API
AIZ_LOC_009,Vaitin,AIZ_09457,949.59,nearest_centroid_max_2500m,OpenStreetMap Overpass API
AIZ_LOC_009,Vaitin,AIZ_09458,693.34,nearest_centroid_max_2500m,OpenStreetMap Overpass API
AIZ_LOC_009,Vaitin,AIZ_09459,751.11,nearest_centroid_max_2500m,OpenStreetMap Overpass API
AIZ_LOC_009,Vaitin,AIZ_09460,1073.22,nearest_centroid_max_2500m,OpenStreetMap Overpass API
AIZ_LOC_009,Vaitin,AIZ_09461,1497.92,nearest_centroid_max_2500m,OpenStreetMap Overpass API
AIZ_LOC_009,Vaitin,AIZ_09462,1959.61,nearest_centroid_max_2500m,OpenStreetMap Overpass API
AIZ_LOC_005,Thingsat,AIZ_09463,2361.76,nearest_centroid_max_2500m,OpenStreetMap Overpass API
AIZ_LOC_040,Darlawn,AIZ_09470,2485.65,nearest_centroid_max_2500m,OpenStreetMap Overpass API
AIZ_LOC_040,Darlawn,AIZ_09471,2368.62,nearest_centroid_max_2500m,OpenStreetMap Overpass API
AIZ_LOC_040,Darlawn,AIZ_09472,2355.12,nearest_centroid_max_2500m,OpenStreetMap Overpass API
AIZ_LOC_040,Darlawn,AIZ_09473,2446.87,nearest_centroid_max_2500m,OpenStreetMap Overpass API
AIZ_LOC_010,Tinghmun,AIZ_09476,2364.21,nearest_centroid_max_2500m,OpenStreetMap Overpass API
AIZ_LOC_010,Tinghmun,AIZ_09477,2120.96,nearest_centroid_max_2500m,OpenStreetMap Overpass API
AIZ_LOC_010,Tinghmun,AIZ_09478,1977.91,nearest_centroid_max_2500m,OpenStreetMap Overpass API
AIZ_LOC_010,Tinghmun,AIZ_09479,1956.98,nearest_centroid_max_2500m,OpenStreetMap Overpass API
AIZ_LOC_010,Tinghmun,AIZ_09480,2061.93,nearest_centroid_max_2500m,OpenStreetMap Overpass API
AIZ_LOC_010,Tinghmun,AIZ_09481,2275.46,nearest_centroid_max_2500m,OpenStreetMap Overpass API
AIZ_LOC_022,Maite,AIZ_09502,2304.31,nearest_centroid_max_2500m,OpenStreetMap Overpass API
AIZ_LOC_022,Maite,AIZ_09503,2059.49,nearest_centroid_max_2500m,OpenStreetMap Overpass API
AIZ_LOC_022,Maite,AIZ_09504,1917.66,nearest_centroid_max_2500m,OpenStreetMap Overpass API
AIZ_LOC_022,Maite,AIZ_09505,1902.05,nearest_centroid_max_2500m,OpenStreetMap Overpass API
AIZ_LOC_022,Maite,AIZ_09506,2015.48,nearest_centroid_max_2500m,OpenStreetMap Overpass API
AIZ_LOC_022,Maite,AIZ_09507,2238.63,nearest_centroid_max_2500m,OpenStreetMap Overpass API
AIZ_LOC_026,Tawizo,AIZ_09511,2198.87,nearest_centroid_max_2500m,OpenStreetMap Overpass API
AIZ_LOC_026,Tawizo,AIZ_09512,1945.55,nearest_centroid_max_2500m,OpenStreetMap Overpass API
AIZ_LOC_026,Tawizo,AIZ_09513,1800.09,nearest_centroid_max_2500m,OpenStreetMap Overpass API
AIZ_LOC_026,Tawizo,AIZ_09514,1788.71,nearest_centroid_max_2500m,OpenStreetMap Overpass API
AIZ_LOC_026,Tawizo,AIZ_09515,1913.9,nearest_centroid_max_2500m,OpenStreetMap Overpass API
AIZ_LOC_026,Tawizo,AIZ_09516,2151.95,nearest_centroid_max_2500m,OpenStreetMap Overpass API
AIZ_LOC_026,Tawizo,AIZ_09517,2470.51,nearest_centroid_max_2500m,OpenStreetMap Overpass API
AIZ_LOC_027,Mualpheng,AIZ_09520,2117.12,nearest_centroid_max_2500m,OpenStreetMap Overpass API
AIZ_LOC_027,Mualpheng,AIZ_09521,1614.99,nearest_centroid_max_2500m,OpenStreetMap Overpass API
AIZ_LOC_027,Mualpheng,AIZ_09522,1112.78,nearest_centroid_max_2500m,OpenStreetMap Overpass API
AIZ_LOC_027,Mualpheng,AIZ_09523,610.76,nearest_centroid_max_2500m,OpenStreetMap Overpass API
AIZ_LOC_027,Mualpheng,AIZ_09524,109.88,nearest_centroid_max_2500m,OpenStreetMap Overpass API
AIZ_LOC_027,Mualpheng,AIZ_09525,394.43,nearest_centroid_max_2500m,OpenStreetMap Overpass API
AIZ_LOC_027,Mualpheng,AIZ_09526,896.33,nearest_centroid_max_2500m,OpenStreetMap Overpass API
AIZ_LOC_027,Mualpheng,AIZ_09527,1398.52,nearest_centroid_max_2500m,OpenStreetMap Overpass API
AIZ_LOC_027,Mualpheng,AIZ_09528,1900.64,nearest_centroid_max_2500m,OpenStreetMap Overpass API
AIZ_LOC_027,Mualpheng,AIZ_09529,2402.78,nearest_centroid_max_2500m,OpenStreetMap Overpass API
AIZ_LOC_018,Sachal,AIZ_09539,2084.64,nearest_centroid_max_2500m,OpenStreetMap Overpass API
AIZ_LOC_018,Sachal,AIZ_09540,1661.17,nearest_centroid_max_2500m,OpenStreetMap Overpass API
AIZ_LOC_018,Sachal,AIZ_09541,1295.21,nearest_centroid_max_2500m,OpenStreetMap Overpass API
AIZ_LOC_018,Sachal,AIZ_09542,1048.77,nearest_centroid_max_2500m,OpenStreetMap Overpass API
AIZ_LOC_018,Sachal,AIZ_09543,1013.29,nearest_centroid_max_2500m,OpenStreetMap Overpass API
AIZ_LOC_018,Sachal,AIZ_09544,1207.44,nearest_centroid_max_2500m,OpenStreetMap Overpass API
AIZ_LOC_018,Sachal,AIZ_09545,1547.15,nearest_centroid_max_2500m,OpenStreetMap Overpass API
AIZ_LOC_018,Sachal,AIZ_09546,1958.0,nearest_centroid_max_2500m,OpenStreetMap Overpass API
AIZ_LOC_018,Sachal,AIZ_09547,2403.75,nearest_centroid_max_2500m,OpenStreetMap Overpass API
AIZ_LOC_019,Buhban,AIZ_09566,2384.89,nearest_centroid_max_2500m,OpenStreetMap Overpass API
AIZ_LOC_019,Buhban,AIZ_09567,2013.27,nearest_centroid_max_2500m,OpenStreetMap Overpass API
AIZ_LOC_019,Buhban,AIZ_09568,1709.64,nearest_centroid_max_2500m,OpenStreetMap Overpass API
AIZ_LOC_019,Buhban,AIZ_09569,1515.48,nearest_centroid_max_2500m,OpenStreetMap Overpass API
AIZ_LOC_019,Buhban,AIZ_09570,1474.8,nearest_centroid_max_2500m,OpenStreetMap Overpass API
AIZ_LOC_019,Buhban,AIZ_09571,1599.28,nearest_centroid_max_2500m,OpenStreetMap Overpass API
AIZ_LOC_019,Buhban,AIZ_09572,1855.99,nearest_centroid_max_2500m,OpenStreetMap Overpass API
AIZ_LOC_019,Buhban,AIZ_09573,2199.18,nearest_centroid_max_2500m,OpenStreetMap Overpass API
AIZ_LOC_009,Vaitin,AIZ_09646,2183.62,nearest_centroid_max_2500m,OpenStreetMap Overpass API
AIZ_LOC_009,Vaitin,AIZ_09647,1683.51,nearest_centroid_max_2500m,OpenStreetMap Overpass API
AIZ_LOC_009,Vaitin,AIZ_09648,1185.15,nearest_centroid_max_2500m,OpenStreetMap Overpass API
AIZ_LOC_009,Vaitin,AIZ_09649,692.3,nearest_centroid_max_2500m,OpenStreetMap Overpass API
AIZ_LOC_009,Vaitin,AIZ_09650,241.45,nearest_centroid_max_2500m,OpenStreetMap Overpass API
AIZ_LOC_009,Vaitin,AIZ_09651,376.35,nearest_centroid_max_2500m,OpenStreetMap Overpass API
AIZ_LOC_009,Vaitin,AIZ_09652,854.0,nearest_centroid_max_2500m,OpenStreetMap Overpass API
AIZ_LOC_009,Vaitin,AIZ_09653,1349.55,nearest_centroid_max_2500m,OpenStreetMap Overpass API
AIZ_LOC_009,Vaitin,AIZ_09654,1848.68,nearest_centroid_max_2500m,OpenStreetMap Overpass API
AIZ_LOC_009,Vaitin,AIZ_09655,2349.08,nearest_centroid_max_2500m,OpenStreetMap Overpass API
AIZ_LOC_010,Tinghmun,AIZ_09667,2342.47,nearest_centroid_max_2500m,OpenStreetMap Overpass API
AIZ_LOC_010,Tinghmun,AIZ_09668,1972.79,nearest_centroid_max_2500m,OpenStreetMap Overpass API
AIZ_LOC_010,Tinghmun,AIZ_09669,1673.6,nearest_centroid_max_2500m,OpenStreetMap Overpass API
AIZ_LOC_010,Tinghmun,AIZ_09670,1488.08,nearest_centroid_max_2500m,OpenStreetMap Overpass API
AIZ_LOC_010,Tinghmun,AIZ_09671,1460.12,nearest_centroid_max_2500m,OpenStreetMap Overpass API
AIZ_LOC_010,Tinghmun,AIZ_09672,1597.99,nearest_centroid_max_2500m,OpenStreetMap Overpass API
AIZ_LOC_010,Tinghmun,AIZ_09673,1865.42,nearest_centroid_max_2500m,OpenStreetMap Overpass API
AIZ_LOC_010,Tinghmun,AIZ_09674,2215.93,nearest_centroid_max_2500m,OpenStreetMap Overpass API
AIZ_LOC_022,Maite,AIZ_09694,2289.61,nearest_centroid_max_2500m,OpenStreetMap Overpass API
AIZ_LOC_022,Maite,AIZ_09695,1915.62,nearest_centroid_max_2500m,OpenStreetMap Overpass API
AIZ_LOC_022,Maite,AIZ_09696,1612.69,nearest_centroid_max_2500m,OpenStreetMap Overpass API
AIZ_LOC_022,Maite,AIZ_09697,1427.16,nearest_centroid_max_2500m,OpenStreetMap Overpass API
AIZ_LOC_022,Maite,AIZ_09698,1406.13,nearest_centroid_max_2500m,OpenStreetMap Overpass API
AIZ_LOC_022,Maite,AIZ_09699,1556.18,nearest_centroid_max_2500m,OpenStreetMap Overpass API
AIZ_LOC_022,Maite,AIZ_09700,1836.05,nearest_centroid_max_2500m,OpenStreetMap Overpass API
AIZ_LOC_022,Maite,AIZ_09701,2196.51,nearest_centroid_max_2500m,OpenStreetMap Overpass API
AIZ_LOC_026,Tawizo,AIZ_09705,2410.16,nearest_centroid_max_2500m,OpenStreetMap Overpass API
AIZ_LOC_026,Tawizo,AIZ_09706,2294.25,nearest_centroid_max_2500m,OpenStreetMap Overpass API
AIZ_LOC_026,Tawizo,AIZ_09707,2285.31,nearest_centroid_max_2500m,OpenStreetMap Overpass API
AIZ_LOC_026,Tawizo,AIZ_09708,2384.66,nearest_centroid_max_2500m,OpenStreetMap Overpass API
AIZ_LOC_027,Mualpheng,AIZ_09713,2170.78,nearest_centroid_max_2500m,OpenStreetMap Overpass API
AIZ_LOC_027,Mualpheng,AIZ_09714,1684.73,nearest_centroid_max_2500m,OpenStreetMap Overpass API
AIZ_LOC_027,Mualpheng,AIZ_09715,1211.91,nearest_centroid_max_2500m,OpenStreetMap Overpass API
AIZ_LOC_027,Mualpheng,AIZ_09716,776.67,nearest_centroid_max_2500m,OpenStreetMap Overpass API
AIZ_LOC_027,Mualpheng,AIZ_09717,492.23,nearest_centroid_max_2500m,OpenStreetMap Overpass API
AIZ_LOC_027,Mualpheng,AIZ_09718,621.19,nearest_centroid_max_2500m,OpenStreetMap Overpass API
AIZ_LOC_027,Mualpheng,AIZ_09719,1016.71,nearest_centroid_max_2500m,OpenStreetMap Overpass API
AIZ_LOC_027,Mualpheng,AIZ_09720,1478.46,nearest_centroid_max_2500m,OpenStreetMap Overpass API
AIZ_LOC_027,Mualpheng,AIZ_09721,1960.32,nearest_centroid_max_2500m,OpenStreetMap Overpass API
AIZ_LOC_027,Mualpheng,AIZ_09722,2450.26,nearest_centroid_max_2500m,OpenStreetMap Overpass API
AIZ_LOC_018,Sachal,AIZ_09732,2364.54,nearest_centroid_max_2500m,OpenStreetMap Overpass API
AIZ_LOC_018,Sachal,AIZ_09733,2001.27,nearest_centroid_max_2500m,OpenStreetMap Overpass API
AIZ_LOC_018,Sachal,AIZ_09734,1709.72,nearest_centroid_max_2500m,OpenStreetMap Overpass API
AIZ_LOC_018,Sachal,AIZ_09735,1531.48,nearest_centroid_max_2500m,OpenStreetMap Overpass API
AIZ_LOC_018,Sachal,AIZ_09736,1507.4,nearest_centroid_max_2500m,OpenStreetMap Overpass API
AIZ_LOC_018,Sachal,AIZ_09737,1644.29,nearest_centroid_max_2500m,OpenStreetMap Overpass API
AIZ_LOC_018,Sachal,AIZ_09738,1907.65,nearest_centroid_max_2500m,OpenStreetMap Overpass API
AIZ_LOC_018,Sachal,AIZ_09739,2253.72,nearest_centroid_max_2500m,OpenStreetMap Overpass API
AIZ_LOC_019,Buhban,AIZ_09760,2402.0,nearest_centroid_max_2500m,OpenStreetMap Overpass API
AIZ_LOC_019,Buhban,AIZ_09761,2153.87,nearest_centroid_max_2500m,OpenStreetMap Overpass API
AIZ_LOC_019,Buhban,AIZ_09762,2003.35,nearest_centroid_max_2500m,OpenStreetMap Overpass API
AIZ_LOC_019,Buhban,AIZ_09763,1972.72,nearest_centroid_max_2500m,OpenStreetMap Overpass API
AIZ_LOC_019,Buhban,AIZ_09764,2067.43,nearest_centroid_max_2500m,OpenStreetMap Overpass API
AIZ_LOC_019,Buhban,AIZ_09765,2271.91,nearest_centroid_max_2500m,OpenStreetMap Overpass API
AIZ_LOC_009,Vaitin,AIZ_09824,2201.08,nearest_centroid_max_2500m,OpenStreetMap Overpass API
AIZ_LOC_009,Vaitin,AIZ_09825,1706.08,nearest_centroid_max_2500m,OpenStreetMap Overpass API
AIZ_LOC_009,Vaitin,AIZ_09826,1216.98,nearest_centroid_max_2500m,OpenStreetMap Overpass API
AIZ_LOC_009,Vaitin,AIZ_09827,745.41,nearest_centroid_max_2500m,OpenStreetMap Overpass API
AIZ_LOC_009,Vaitin,AIZ_09828,366.81,nearest_centroid_max_2500m,OpenStreetMap Overpass API
AIZ_LOC_009,Vaitin,AIZ_09829,466.83,nearest_centroid_max_2500m,OpenStreetMap Overpass API
AIZ_LOC_009,Vaitin,AIZ_09830,897.55,nearest_centroid_max_2500m,OpenStreetMap Overpass API
AIZ_LOC_009,Vaitin,AIZ_09831,1377.53,nearest_centroid_max_2500m,OpenStreetMap Overpass API
AIZ_LOC_009,Vaitin,AIZ_09832,1869.22,nearest_centroid_max_2500m,OpenStreetMap Overpass API
AIZ_LOC_009,Vaitin,AIZ_09833,2365.3,nearest_centroid_max_2500m,OpenStreetMap Overpass API
AIZ_LOC_010,Tinghmun,AIZ_09845,2070.87,nearest_centroid_max_2500m,OpenStreetMap Overpass API
AIZ_LOC_010,Tinghmun,AIZ_09846,1641.02,nearest_centroid_max_2500m,OpenStreetMap Overpass API
AIZ_LOC_010,Tinghmun,AIZ_09847,1265.68,nearest_centroid_max_2500m,OpenStreetMap Overpass API
AIZ_LOC_010,Tinghmun,AIZ_09848,1007.6,nearest_centroid_max_2500m,OpenStreetMap Overpass API
AIZ_LOC_010,Tinghmun,AIZ_09849,965.76,nearest_centroid_max_2500m,OpenStreetMap Overpass API
AIZ_LOC_010,Tinghmun,AIZ_09850,1163.9,nearest_centroid_max_2500m,OpenStreetMap Overpass API
AIZ_LOC_010,Tinghmun,AIZ_09851,1510.28,nearest_centroid_max_2500m,OpenStreetMap Overpass API
AIZ_LOC_010,Tinghmun,AIZ_09852,1926.53,nearest_centroid_max_2500m,OpenStreetMap Overpass API
AIZ_LOC_010,Tinghmun,AIZ_09853,2376.19,nearest_centroid_max_2500m,OpenStreetMap Overpass API
AIZ_LOC_022,Maite,AIZ_09871,2485.53,nearest_centroid_max_2500m,OpenStreetMap Overpass API
AIZ_LOC_022,Maite,AIZ_09872,2024.93,nearest_centroid_max_2500m,OpenStreetMap Overpass API
AIZ_LOC_022,Maite,AIZ_09873,1589.81,nearest_centroid_max_2500m,OpenStreetMap Overpass API
AIZ_LOC_022,Maite,AIZ_09874,1207.96,nearest_centroid_max_2500m,OpenStreetMap Overpass API
AIZ_LOC_022,Maite,AIZ_09875,945.98,nearest_centroid_max_2500m,OpenStreetMap Overpass API
AIZ_LOC_022,Maite,AIZ_09876,913.95,nearest_centroid_max_2500m,OpenStreetMap Overpass API
AIZ_LOC_022,Maite,AIZ_09877,1131.37,nearest_centroid_max_2500m,OpenStreetMap Overpass API
AIZ_LOC_022,Maite,AIZ_09878,1493.04,nearest_centroid_max_2500m,OpenStreetMap Overpass API
AIZ_LOC_022,Maite,AIZ_09879,1918.98,nearest_centroid_max_2500m,OpenStreetMap Overpass API
AIZ_LOC_022,Maite,AIZ_09880,2375.03,nearest_centroid_max_2500m,OpenStreetMap Overpass API
AIZ_LOC_027,Mualpheng,AIZ_09891,2332.73,nearest_centroid_max_2500m,OpenStreetMap Overpass API
AIZ_LOC_027,Mualpheng,AIZ_09892,1888.69,nearest_centroid_max_2500m,OpenStreetMap Overpass API
AIZ_LOC_027,Mualpheng,AIZ_09893,1482.45,nearest_centroid_max_2500m,OpenStreetMap Overpass API
AIZ_LOC_027,Mualpheng,AIZ_09894,1154.24,nearest_centroid_max_2500m,OpenStreetMap Overpass API
AIZ_LOC_027,Mualpheng,AIZ_09895,985.59,nearest_centroid_max_2500m,OpenStreetMap Overpass API
AIZ_LOC_027,Mualpheng,AIZ_09896,1055.83,nearest_centroid_max_2500m,OpenStreetMap Overpass API
AIZ_LOC_027,Mualpheng,AIZ_09897,1327.73,nearest_centroid_max_2500m,OpenStreetMap Overpass API
AIZ_LOC_027,Mualpheng,AIZ_09898,1707.34,nearest_centroid_max_2500m,OpenStreetMap Overpass API
AIZ_LOC_027,Mualpheng,AIZ_09899,2138.15,nearest_centroid_max_2500m,OpenStreetMap Overpass API
AIZ_LOC_018,Sachal,AIZ_09911,2397.77,nearest_centroid_max_2500m,OpenStreetMap Overpass API
AIZ_LOC_018,Sachal,AIZ_09912,2160.42,nearest_centroid_max_2500m,OpenStreetMap Overpass API
AIZ_LOC_018,Sachal,AIZ_09913,2022.31,nearest_centroid_max_2500m,OpenStreetMap Overpass API
AIZ_LOC_018,Sachal,AIZ_09914,2004.19,nearest_centroid_max_2500m,OpenStreetMap Overpass API
AIZ_LOC_018,Sachal,AIZ_09915,2109.0,nearest_centroid_max_2500m,OpenStreetMap Overpass API
AIZ_LOC_018,Sachal,AIZ_09916,2320.28,nearest_centroid_max_2500m,OpenStreetMap Overpass API
AIZ_LOC_019,Buhban,AIZ_09940,2403.15,nearest_centroid_max_2500m,OpenStreetMap Overpass API
AIZ_LOC_019,Buhban,AIZ_09941,2376.45,nearest_centroid_max_2500m,OpenStreetMap Overpass API
AIZ_LOC_019,Buhban,AIZ_09942,2490.78,nearest_centroid_max_2500m,OpenStreetMap Overpass API
AIZ_LOC_009,Vaitin,AIZ_09983,2327.99,nearest_centroid_max_2500m,OpenStreetMap Overpass API
AIZ_LOC_009,Vaitin,AIZ_09984,1866.94,nearest_centroid_max_2500m,OpenStreetMap Overpass API
AIZ_LOC_009,Vaitin,AIZ_09985,1433.84,nearest_centroid_max_2500m,OpenStreetMap Overpass API
AIZ_LOC_009,Vaitin,AIZ_09986,1063.24,nearest_centroid_max_2500m,OpenStreetMap Overpass API
AIZ_LOC_009,Vaitin,AIZ_09987,842.36,nearest_centroid_max_2500m,OpenStreetMap Overpass API
AIZ_LOC_009,Vaitin,AIZ_09988,890.39,nearest_centroid_max_2500m,OpenStreetMap Overpass API
AIZ_LOC_009,Vaitin,AIZ_09989,1174.95,nearest_centroid_max_2500m,OpenStreetMap Overpass API
AIZ_LOC_009,Vaitin,AIZ_09990,1572.38,nearest_centroid_max_2500m,OpenStreetMap Overpass API
AIZ_LOC_009,Vaitin,AIZ_09991,2017.11,nearest_centroid_max_2500m,OpenStreetMap Overpass API
AIZ_LOC_009,Vaitin,AIZ_09992,2483.8,nearest_centroid_max_2500m,OpenStreetMap Overpass API
AIZ_LOC_010,Tinghmun,AIZ_10003,2384.87,nearest_centroid_max_2500m,OpenStreetMap Overpass API
AIZ_LOC_010,Tinghmun,AIZ_10004,1894.17,nearest_centroid_max_2500m,OpenStreetMap Overpass API
AIZ_LOC_010,Tinghmun,AIZ_10005,1411.59,nearest_centroid_max_2500m,OpenStreetMap Overpass API
AIZ_LOC_010,Tinghmun,AIZ_10006,949.48,nearest_centroid_max_2500m,OpenStreetMap Overpass API
AIZ_LOC_010,Tinghmun,AIZ_10007,561.13,nearest_centroid_max_2500m,OpenStreetMap Overpass API
AIZ_LOC_010,Tinghmun,AIZ_10008,482.12,nearest_centroid_max_2500m,OpenStreetMap Overpass API
AIZ_LOC_010,Tinghmun,AIZ_10009,808.97,nearest_centroid_max_2500m,OpenStreetMap Overpass API
AIZ_LOC_010,Tinghmun,AIZ_10010,1257.24,nearest_centroid_max_2500m,OpenStreetMap Overpass API
AIZ_LOC_010,Tinghmun,AIZ_10011,1735.31,nearest_centroid_max_2500m,OpenStreetMap Overpass API
AIZ_LOC_010,Tinghmun,AIZ_10012,2224.02,nearest_centroid_max_2500m,OpenStreetMap Overpass API
AIZ_LOC_022,Maite,AIZ_10029,2352.66,nearest_centroid_max_2500m,OpenStreetMap Overpass API
AIZ_LOC_022,Maite,AIZ_10030,1859.39,nearest_centroid_max_2500m,OpenStreetMap Overpass API
AIZ_LOC_022,Maite,AIZ_10031,1372.8,nearest_centroid_max_2500m,OpenStreetMap Overpass API
AIZ_LOC_022,Maite,AIZ_10032,903.27,nearest_centroid_max_2500m,OpenStreetMap Overpass API
AIZ_LOC_022,Maite,AIZ_10033,501.82,nearest_centroid_max_2500m,OpenStreetMap Overpass API
AIZ_LOC_022,Maite,AIZ_10034,438.4,nearest_centroid_max_2500m,OpenStreetMap Overpass API
AIZ_LOC_022,Maite,AIZ_10035,798.04,nearest_centroid_max_2500m,OpenStreetMap Overpass API
AIZ_LOC_022,Maite,AIZ_10036,1259.32,nearest_centroid_max_2500m,OpenStreetMap Overpass API
AIZ_LOC_022,Maite,AIZ_10037,1743.46,nearest_centroid_max_2500m,OpenStreetMap Overpass API
AIZ_LOC_022,Maite,AIZ_10038,2235.49,nearest_centroid_max_2500m,OpenStreetMap Overpass API
AIZ_LOC_027,Mualpheng,AIZ_10050,2189.77,nearest_centroid_max_2500m,OpenStreetMap Overpass API
AIZ_LOC_027,Mualpheng,AIZ_10051,1850.83,nearest_centroid_max_2500m,OpenStreetMap Overpass API
AIZ_LOC_027,Mualpheng,AIZ_10052,1599.97,nearest_centroid_max_2500m,OpenStreetMap Overpass API
AIZ_LOC_027,Mualpheng,AIZ_10053,1482.95,nearest_centroid_max_2500m,OpenStreetMap Overpass API
AIZ_LOC_027,Mualpheng,AIZ_10054,1530.51,nearest_centroid_max_2500m,OpenStreetMap Overpass API
AIZ_LOC_027,Mualpheng,AIZ_10055,1729.28,nearest_centroid_max_2500m,OpenStreetMap Overpass API
AIZ_LOC_027,Mualpheng,AIZ_10056,2035.37,nearest_centroid_max_2500m,OpenStreetMap Overpass API
AIZ_LOC_027,Mualpheng,AIZ_10057,2408.21,nearest_centroid_max_2500m,OpenStreetMap Overpass API
AIZ_LOC_009,Vaitin,AIZ_10127,2135.25,nearest_centroid_max_2500m,OpenStreetMap Overpass API
AIZ_LOC_009,Vaitin,AIZ_10128,1769.09,nearest_centroid_max_2500m,OpenStreetMap Overpass API
AIZ_LOC_009,Vaitin,AIZ_10129,1484.73,nearest_centroid_max_2500m,OpenStreetMap Overpass API
AIZ_LOC_009,Vaitin,AIZ_10130,1335.36,nearest_centroid_max_2500m,OpenStreetMap Overpass API
AIZ_LOC_009,Vaitin,AIZ_10131,1366.21,nearest_centroid_max_2500m,OpenStreetMap Overpass API
AIZ_LOC_009,Vaitin,AIZ_10132,1566.51,nearest_centroid_max_2500m,OpenStreetMap Overpass API
AIZ_LOC_009,Vaitin,AIZ_10133,1883.07,nearest_centroid_max_2500m,OpenStreetMap Overpass API
AIZ_LOC_009,Vaitin,AIZ_10134,2267.66,nearest_centroid_max_2500m,OpenStreetMap Overpass API
AIZ_LOC_010,Tinghmun,AIZ_10146,2342.26,nearest_centroid_max_2500m,OpenStreetMap Overpass API
AIZ_LOC_010,Tinghmun,AIZ_10147,1840.23,nearest_centroid_max_2500m,OpenStreetMap Overpass API
AIZ_LOC_010,Tinghmun,AIZ_10148,1338.31,nearest_centroid_max_2500m,OpenStreetMap Overpass API
AIZ_LOC_010,Tinghmun,AIZ_10149,836.66,nearest_centroid_max_2500m,OpenStreetMap Overpass API
AIZ_LOC_010,Tinghmun,AIZ_10150,336.56,nearest_centroid_max_2500m,OpenStreetMap Overpass API
AIZ_LOC_010,Tinghmun,AIZ_10151,175.65,nearest_centroid_max_2500m,OpenStreetMap Overpass API
AIZ_LOC_010,Tinghmun,AIZ_10152,672.87,nearest_centroid_max_2500m,OpenStreetMap Overpass API
AIZ_LOC_010,Tinghmun,AIZ_10153,1174.3,nearest_centroid_max_2500m,OpenStreetMap Overpass API
AIZ_LOC_010,Tinghmun,AIZ_10154,1676.16,nearest_centroid_max_2500m,OpenStreetMap Overpass API
AIZ_LOC_010,Tinghmun,AIZ_10155,2178.16,nearest_centroid_max_2500m,OpenStreetMap Overpass API
AIZ_LOC_022,Maite,AIZ_10172,2321.69,nearest_centroid_max_2500m,OpenStreetMap Overpass API
AIZ_LOC_022,Maite,AIZ_10173,1820.19,nearest_centroid_max_2500m,OpenStreetMap Overpass API
AIZ_LOC_022,Maite,AIZ_10174,1319.08,nearest_centroid_max_2500m,OpenStreetMap Overpass API
AIZ_LOC_022,Maite,AIZ_10175,819.51,nearest_centroid_max_2500m,OpenStreetMap Overpass API
AIZ_LOC_022,Maite,AIZ_10176,327.91,nearest_centroid_max_2500m,OpenStreetMap Overpass API
AIZ_LOC_022,Maite,AIZ_10177,218.63,nearest_centroid_max_2500m,OpenStreetMap Overpass API
AIZ_LOC_022,Maite,AIZ_10178,701.77,nearest_centroid_max_2500m,OpenStreetMap Overpass API
AIZ_LOC_022,Maite,AIZ_10179,1200.73,nearest_centroid_max_2500m,OpenStreetMap Overpass API
AIZ_LOC_022,Maite,AIZ_10180,1701.53,nearest_centroid_max_2500m,OpenStreetMap Overpass API
AIZ_LOC_022,Maite,AIZ_10181,2203.06,nearest_centroid_max_2500m,OpenStreetMap Overpass API
AIZ_LOC_027,Mualpheng,AIZ_10194,2269.71,nearest_centroid_max_2500m,OpenStreetMap Overpass API
AIZ_LOC_027,Mualpheng,AIZ_10195,2070.36,nearest_centroid_max_2500m,OpenStreetMap Overpass API
AIZ_LOC_027,Mualpheng,AIZ_10196,1981.3,nearest_centroid_max_2500m,OpenStreetMap Overpass API
AIZ_LOC_027,Mualpheng,AIZ_10197,2017.21,nearest_centroid_max_2500m,OpenStreetMap Overpass API
AIZ_LOC_027,Mualpheng,AIZ_10198,2171.87,nearest_centroid_max_2500m,OpenStreetMap Overpass API
AIZ_LOC_027,Mualpheng,AIZ_10199,2422.64,nearest_centroid_max_2500m,OpenStreetMap Overpass API
AIZ_LOC_009,Vaitin,AIZ_10260,2476.17,nearest_centroid_max_2500m,OpenStreetMap Overpass API
AIZ_LOC_009,Vaitin,AIZ_10261,2168.38,nearest_centroid_max_2500m,OpenStreetMap Overpass API
AIZ_LOC_009,Vaitin,AIZ_10262,1943.36,nearest_centroid_max_2500m,OpenStreetMap Overpass API
AIZ_LOC_009,Vaitin,AIZ_10263,1831.87,nearest_centroid_max_2500m,OpenStreetMap Overpass API
AIZ_LOC_009,Vaitin,AIZ_10264,1854.4,nearest_centroid_max_2500m,OpenStreetMap Overpass API
AIZ_LOC_009,Vaitin,AIZ_10265,2006.62,nearest_centroid_max_2500m,OpenStreetMap Overpass API
AIZ_LOC_009,Vaitin,AIZ_10266,2262.43,nearest_centroid_max_2500m,OpenStreetMap Overpass API
AIZ_LOC_010,Tinghmun,AIZ_10279,2404.77,nearest_centroid_max_2500m,OpenStreetMap Overpass API
AIZ_LOC_010,Tinghmun,AIZ_10280,1919.17,nearest_centroid_max_2500m,OpenStreetMap Overpass API
AIZ_LOC_010,Tinghmun,AIZ_10281,1445.07,nearest_centroid_max_2500m,OpenStreetMap Overpass API
AIZ_LOC_010,Tinghmun,AIZ_10282,998.57,nearest_centroid_max_2500m,OpenStreetMap Overpass API
AIZ_LOC_010,Tinghmun,AIZ_10283,640.62,nearest_centroid_max_2500m,OpenStreetMap Overpass API
AIZ_LOC_010,Tinghmun,AIZ_10284,572.69,nearest_centroid_max_2500m,OpenStreetMap Overpass API
AIZ_LOC_010,Tinghmun,AIZ_10285,865.95,nearest_centroid_max_2500m,OpenStreetMap Overpass API
AIZ_LOC_010,Tinghmun,AIZ_10286,1294.59,nearest_centroid_max_2500m,OpenStreetMap Overpass API
AIZ_LOC_010,Tinghmun,AIZ_10287,1762.53,nearest_centroid_max_2500m,OpenStreetMap Overpass API
AIZ_LOC_010,Tinghmun,AIZ_10288,2245.3,nearest_centroid_max_2500m,OpenStreetMap Overpass API
AIZ_LOC_022,Maite,AIZ_10305,2396.8,nearest_centroid_max_2500m,OpenStreetMap Overpass API
AIZ_LOC_022,Maite,AIZ_10306,1915.07,nearest_centroid_max_2500m,OpenStreetMap Overpass API
AIZ_LOC_022,Maite,AIZ_10307,1447.19,nearest_centroid_max_2500m,OpenStreetMap Overpass API
AIZ_LOC_022,Maite,AIZ_10308,1012.9,nearest_centroid_max_2500m,OpenStreetMap Overpass API
AIZ_LOC_022,Maite,AIZ_10309,679.56,nearest_centroid_max_2500m,OpenStreetMap Overpass API
AIZ_LOC_022,Maite,AIZ_10310,634.16,nearest_centroid_max_2500m,OpenStreetMap Overpass API
AIZ_LOC_022,Maite,AIZ_10311,920.24,nearest_centroid_max_2500m,OpenStreetMap Overpass API
AIZ_LOC_022,Maite,AIZ_10312,1340.19,nearest_centroid_max_2500m,OpenStreetMap Overpass API
AIZ_LOC_022,Maite,AIZ_10313,1802.65,nearest_centroid_max_2500m,OpenStreetMap Overpass API
AIZ_LOC_022,Maite,AIZ_10314,2282.05,nearest_centroid_max_2500m,OpenStreetMap Overpass API
AIZ_LOC_027,Mualpheng,AIZ_10329,2480.06,nearest_centroid_max_2500m,OpenStreetMap Overpass API
AIZ_LOC_009,Vaitin,AIZ_10383,2418.2,nearest_centroid_max_2500m,OpenStreetMap Overpass API
AIZ_LOC_009,Vaitin,AIZ_10384,2329.53,nearest_centroid_max_2500m,OpenStreetMap Overpass API
AIZ_LOC_009,Vaitin,AIZ_10385,2347.35,nearest_centroid_max_2500m,OpenStreetMap Overpass API
AIZ_LOC_009,Vaitin,AIZ_10386,2469.36,nearest_centroid_max_2500m,OpenStreetMap Overpass API
AIZ_LOC_010,Tinghmun,AIZ_10401,2116.4,nearest_centroid_max_2500m,OpenStreetMap Overpass API
AIZ_LOC_010,Tinghmun,AIZ_10402,1698.19,nearest_centroid_max_2500m,OpenStreetMap Overpass API
AIZ_LOC_010,Tinghmun,AIZ_10403,1338.97,nearest_centroid_max_2500m,OpenStreetMap Overpass API
AIZ_LOC_010,Tinghmun,AIZ_10404,1098.26,nearest_centroid_max_2500m,OpenStreetMap Overpass API
AIZ_LOC_010,Tinghmun,AIZ_10405,1060.09,nearest_centroid_max_2500m,OpenStreetMap Overpass API
AIZ_LOC_010,Tinghmun,AIZ_10406,1243.25,nearest_centroid_max_2500m,OpenStreetMap Overpass API
AIZ_LOC_010,Tinghmun,AIZ_10407,1572.21,nearest_centroid_max_2500m,OpenStreetMap Overpass API
AIZ_LOC_010,Tinghmun,AIZ_10408,1975.44,nearest_centroid_max_2500m,OpenStreetMap Overpass API
AIZ_LOC_010,Tinghmun,AIZ_10409,2416.03,nearest_centroid_max_2500m,OpenStreetMap Overpass API
AIZ_LOC_022,Maite,AIZ_10430,2126.2,nearest_centroid_max_2500m,OpenStreetMap Overpass API
AIZ_LOC_022,Maite,AIZ_10431,1716.85,nearest_centroid_max_2500m,OpenStreetMap Overpass API
AIZ_LOC_022,Maite,AIZ_10432,1370.81,nearest_centroid_max_2500m,OpenStreetMap Overpass API
AIZ_LOC_022,Maite,AIZ_10433,1146.74,nearest_centroid_max_2500m,OpenStreetMap Overpass API
AIZ_LOC_022,Maite,AIZ_10434,1120.39,nearest_centroid_max_2500m,OpenStreetMap Overpass API
AIZ_LOC_022,Maite,AIZ_10435,1303.9,nearest_centroid_max_2500m,OpenStreetMap Overpass API
AIZ_LOC_022,Maite,AIZ_10436,1627.69,nearest_centroid_max_2500m,OpenStreetMap Overpass API
AIZ_LOC_022,Maite,AIZ_10437,2025.53,nearest_centroid_max_2500m,OpenStreetMap Overpass API
AIZ_LOC_022,Maite,AIZ_10438,2461.91,nearest_centroid_max_2500m,OpenStreetMap Overpass API
AIZ_LOC_028,Tipaimukh,AIZ_10505,2281.74,nearest_centroid_max_2500m,OpenStreetMap Overpass API
AIZ_LOC_028,Tipaimukh,AIZ_10506,2122.81,nearest_centroid_max_2500m,OpenStreetMap Overpass API
AIZ_LOC_028,Tipaimukh,AIZ_10507,2076.2,nearest_centroid_max_2500m,OpenStreetMap Overpass API
AIZ_LOC_028,Tipaimukh,AIZ_10508,2149.24,nearest_centroid_max_2500m,OpenStreetMap Overpass API
AIZ_LOC_028,Tipaimukh,AIZ_10509,2330.71,nearest_centroid_max_2500m,OpenStreetMap Overpass API
AIZ_LOC_010,Tinghmun,AIZ_10521,2402.82,nearest_centroid_max_2500m,OpenStreetMap Overpass API
AIZ_LOC_010,Tinghmun,AIZ_10522,2044.06,nearest_centroid_max_2500m,OpenStreetMap Overpass API
AIZ_LOC_010,Tinghmun,AIZ_10523,1757.17,nearest_centroid_max_2500m,OpenStreetMap Overpass API
AIZ_LOC_010,Tinghmun,AIZ_10524,1581.4,nearest_centroid_max_2500m,OpenStreetMap Overpass API
AIZ_LOC_010,Tinghmun,AIZ_10525,1555.1,nearest_centroid_max_2500m,OpenStreetMap Overpass API
AIZ_LOC_010,Tinghmun,AIZ_10526,1685.28,nearest_centroid_max_2500m,OpenStreetMap Overpass API
AIZ_LOC_010,Tinghmun,AIZ_10527,1940.7,nearest_centroid_max_2500m,OpenStreetMap Overpass API
AIZ_LOC_010,Tinghmun,AIZ_10528,2279.64,nearest_centroid_max_2500m,OpenStreetMap Overpass API
AIZ_LOC_045,Thingpuikuol,AIZ_10541,2406.93,nearest_centroid_max_2500m,OpenStreetMap Overpass API
AIZ_LOC_045,Thingpuikuol,AIZ_10542,2348.34,nearest_centroid_max_2500m,OpenStreetMap Overpass API
AIZ_LOC_045,Thingpuikuol,AIZ_10543,2395.92,nearest_centroid_max_2500m,OpenStreetMap Overpass API
AIZ_LOC_022,Maite,AIZ_10550,2423.31,nearest_centroid_max_2500m,OpenStreetMap Overpass API
AIZ_LOC_022,Maite,AIZ_10551,2073.53,nearest_centroid_max_2500m,OpenStreetMap Overpass API
AIZ_LOC_022,Maite,AIZ_10552,1797.53,nearest_centroid_max_2500m,OpenStreetMap Overpass API
AIZ_LOC_022,Maite,AIZ_10553,1633.08,nearest_centroid_max_2500m,OpenStreetMap Overpass API
AIZ_LOC_022,Maite,AIZ_10554,1614.67,nearest_centroid_max_2500m,OpenStreetMap Overpass API
AIZ_LOC_022,Maite,AIZ_10555,1747.02,nearest_centroid_max_2500m,OpenStreetMap Overpass API
AIZ_LOC_022,Maite,AIZ_10556,2000.25,nearest_centroid_max_2500m,OpenStreetMap Overpass API
AIZ_LOC_022,Maite,AIZ_10557,2335.51,nearest_centroid_max_2500m,OpenStreetMap Overpass API
AIZ_LOC_028,Tipaimukh,AIZ_10618,2141.89,nearest_centroid_max_2500m,OpenStreetMap Overpass API
AIZ_LOC_028,Tipaimukh,AIZ_10619,1839.32,nearest_centroid_max_2500m,OpenStreetMap Overpass API
AIZ_LOC_028,Tipaimukh,AIZ_10620,1638.03,nearest_centroid_max_2500m,OpenStreetMap Overpass API
AIZ_LOC_028,Tipaimukh,AIZ_10621,1577.08,nearest_centroid_max_2500m,OpenStreetMap Overpass API
AIZ_LOC_028,Tipaimukh,AIZ_10622,1672.09,nearest_centroid_max_2500m,OpenStreetMap Overpass API
AIZ_LOC_028,Tipaimukh,AIZ_10623,1899.71,nearest_centroid_max_2500m,OpenStreetMap Overpass API
AIZ_LOC_028,Tipaimukh,AIZ_10624,2219.44,nearest_centroid_max_2500m,OpenStreetMap Overpass API
AIZ_LOC_010,Tinghmun,AIZ_10636,2443.73,nearest_centroid_max_2500m,OpenStreetMap Overpass API
AIZ_LOC_010,Tinghmun,AIZ_10637,2209.21,nearest_centroid_max_2500m,OpenStreetMap Overpass API
AIZ_LOC_010,Tinghmun,AIZ_10638,2072.23,nearest_centroid_max_2500m,OpenStreetMap Overpass API
AIZ_LOC_010,Tinghmun,AIZ_10639,2052.21,nearest_centroid_max_2500m,OpenStreetMap Overpass API
AIZ_LOC_010,Tinghmun,AIZ_10640,2152.52,nearest_centroid_max_2500m,OpenStreetMap Overpass API
AIZ_LOC_010,Tinghmun,AIZ_10641,2357.93,nearest_centroid_max_2500m,OpenStreetMap Overpass API
AIZ_LOC_045,Thingpuikuol,AIZ_10653,2401.63,nearest_centroid_max_2500m,OpenStreetMap Overpass API
AIZ_LOC_045,Thingpuikuol,AIZ_10654,2116.76,nearest_centroid_max_2500m,OpenStreetMap Overpass API
AIZ_LOC_045,Thingpuikuol,AIZ_10655,1922.97,nearest_centroid_max_2500m,OpenStreetMap Overpass API
AIZ_LOC_045,Thingpuikuol,AIZ_10656,1849.03,nearest_centroid_max_2500m,OpenStreetMap Overpass API
AIZ_LOC_045,Thingpuikuol,AIZ_10657,1914.91,nearest_centroid_max_2500m,OpenStreetMap Overpass API
AIZ_LOC_045,Thingpuikuol,AIZ_10658,2151.33,nearest_centroid_max_2500m,OpenStreetMap Overpass API
AIZ_LOC_022,Maite,AIZ_10664,2479.97,nearest_centroid_max_2500m,OpenStreetMap Overpass API
AIZ_LOC_022,Maite,AIZ_10665,2254.24,nearest_centroid_max_2500m,OpenStreetMap Overpass API
AIZ_LOC_022,Maite,AIZ_10666,2125.47,nearest_centroid_max_2500m,OpenStreetMap Overpass API
AIZ_LOC_022,Maite,AIZ_10667,2111.33,nearest_centroid_max_2500m,OpenStreetMap Overpass API
AIZ_LOC_022,Maite,AIZ_10668,2214.21,nearest_centroid_max_2500m,OpenStreetMap Overpass API
AIZ_LOC_022,Maite,AIZ_10669,2419.01,nearest_centroid_max_2500m,OpenStreetMap Overpass API
AIZ_LOC_042,Rovakot,AIZ_10715,2193.61,nearest_centroid_max_2500m,OpenStreetMap Overpass API
AIZ_LOC_042,Rovakot,AIZ_10716,2265.51,nearest_centroid_max_2500m,OpenStreetMap Overpass API
AIZ_LOC_042,Rovakot,AIZ_10717,2448.0,nearest_centroid_max_2500m,OpenStreetMap Overpass API
AIZ_LOC_017,Sipuikawn,AIZ_10722,2451.96,nearest_centroid_max_2500m,OpenStreetMap Overpass API
AIZ_LOC_017,Sipuikawn,AIZ_10723,2281.91,nearest_centroid_max_2500m,OpenStreetMap Overpass API
AIZ_LOC_017,Sipuikawn,AIZ_10724,2215.15,nearest_centroid_max_2500m,OpenStreetMap Overpass API
AIZ_LOC_028,Tipaimukh,AIZ_10725,2229.71,nearest_centroid_max_2500m,OpenStreetMap Overpass API
AIZ_LOC_028,Tipaimukh,AIZ_10726,1806.36,nearest_centroid_max_2500m,OpenStreetMap Overpass API
AIZ_LOC_028,Tipaimukh,AIZ_10727,1434.71,nearest_centroid_max_2500m,OpenStreetMap Overpass API
AIZ_LOC_028,Tipaimukh,AIZ_10728,1173.24,nearest_centroid_max_2500m,OpenStreetMap Overpass API
AIZ_LOC_028,Tipaimukh,AIZ_10729,1168.72,nearest_centroid_max_2500m,OpenStreetMap Overpass API
AIZ_LOC_028,Tipaimukh,AIZ_10730,1387.18,nearest_centroid_max_2500m,OpenStreetMap Overpass API
AIZ_LOC_028,Tipaimukh,AIZ_10731,1661.95,nearest_centroid_max_2500m,OpenStreetMap Overpass API
AIZ_LOC_028,Tipaimukh,AIZ_10732,2020.42,nearest_centroid_max_2500m,OpenStreetMap Overpass API
AIZ_LOC_028,Tipaimukh,AIZ_10733,2419.51,nearest_centroid_max_2500m,OpenStreetMap Overpass API
AIZ_LOC_045,Thingpuikuol,AIZ_10760,2441.76,nearest_centroid_max_2500m,OpenStreetMap Overpass API
AIZ_LOC_045,Thingpuikuol,AIZ_10761,2042.24,nearest_centroid_max_2500m,OpenStreetMap Overpass API
AIZ_LOC_045,Thingpuikuol,AIZ_10762,1706.65,nearest_centroid_max_2500m,OpenStreetMap Overpass API
AIZ_LOC_045,Thingpuikuol,AIZ_10763,1519.05,nearest_centroid_max_2500m,OpenStreetMap Overpass API
AIZ_LOC_045,Thingpuikuol,AIZ_10764,1491.56,nearest_centroid_max_2500m,OpenStreetMap Overpass API
AIZ_LOC_045,Thingpuikuol,AIZ_10765,1588.21,nearest_centroid_max_2500m,OpenStreetMap Overpass API
AIZ_LOC_042,Rovakot,AIZ_10786,1860.07,nearest_centroid_max_2500m,OpenStreetMap Overpass API
AIZ_LOC_042,Rovakot,AIZ_10787,1844.0,nearest_centroid_max_2500m,OpenStreetMap Overpass API
AIZ_LOC_042,Rovakot,AIZ_10788,2015.45,nearest_centroid_max_2500m,OpenStreetMap Overpass API
AIZ_LOC_042,Rovakot,AIZ_10789,2329.5,nearest_centroid_max_2500m,OpenStreetMap Overpass API
AIZ_LOC_017,Sipuikawn,AIZ_10792,2314.95,nearest_centroid_max_2500m,OpenStreetMap Overpass API
AIZ_LOC_017,Sipuikawn,AIZ_10793,2012.39,nearest_centroid_max_2500m,OpenStreetMap Overpass API
AIZ_LOC_017,Sipuikawn,AIZ_10794,1801.29,nearest_centroid_max_2500m,OpenStreetMap Overpass API
AIZ_LOC_017,Sipuikawn,AIZ_10795,1715.94,nearest_centroid_max_2500m,OpenStreetMap Overpass API
AIZ_LOC_017,Sipuikawn,AIZ_10796,1774.33,nearest_centroid_max_2500m,OpenStreetMap Overpass API
AIZ_LOC_028,Tipaimukh,AIZ_10797,1560.99,nearest_centroid_max_2500m,OpenStreetMap Overpass API
AIZ_LOC_028,Tipaimukh,AIZ_10798,1179.51,nearest_centroid_max_2500m,OpenStreetMap Overpass API
AIZ_LOC_028,Tipaimukh,AIZ_10799,956.57,nearest_centroid_max_2500m,OpenStreetMap Overpass API
AIZ_LOC_043,Sartuinek,AIZ_10804,2446.89,nearest_centroid_max_2500m,OpenStreetMap Overpass API
AIZ_LOC_043,Sartuinek,AIZ_10805,2309.57,nearest_centroid_max_2500m,OpenStreetMap Overpass API
AIZ_LOC_043,Sartuinek,AIZ_10806,2277.22,nearest_centroid_max_2500m,OpenStreetMap Overpass API
AIZ_LOC_043,Sartuinek,AIZ_10807,2353.98,nearest_centroid_max_2500m,OpenStreetMap Overpass API
AIZ_LOC_045,Thingpuikuol,AIZ_10823,2205.46,nearest_centroid_max_2500m,OpenStreetMap Overpass API
AIZ_LOC_045,Thingpuikuol,AIZ_10824,1791.36,nearest_centroid_max_2500m,OpenStreetMap Overpass API
AIZ_LOC_045,Thingpuikuol,AIZ_10825,1558.78,nearest_centroid_max_2500m,OpenStreetMap Overpass API
AIZ_LOC_042,Rovakot,AIZ_10832,1663.2,nearest_centroid_max_2500m,OpenStreetMap Overpass API
AIZ_LOC_042,Rovakot,AIZ_10833,1807.02,nearest_centroid_max_2500m,OpenStreetMap Overpass API
AIZ_LOC_042,Rovakot,AIZ_10834,2109.15,nearest_centroid_max_2500m,OpenStreetMap Overpass API
AIZ_LOC_042,Rovakot,AIZ_10835,2470.21,nearest_centroid_max_2500m,OpenStreetMap Overpass API
AIZ_LOC_017,Sipuikawn,AIZ_10837,2049.6,nearest_centroid_max_2500m,OpenStreetMap Overpass API
AIZ_LOC_017,Sipuikawn,AIZ_10838,1716.22,nearest_centroid_max_2500m,OpenStreetMap Overpass API
AIZ_LOC_017,Sipuikawn,AIZ_10839,1392.9,nearest_centroid_max_2500m,OpenStreetMap Overpass API
AIZ_LOC_017,Sipuikawn,AIZ_10840,1220.0,nearest_centroid_max_2500m,OpenStreetMap Overpass API
AIZ_LOC_017,Sipuikawn,AIZ_10841,1297.92,nearest_centroid_max_2500m,OpenStreetMap Overpass API
AIZ_LOC_028,Tipaimukh,AIZ_10842,1472.47,nearest_centroid_max_2500m,OpenStreetMap Overpass API
AIZ_LOC_028,Tipaimukh,AIZ_10843,1168.06,nearest_centroid_max_2500m,OpenStreetMap Overpass API
AIZ_LOC_043,Sartuinek,AIZ_10845,2267.41,nearest_centroid_max_2500m,OpenStreetMap Overpass API
AIZ_LOC_043,Sartuinek,AIZ_10846,1991.12,nearest_centroid_max_2500m,OpenStreetMap Overpass API
AIZ_LOC_043,Sartuinek,AIZ_10847,1819.78,nearest_centroid_max_2500m,OpenStreetMap Overpass API
AIZ_LOC_043,Sartuinek,AIZ_10848,1778.46,nearest_centroid_max_2500m,OpenStreetMap Overpass API
AIZ_LOC_043,Sartuinek,AIZ_10849,1875.79,nearest_centroid_max_2500m,OpenStreetMap Overpass API
AIZ_LOC_043,Sartuinek,AIZ_10850,2092.59,nearest_centroid_max_2500m,OpenStreetMap Overpass API
AIZ_LOC_043,Sartuinek,AIZ_10851,2396.5,nearest_centroid_max_2500m,OpenStreetMap Overpass API
AIZ_LOC_045,Thingpuikuol,AIZ_10865,2132.66,nearest_centroid_max_2500m,OpenStreetMap Overpass API
AIZ_LOC_045,Thingpuikuol,AIZ_10866,1825.4,nearest_centroid_max_2500m,OpenStreetMap Overpass API
AIZ_LOC_017,Sipuikawn,AIZ_10871,931.04,nearest_centroid_max_2500m,OpenStreetMap Overpass API
AIZ_LOC_017,Sipuikawn,AIZ_10872,1006.06,nearest_centroid_max_2500m,OpenStreetMap Overpass API
AIZ_LOC_017,Sipuikawn,AIZ_10873,1213.05,nearest_centroid_max_2500m,OpenStreetMap Overpass API
AIZ_LOC_043,Sartuinek,AIZ_10874,1926.14,nearest_centroid_max_2500m,OpenStreetMap Overpass API
AIZ_LOC_043,Sartuinek,AIZ_10875,1646.77,nearest_centroid_max_2500m,OpenStreetMap Overpass API
AIZ_LOC_043,Sartuinek,AIZ_10876,1363.01,nearest_centroid_max_2500m,OpenStreetMap Overpass API
AIZ_LOC_043,Sartuinek,AIZ_10877,1280.31,nearest_centroid_max_2500m,OpenStreetMap Overpass API
AIZ_LOC_043,Sartuinek,AIZ_10878,1412.4,nearest_centroid_max_2500m,OpenStreetMap Overpass API
AIZ_LOC_043,Sartuinek,AIZ_10879,1689.65,nearest_centroid_max_2500m,OpenStreetMap Overpass API
AIZ_LOC_043,Sartuinek,AIZ_10880,2054.08,nearest_centroid_max_2500m,OpenStreetMap Overpass API
AIZ_LOC_043,Sartuinek,AIZ_10881,2467.37,nearest_centroid_max_2500m,OpenStreetMap Overpass API
AIZ_LOC_043,Sartuinek,AIZ_10887,1002.7,nearest_centroid_max_2500m,OpenStreetMap Overpass API
AIZ_LOC_043,Sartuinek,AIZ_10888,812.96,nearest_centroid_max_2500m,OpenStreetMap Overpass API
AIZ_LOC_043,Sartuinek,AIZ_10889,984.71,nearest_centroid_max_2500m,OpenStreetMap Overpass API
AIZ_LOC_043,Sartuinek,AIZ_10890,1352.67,nearest_centroid_max_2500m,OpenStreetMap Overpass API
AIZ_LOC_043,Sartuinek,AIZ_10891,1787.2,nearest_centroid_max_2500m,OpenStreetMap Overpass API
AIZ_LOC_043,Sartuinek,AIZ_10892,2250.06,nearest_centroid_max_2500m,OpenStreetMap Overpass API
AIZ_LOC_043,Sartuinek,AIZ_10897,524.51,nearest_centroid_max_2500m,OpenStreetMap Overpass API
AIZ_LOC_043,Sartuinek,AIZ_10898,735.6,nearest_centroid_max_2500m,OpenStreetMap Overpass API
AIZ_LOC_043,Sartuinek,AIZ_10899,1163.95,nearest_centroid_max_2500m,OpenStreetMap Overpass API
AIZ_LOC_043,Sartuinek,AIZ_10900,1633.45,nearest_centroid_max_2500m,OpenStreetMap Overpass API
AIZ_LOC_043,Sartuinek,AIZ_10901,2123.24,nearest_centroid_max_2500m,OpenStreetMap Overpass API
AIZ_LOC_043,Sartuinek,AIZ_10905,1688.97,nearest_centroid_max_2500m,OpenStreetMap Overpass API
AIZ_LOC_043,Sartuinek,AIZ_10906,1994.77,nearest_centroid_max_2500m,OpenStreetMap Overpass API
